[debug] [2026-03-04T15:12:53.553Z] ----------------------------------------------------------------------
[debug] [2026-03-04T15:12:53.555Z] Command:       /opt/homebrew/Cellar/node/25.6.0/bin/node /Users/jonasyaich/.npm/_npx/ba4f1959e38407b5/node_modules/.bin/firebase deploy --only hosting
[debug] [2026-03-04T15:12:53.555Z] CLI Version:   15.8.0
[debug] [2026-03-04T15:12:53.555Z] Platform:      darwin
[debug] [2026-03-04T15:12:53.555Z] Node Version:  v25.6.0
[debug] [2026-03-04T15:12:53.555Z] Time:          Wed Mar 04 2026 16:12:53 GMT+0100 (Central European Standard Time)
[debug] [2026-03-04T15:12:53.555Z] ----------------------------------------------------------------------
[debug] 
[debug] [2026-03-04T15:12:54.625Z] > command requires scopes: ["email","openid","https://www.googleapis.com/auth/cloudplatformprojects.readonly","https://www.googleapis.com/auth/firebase","https://www.googleapis.com/auth/cloud-platform"]
[debug] [2026-03-04T15:12:54.626Z] > authorizing via signed-in user (jona223j@gmail.com)
[debug] [2026-03-04T15:12:54.626Z] [iam] checking project actualbackend-3b454 for permissions ["firebase.projects.get","firebasehosting.sites.update"]
[debug] [2026-03-04T15:12:54.627Z] Checked if tokens are valid: false, expires at: 1772637354274
[debug] [2026-03-04T15:12:54.627Z] Checked if tokens are valid: false, expires at: 1772637354274
[debug] [2026-03-04T15:12:54.627Z] > refreshing access token with scopes: []
[debug] [2026-03-04T15:12:54.628Z] >>> [apiv2][query] POST https://www.googleapis.com/oauth2/v3/token [none]
[debug] [2026-03-04T15:12:54.628Z] >>> [apiv2][body] POST https://www.googleapis.com/oauth2/v3/token [omitted]
[debug] [2026-03-04T15:12:54.846Z] <<< [apiv2][status] POST https://www.googleapis.com/oauth2/v3/token 200
[debug] [2026-03-04T15:12:54.846Z] <<< [apiv2][body] POST https://www.googleapis.com/oauth2/v3/token [omitted]
[debug] [2026-03-04T15:12:54.860Z] >>> [apiv2][query] POST https://cloudresourcemanager.googleapis.com/v1/projects/actualbackend-3b454:testIamPermissions [none]
[debug] [2026-03-04T15:12:54.860Z] >>> [apiv2][(partial)header] POST https://cloudresourcemanager.googleapis.com/v1/projects/actualbackend-3b454:testIamPermissions  x-goog-user-project=actualbackend-3b454
[debug] [2026-03-04T15:12:54.860Z] >>> [apiv2][body] POST https://cloudresourcemanager.googleapis.com/v1/projects/actualbackend-3b454:testIamPermissions {"permissions":["firebase.projects.get","firebasehosting.sites.update"]}
[debug] [2026-03-04T15:12:55.751Z] <<< [apiv2][status] POST https://cloudresourcemanager.googleapis.com/v1/projects/actualbackend-3b454:testIamPermissions 200
[debug] [2026-03-04T15:12:55.752Z] <<< [apiv2][body] POST https://cloudresourcemanager.googleapis.com/v1/projects/actualbackend-3b454:testIamPermissions {"permissions":["firebase.projects.get","firebasehosting.sites.update"]}
[debug] [2026-03-04T15:12:55.753Z] Checked if tokens are valid: true, expires at: 1772640773846
[debug] [2026-03-04T15:12:55.753Z] Checked if tokens are valid: true, expires at: 1772640773846
[debug] [2026-03-04T15:12:55.754Z] >>> [apiv2][query] GET https://firebase.googleapis.com/v1beta1/projects/actualbackend-3b454 [none]
[debug] [2026-03-04T15:12:56.184Z] <<< [apiv2][status] GET https://firebase.googleapis.com/v1beta1/projects/actualbackend-3b454 200
[debug] [2026-03-04T15:12:56.185Z] <<< [apiv2][body] GET https://firebase.googleapis.com/v1beta1/projects/actualbackend-3b454 {"projectId":"actualbackend-3b454","projectNumber":"491793307002","displayName":"actualbackend","name":"projects/actualbackend-3b454","resources":{"hostingSite":"actualbackend-3b454","realtimeDatabaseInstance":"actualbackend-3b454-default-rtdb"},"state":"ACTIVE","etag":"1_63b84acb-4b65-4cb2-9484-4807c31e764b"}
[info] 
[info] === Deploying to 'actualbackend-3b454'...
[info] 
[info] i  deploying hosting 
[debug] [2026-03-04T15:12:56.188Z] Checked if tokens are valid: true, expires at: 1772640773846
[debug] [2026-03-04T15:12:56.188Z] Checked if tokens are valid: true, expires at: 1772640773846
[debug] [2026-03-04T15:12:56.188Z] >>> [apiv2][query] POST https://firebasehosting.googleapis.com/v1beta1/projects/-/sites/actualbackend-3b454/versions [none]
[debug] [2026-03-04T15:12:56.188Z] >>> [apiv2][body] POST https://firebasehosting.googleapis.com/v1beta1/projects/-/sites/actualbackend-3b454/versions {"status":"CREATED","labels":{"deployment-tool":"cli-firebase"}}
[debug] [2026-03-04T15:12:58.542Z] <<< [apiv2][status] POST https://firebasehosting.googleapis.com/v1beta1/projects/-/sites/actualbackend-3b454/versions 200
[debug] [2026-03-04T15:12:58.542Z] <<< [apiv2][body] POST https://firebasehosting.googleapis.com/v1beta1/projects/-/sites/actualbackend-3b454/versions {"name":"projects/491793307002/sites/actualbackend-3b454/versions/ee1f5f23eb7f8331","status":"CREATED","config":{},"labels":{"deployment-tool":"cli-firebase"}}
[info] i  hosting[actualbackend-3b454]: beginning deploy... 
[info] i  hosting[actualbackend-3b454]: found 158 files in build 
[debug] [2026-03-04T15:12:58.571Z] [hosting] uploading with 200 concurrency
[debug] [2026-03-04T15:12:59.044Z] Checked if tokens are valid: true, expires at: 1772640773846
[debug] [2026-03-04T15:12:59.044Z] Checked if tokens are valid: true, expires at: 1772640773846
[debug] [2026-03-04T15:12:59.046Z] [hosting] hash cache [YnVpbGQ] stored for 158 files
[debug] [2026-03-04T15:12:59.046Z] [hosting][hash queue][FINAL] {"max":470,"min":19,"avg":39.075949367088604,"active":0,"complete":158,"success":158,"errored":0,"retried":0,"total":158,"elapsed":473}
[debug] [2026-03-04T15:12:59.046Z] >>> [apiv2][query] POST https://firebasehosting.googleapis.com/v1beta1/projects/491793307002/sites/actualbackend-3b454/versions/ee1f5f23eb7f8331:populateFiles [none]
[debug] [2026-03-04T15:12:59.046Z] >>> [apiv2][body] POST https://firebasehosting.googleapis.com/v1beta1/projects/491793307002/sites/actualbackend-3b454/versions/ee1f5f23eb7f8331:populateFiles {"files":{"/robots.txt":"391d14b3c2f8c9143a27a28c7399585142228d4d1bdbe2c87ac946de411fa9a2","/index.html":"3b00375b4f2464f6e64b85e71e0caea231cbc2c29e3bc906d3561e5e9a493df5","/manifest.json":"af4c60dfde4694552dbdd63592ddc540a3be2c5b5c4fca387ae80d45c3ce530e","/asset-manifest.json":"0475aaa9a09a7f5912d9d169ae0b138c134001aa6b9bc81aed34df4662c71ca8","/static/js/main.fb5c3802.js.LICENSE.txt":"1b4d627902473c9cc92dbcdb7c9e9e6747b03e557e7252c7443694cac34beadc","/static/js/996.0fea2cb8.chunk.js.LICENSE.txt":"15e2d48aa7cb934f45a93392e9882770f25beb22f98ac210b1eb942ff30a4917","/static/js/996.0fea2cb8.chunk.js":"f3e78d74b2f56483298885de02b135ef4d8a0bc63177a053efb7e5748529840c","/static/js/99.0341e4d8.chunk.js.LICENSE.txt":"26f01abe96e2f2c8007d52aa1a5d66293132cc4ff5196720586e069a1659c52f","/static/js/996.0fea2cb8.chunk.js.map":"c2cad5dcd24d7d36bdc6a9ca06e562a218f0558d91e821e72e44c7199b2102d3","/static/js/98.c1c7134a.chunk.js.LICENSE.txt":"15e2d48aa7cb934f45a93392e9882770f25beb22f98ac210b1eb942ff30a4917","/static/js/98.c1c7134a.chunk.js":"9391aa02f6f40d45ae2b78447cb4e104be0b678abc20e0dae25af055318bc5ec","/static/js/98.c1c7134a.chunk.js.map":"d1427166b09e7379107d669bbc4fa7a4f13a3e42ae792ddd00e0d732e363a653","/static/js/943.1590b78c.chunk.js.LICENSE.txt":"15e2d48aa7cb934f45a93392e9882770f25beb22f98ac210b1eb942ff30a4917","/static/js/943.1590b78c.chunk.js":"211536a4673704797c0c6403656541f6e061cd61945859fe33cd945b8493f0fa","/static/js/943.1590b78c.chunk.js.map":"7fe8cd18fecd5655ed1403517cf8832f6655ac18f89373250d662dc06731f241","/static/js/907.27deefa2.chunk.js":"b133f1d37b7f9d1ba0e2abecebafbde1dc70d73673b3ab5e47289814103c0754","/static/js/890.2ada8c02.chunk.js.LICENSE.txt":"00ef89c487faa38ca54c1241c5e06e148a24c3b4b3549007273a145957ad125e","/static/js/807.55103cac.chunk.js":"b8ee97cca7df26ad8995f13f9453f6bc2abe1c8460cc4b8b31f110b72d684881","/static/js/807.55103cac.chunk.js.map":"9d55b922ab71a1cfb05c4231f1cd7885543b8f7db74423855793bc409c6c9c17","/static/js/787.82a750a2.chunk.js.LICENSE.txt":"15e2d48aa7cb934f45a93392e9882770f25beb22f98ac210b1eb942ff30a4917","/static/js/787.82a750a2.chunk.js":"a4804bf00766fef9b8cf08494b1797a9f1c5347ead4d0e464ebaeb4629c47592","/static/js/787.82a750a2.chunk.js.map":"8d55470f539f4cb3a729fc57a74e9b9829644f373815a51d2ff72b646e31fa57","/static/js/726.63e0b181.chunk.js.map":"e77e883dd09c29424c2a5f20c45c648bb309b1b3ba149d6fa8d996e66874b2b9","/static/js/726.63e0b181.chunk.js":"aebc4e2fd6a9b07fb63ff97cce14e2beea06412612a4fffb4c3553e07fd4463e","/static/js/736.ba530f14.chunk.js":"f60edb9db2ade838ad2f202628fd6e2190091866268c2cc403070af289c2614c","/static/js/698.bbb08553.chunk.js.LICENSE.txt":"15e2d48aa7cb934f45a93392e9882770f25beb22f98ac210b1eb942ff30a4917","/static/js/688.454f7f32.chunk.js.map":"4e2178812c7d47a04d9359016c254ff1281c6895da880565c95bde11b05db010","/static/js/688.454f7f32.chunk.js":"e9382c633dd02d401be1f16d2c4208aba4123d6faed3a1caa3e1a5f6508c5240","/static/js/685.7d930c59.chunk.js":"4cdc2a0233e956b43037f67257aeb0d9181314be51cd6294a9763bf2b30c1f0d","/static/js/678.78a4a591.chunk.js.map":"16e64cc35b7ba59b15531be1cbae0460a5b4bd61a65a1a6fe8c8266357ca2aea","/static/js/678.78a4a591.chunk.js":"43c2a87a21d367d01ccb70147fe09f51a974fcb478aad9a5ae81065960a981d6","/static/js/642.4fd34104.chunk.js":"f1df37648885794e787a645944e1ca34652459fadad64fa33289132ed7a6fe57","/static/js/590.203f49d1.chunk.js.LICENSE.txt":"15e2d48aa7cb934f45a93392e9882770f25beb22f98ac210b1eb942ff30a4917","/static/js/590.203f49d1.chunk.js":"282767ce7ba25f0d8512440e2f41f3a103b720e6999e923dbd5527ce8c8ece78","/favicon.ico":"81b6fdb9e284828c8c0a50f0b6832dcbad8fbbeff9957e6821ad0ebb3c378bfe","/logo512.png":"64aabb146fe7b27bc6f1501e9770db37a3e76e15ae9714cc37953f6c41efc80a","/logo192.png":"4395bc4a7245fe22bfcbd5e44ed7fbb2b7e43d923da872b731c7411533a5f4d8","/static/js/907.27deefa2.chunk.js.map":"65fa72bdf01997b3d6ab44b53472750741a8a721586ce0c2d1004d8ce15ab6bf","/static/js/685.7d930c59.chunk.js.map":"fa6d17948044922d9e0869219ea46bc99e7c1d7187b000de6e50f67a0b978da9","/static/js/736.ba530f14.chunk.js.map":"29e035c401849c8504ccc3b1dc8a4e143dc8730023ead8475c6af777d9ff7082","/static/js/642.4fd34104.chunk.js.map":"b4907b4f8ea00239daaba0ef6b796b56dde179ca7d8d517b432362e19ed89517","/static/js/590.203f49d1.chunk.js.map":"ab10734e49a190d4bbc5467203ab5877d72a6a73b489371dc7e658a44197b4fd","/static/js/890.2ada8c02.chunk.js":"4e3c3f2bb1d0a65922fd75a63e0d56be590bfedb697b690aebf62a1f1f6bf8e4","/static/js/698.bbb08553.chunk.js":"c43b1cd776b0602a71e033c3e5b350f84b4ebb09af69452a809d8f1b8ded8dff","/static/js/564.b0c6fb88.chunk.js":"b141e4aa22c0e0b74ea78ff2a34f766db7265770fe6f2d20218847ae3f5e5f39","/static/js/553.4c9df158.chunk.js.LICENSE.txt":"15e2d48aa7cb934f45a93392e9882770f25beb22f98ac210b1eb942ff30a4917","/static/js/564.b0c6fb88.chunk.js.map":"1cf7c88c9f9f7280b64b786bfd4e0b20d399231d3c07cf4bdb5236850eecc380","/static/js/549.7be43e80.chunk.js":"af6a8d1d51ef8d859c006197d56ead4d557baf93d5d78a1e802cb9d2a72d0890","/static/js/495.2bc730e6.chunk.js.LICENSE.txt":"15e2d48aa7cb934f45a93392e9882770f25beb22f98ac210b1eb942ff30a4917","/static/js/495.2bc730e6.chunk.js":"252a8773a706c6fbce4016af2866202e72da1c317829405f71988ac45b0128ab","/static/js/495.2bc730e6.chunk.js.map":"dccddfe3de893110225091213e766315bcf6e7bbf72a92486e3a6b0b098d4139","/static/js/492.bf36c957.chunk.js.LICENSE.txt":"15e2d48aa7cb934f45a93392e9882770f25beb22f98ac210b1eb942ff30a4917","/static/js/492.bf36c957.chunk.js":"6b668e5541fdc5711b72a44303c1402a3cd26a170bbd7762b33a2e69b53c303f","/static/js/464.3c7fec9e.chunk.js.LICENSE.txt":"15e2d48aa7cb934f45a93392e9882770f25beb22f98ac210b1eb942ff30a4917","/static/js/492.bf36c957.chunk.js.map":"e059e30f998e634b4cff62f3938da4ade26bf1ee76991eb3f63a394fe6cb9b8a","/static/js/464.3c7fec9e.chunk.js":"0065d2b96a419d0229c7be7093cbaa3f0ed1a19ce0c28253a565dcf45f01339a","/static/js/464.3c7fec9e.chunk.js.map":"68716785616e25228a1f753fcfedfdf1648b673b18ac93cac1c62d50fda6a9f6","/static/js/453.d2cde605.chunk.js":"22998aacf99aaf14ad3e2bdb3fbb71f731aa7190c603cee85bc34b5892592175","/static/js/453.d2cde605.chunk.js.map":"25be544347546da4eb7fce5171d3bd11e9b11bb39224d62ccd8a1213e412ada0","/static/js/363.358258ae.chunk.js":"a237a90bedb99047bd05c0d413802f39d87fe86a78f54fa9ed09acb8e4524af3","/static/js/338.4dffaff2.chunk.js.LICENSE.txt":"15e2d48aa7cb934f45a93392e9882770f25beb22f98ac210b1eb942ff30a4917","/static/js/338.4dffaff2.chunk.js":"370c9ef4471cd982e3839afe2ee50bdfa8888e04bf59f4ed831af383954f65d6","/static/js/333.3218a2e8.chunk.js.LICENSE.txt":"15e2d48aa7cb934f45a93392e9882770f25beb22f98ac210b1eb942ff30a4917","/static/js/333.3218a2e8.chunk.js":"1526ef2f24d1b39e31ee544f9faa8887dfd9e0060cbed7d45cf53ebad1da1f85","/static/js/303.2b46552b.chunk.js.LICENSE.txt":"15e2d48aa7cb934f45a93392e9882770f25beb22f98ac210b1eb942ff30a4917","/static/js/303.2b46552b.chunk.js":"1aa37ba5a24ad1bf5edcd6b74f0f9180399448b0d2fdc8bf584b5c531d51280a","/static/js/303.2b46552b.chunk.js.map":"12d21caa59577b9a9bc6fd78932458e18b4a8f9700d74dee9f6f41047c0f901c","/static/js/296.37790df1.chunk.js.LICENSE.txt":"15e2d48aa7cb934f45a93392e9882770f25beb22f98ac210b1eb942ff30a4917","/static/js/296.37790df1.chunk.js":"885aa986c6a48ea4db03a059de9ad1203b5ef70899cec083128a8eb5e01d0ba9","/static/js/288.787bcd59.chunk.js.LICENSE.txt":"15e2d48aa7cb934f45a93392e9882770f25beb22f98ac210b1eb942ff30a4917","/static/js/296.37790df1.chunk.js.map":"c89b58e50efb9e4dc106177eed2657dc43f11a253ab9589422a3948d6aaab7bf","/static/js/553.4c9df158.chunk.js":"09fcb3f914e89cacc55fed975f4ea509ec1dd00d103fbe013bcbbd76174921b9","/static/js/269.05944dcc.chunk.js":"fd5ca4ec8794ad322c5cf31a7f3863f179197d2709b830542833db799db7c73d","/static/js/549.7be43e80.chunk.js.map":"cb938089b5581cf3a56d33cef95f029d0d1a279dd493c36760ca274e509afe4d","/static/js/265.e09344b3.chunk.js.map":"8539842c29ddc40086137b813f3496723ceb75cf9fe546f6bc9e4f1cff605590","/static/js/265.e09344b3.chunk.js.LICENSE.txt":"15e2d48aa7cb934f45a93392e9882770f25beb22f98ac210b1eb942ff30a4917","/static/js/333.3218a2e8.chunk.js.map":"4a4c699fffded725e7eae4aeb479d57ace2b53113ef979fa27057f1d3f4423f9","/static/js/363.358258ae.chunk.js.map":"403fa9dd74d0fd8d8b760cfebb0bd2091c92d9ab11ef102d06c1e7a04addfcce","/static/js/99.0341e4d8.chunk.js":"e2c837973c4a214d13e75ba42c4e25df358416277648f0df6a3a37b1db5fd831","/static/js/338.4dffaff2.chunk.js.map":"b5ee6f86632eca7401f830cb6b068f34da6ed3f59c6f9eb45f0707c72901d256","/static/js/288.787bcd59.chunk.js":"708ddd693316f923133717294f2eba452ec3d7fd47498770fbe886a3a3c5c345","/static/js/265.e09344b3.chunk.js":"e02a62400d84db75b8f9543b443b90d54e22d715f6dba6a030a9bbe225a7d255","/static/js/263.1c93bf92.chunk.js":"3a9809c5f11135edd7a224901191a964fe98bbae51157e32b29796f310e616d8","/static/js/233.1690ba19.chunk.js.map":"6c23ab8d1db1dde7b4c7448180318524c4423e1fe29fed057d95090cec3ae42f","/static/js/233.1690ba19.chunk.js":"1ffc32abae04ba3a7422ffc5a5d64304681320cf04247910e367e340a5721e76","/static/js/150.51ee49a7.chunk.js.map":"632aa4d6f2bc7a98ce2c6a2a85f357500f2f4c28c198459562e3685f466064a8","/static/js/150.51ee49a7.chunk.js.LICENSE.txt":"15e2d48aa7cb934f45a93392e9882770f25beb22f98ac210b1eb942ff30a4917","/static/js/150.51ee49a7.chunk.js":"e1ba92c43a35fb8904db3d78eae1b53c5e02b81718b7a20450d8551056ff98a9","/static/js/125.40b31da6.chunk.js.map":"87bd762252347156b7cabc093e502933cce328e30e9d8850e61ef4bb281a3160","/static/js/269.05944dcc.chunk.js.map":"5c40435c6e89cc65ded04ca2479103207f58db9e62b677c45ac1e46d307c7b62","/static/js/111.b2b96088.chunk.js.LICENSE.txt":"15e2d48aa7cb934f45a93392e9882770f25beb22f98ac210b1eb942ff30a4917","/static/js/125.40b31da6.chunk.js":"f6c5ab37adafcf301adde38845de1cc288d72eb4f349f3ad4ccfa1bc57d801f5","/static/css/996.0abfc4c7.chunk.css.map":"7df8ac8b935c3e83222da672129ff3d18187bab04e36fff37d33e23137b20d1d","/static/css/996.0abfc4c7.chunk.css":"61a535217995f6e3058e430b0ec92f12d34bc273144a788ed21f64d061a32f3b","/static/css/943.48d1088b.chunk.css.map":"42df84968151b5655bbab7b7cf2d021be436f3bb6b16f87d9a50c73e10d72860","/static/css/943.48d1088b.chunk.css":"c86341e6a1529bae35e07bc831d79deb97e59716016509920b013c555335fa8d","/static/css/807.b41774b7.chunk.css.map":"c7bbdbef98a2e4a994c9ea5ad07a32b0f6680f6f4c833cb670a6f695a48b8e8a","/static/css/807.b41774b7.chunk.css":"aa6eb10312eb8d448e90970c9847948665dba57822c888ade78f04a858eef280","/static/css/736.28ba2c84.chunk.css.map":"76fb679ee114d45f023dfc5f0f2361429ba23b741b3d0d67f61fca7c1ae3ba7d","/static/css/736.28ba2c84.chunk.css":"23f616354b50d20babf3647be146ad4c2ee92a0a4082b95addbe7a09ccd779aa","/static/css/688.30ef763c.chunk.css.map":"d42cc03fe01d12f302ca3329a7e8b9ed6f60d33fe1cf99bc5cedd3c442369af5","/static/css/688.30ef763c.chunk.css":"cb05c1668fb6ff27b5ab7ac4a4791c19a5a74bd2b6cd6640bc461ad2d8350f87","/static/css/685.2e672648.chunk.css.map":"e0e3934d644ff120649c4a93efcaa64792f257f9620a109ccdfb96c55ac87635","/static/css/685.2e672648.chunk.css":"b3d841ee1c7fc4411398566dff84901bf43ace942b86046157d562ff7a269415","/static/css/590.56fce157.chunk.css":"7676083a483b4a8b7c0d9ed55b52daec5c2bbe897b6c908a538706891176caa0","/static/css/590.56fce157.chunk.css.map":"1e6b6f93df1c03c289117833cc86283f8109478eda37e0269e90ed8ce573e621","/static/css/564.cb854582.chunk.css":"d0316b2939f987291fa08c8f8193e0751809595fecf879be43de86953d144027","/static/css/564.cb854582.chunk.css.map":"60ded699ec67863b8b6b8c0fed2b4fd86ecf39599e42fd68bbb7c9a581e58c86","/static/css/338.44779294.chunk.css.map":"40e7ce3af3686e49edcba9624eeb3efdfb871a36380b536f5916d04c280eb0a8","/static/css/338.44779294.chunk.css":"571552f44d0b1d5044e56175cb439f180d1863aea719697f8cee114ac775ad60","/static/css/333.8acaa905.chunk.css.map":"d9166296d53c86e125a4087695589b268d13ca2a6f86a3310e1f1a07d36e054b","/static/css/333.8acaa905.chunk.css":"0df91d8cf13fdb6c79be5c0e8f8f9dfe7badccfdad72600c0ae33d7f8a9d34d5","/static/css/main.b5ea5b8a.css.map":"56f3794feba9202cb26b128567e826e4d386beef86f5d5fc8a131f95e573ae36","/static/css/296.28eb687f.chunk.css.map":"916309e9b2d757092eeb271ae9177740c8b8b15395b98c8c4b1b0e301f47543b","/static/css/296.28eb687f.chunk.css":"ca8acb34c71be13f0fffa9c46917c393d013241e7930e545b449f826d463bf91","/static/css/288.6f2d9f40.chunk.css.map":"541b9d46f94bb36d00691395e1a344712b013ddfff12b0d696cff4a0c08d5715","/static/js/263.1c93bf92.chunk.js.map":"7b9b0eb9fd2b9dbf7293ce33bf533c283247da7a70744bd145c302d7901917d2","/static/js/111.b2b96088.chunk.js":"9b194a3112ba58bd0fbd2ee43945a5e5d67b3fc36873b5af3a9dff5d9dbe87b0","/static/css/288.6f2d9f40.chunk.css":"db51a1d5246cc0bef62483781db0be1dcb489d50556288e2e0bedd4aeb0a90a0","/static/css/269.76bad261.chunk.css.map":"b921982c9a5d599d58ff63d68e5223206251a71fe046258c3acf09913a120567","/static/css/269.76bad261.chunk.css":"4dc4f158aeb3538928157e8edd6a7dcf21222eac7670a002088f439da691298a","/static/css/265.e8b3f508.chunk.css.map":"68194589a678163c42cbf597f86e18754502489a3196b94a25b3d40a5426be40","/static/css/265.e8b3f508.chunk.css":"38309be7a909d0a52993dcf275c9cd8c9f3c4e6c57885414b2f1fe15b2a25f0d","/static/css/main.b5ea5b8a.css":"9d5b0daebe1eb1ea4c78796095a7ba296ee0a0155721bcafb145ce6358c12c5a","/static/css/130.392a2e2d.chunk.css":"59fa56e1e977bf04953b60ee51dca942e3d4daa4f52ada88ad7964f465677df0","/static/css/127.5025c5e8.chunk.css":"c18485914c2d084292d8ce20f091dbcde78c37398030b9dfd2fa46f8daceb0b4","/static/css/130.392a2e2d.chunk.css.map":"badac6b25807f9889883c3ec90dedd3544634f6deb6b9c2866a19677c12929e4","/static/css/125.ffd2608f.chunk.css.map":"80350cbe09289026feffd177f1c2a6e8151efeaa6d494afdcc927975fc78328d","/static/css/125.ffd2608f.chunk.css":"5d5a8145595e927dd9f40a11e9893f7e4d7fa9891e47954c5a4f9c8f3abfc1d7","/hero-5/unnamed.jpg":"d0d5f07f3c7d421eb939d435e0d69c82352541204b0d7fc6fb9718404767fccd","/hero-5/apple-pay-logo-coopbank.webp":"2307d345345dcd54aef47e5eb63a1296f3c913d842bdbc663601546be8cc6428","/hero-5/Visa_Grey.avif":"c08fef8c80a87eca21fef3b2260d835ed8085303e2ab5132f64090ead128b8d7","/hero-5/Mastercard_2019_logo.svg":"383ef9f8a933f72f1a5fc35b7ab4a2f18ae974156d78794038b32fb6afdbebd4","/static/css/127.5025c5e8.chunk.css.map":"ffeb2055675c65ae614ea7075a1ad8f5255902e7436ef949b453e50c1f0804eb","/static/js/288.787bcd59.chunk.js.map":"39e4b70e0df3ac2cb2b55f4d875bd0c194094eee378cce65d977028ccd0813c3","/static/js/553.4c9df158.chunk.js.map":"c83fdb95faae53ebef419914ee9e2040dd46379fec872adef14c7c37a563c260","/hero-5/unnamed.webp":"053d2c1e8ff29c8f5f3c630136e4e1776a8c2231334a4b79912c25168e65031e","/hero-5/selma-logo-final.jpg":"1b9989229fde27bce3f5dcfabfeb08f0f15657b56812e1c8d7ea2ef3fb5639b3","/hero-5/physio-picture.jpg":"2d1249adc33d7929226cca9173fe87ac56487edc734806e3f51a246a37be8220","/static/js/111.b2b96088.chunk.js.map":"0f03848bd602093e6f5b87ba03c2c7588cab6fb8e25c8b38596e629871113571","/hero-5/MobilePay-1200x627.jpg":"e6dd51a6112a09aa33e67a27d1a3b6fbac19bdd3c2eeba7113497e80bcc04075","/static/js/698.bbb08553.chunk.js.map":"26d3c714101de04ed7438a1e8eb17ac8f685856dbde7b4027a68aa8f066092e2","/hero-5/booking-hjemmeside.jpg":"a4de6fcd8b833421127bffe75ef3972653659c8e380a275156ce32e27d90fb26","/hero-5/insta-profil.jpg":"b4883fc86225c184d1c7936dc16f46dfd55784845a34862e9f1e97ed896964c9","/static/js/890.2ada8c02.chunk.js.map":"dba798692a7038d67fc69576b2cd5c4e5a870de72c325a074f144b16872e7467","/static/js/99.0341e4d8.chunk.js.map":"1dea4cf2a5b7d167bb3b8e140be7cbca67d61342e8fa00999c74ece546473efc","/static/js/main.fb5c3802.js":"c1d589de0b463cc87f2d2aa5ae8c7dc3e2a8de83e065e3d167105dd2b16af258","/hero-4/clinic-overview.png":"fc15885d0428a8a30ba6d317056de0869d40b2b5668dac7a938cef266556d5b0","/hero-6/screen-3.png":"9a0551e4dd92e4a95ba99826a333237b3c3bb22e9247900418cc4f6e1127e2d0","/hero-4/calendar-week.png":"0343644df56057efa8951e2aae430cc7ae969cf41e7343495f942765ee07cef7","/hero-6/screen-6.png":"781f334972758d31c6e6302874f1b7bb05a19af54fb42a304c75dfabb2ab51e6","/hero-6/screen-1.png":"676f001bddfd837bcb4c29adc8a802ddce3a583c0efd0e2a66db6d8e7a50315f","/hero-6/screen-5.png":"84514542bc84a327691323d2dc95cafe3187ff8ee6e56e5bae94a09877878b6d","/hero-6/screen-4.png":"b0b0ddba66f251afc1a5e9873fb7dffcaf62766838da676d14ed764740ebeb70","/hero-6/screen-2.png":"6608d3035ed5f3ebe891a5822e31ed21d6d24ae9281914e371fed782e746d111","/assets/selmalogo.png":"a9d6a9f8fcb32340c9e0cc23f9a76b0010fe85cdd7ddd81d732aa11e5e66c15d","/hero-2/pexels-yankrukov-5793904.jpg":"ee985c25810015e60c1924102c304a7fc965152bd96cbe18883e3d84eb6d37f3","/static/js/main.fb5c3802.js.map":"80944c373e2ddedf6bd18b8145580c0863878540f7af35a22f1d0339237ebe1c"}}
[info] i  hosting: adding files to version [0/158] (0%) 
[debug] [2026-03-04T15:13:00.642Z] <<< [apiv2][status] POST https://firebasehosting.googleapis.com/v1beta1/projects/491793307002/sites/actualbackend-3b454/versions/ee1f5f23eb7f8331:populateFiles 200
[debug] [2026-03-04T15:13:00.643Z] <<< [apiv2][body] POST https://firebasehosting.googleapis.com/v1beta1/projects/491793307002/sites/actualbackend-3b454/versions/ee1f5f23eb7f8331:populateFiles {"uploadRequiredHashes":["26d3c714101de04ed7438a1e8eb17ac8f685856dbde7b4027a68aa8f066092e2","80944c373e2ddedf6bd18b8145580c0863878540f7af35a22f1d0339237ebe1c","1cf7c88c9f9f7280b64b786bfd4e0b20d399231d3c07cf4bdb5236850eecc380","c2cad5dcd24d7d36bdc6a9ca06e562a218f0558d91e821e72e44c7199b2102d3","0475aaa9a09a7f5912d9d169ae0b138c134001aa6b9bc81aed34df4662c71ca8","56f3794feba9202cb26b128567e826e4d386beef86f5d5fc8a131f95e573ae36","7b9b0eb9fd2b9dbf7293ce33bf533c283247da7a70744bd145c302d7901917d2","b5ee6f86632eca7401f830cb6b068f34da6ed3f59c6f9eb45f0707c72901d256","f3e78d74b2f56483298885de02b135ef4d8a0bc63177a053efb7e5748529840c","370c9ef4471cd982e3839afe2ee50bdfa8888e04bf59f4ed831af383954f65d6","af6a8d1d51ef8d859c006197d56ead4d557baf93d5d78a1e802cb9d2a72d0890","c1d589de0b463cc87f2d2aa5ae8c7dc3e2a8de83e065e3d167105dd2b16af258","3b00375b4f2464f6e64b85e71e0caea231cbc2c29e3bc906d3561e5e9a493df5","c43b1cd776b0602a71e033c3e5b350f84b4ebb09af69452a809d8f1b8ded8dff","b141e4aa22c0e0b74ea78ff2a34f766db7265770fe6f2d20218847ae3f5e5f39","3a9809c5f11135edd7a224901191a964fe98bbae51157e32b29796f310e616d8","9d5b0daebe1eb1ea4c78796095a7ba296ee0a0155721bcafb145ce6358c12c5a","cb938089b5581cf3a56d33cef95f029d0d1a279dd493c36760ca274e509afe4d"],"uploadUrl":"https://upload-firebasehosting.googleapis.com/upload/sites/actualbackend-3b454/versions/ee1f5f23eb7f8331/files"}
[debug] [2026-03-04T15:13:00.645Z] Checked if tokens are valid: true, expires at: 1772640773846
[debug] [2026-03-04T15:13:00.645Z] Checked if tokens are valid: true, expires at: 1772640773846
[debug] [2026-03-04T15:13:00.646Z] Checked if tokens are valid: true, expires at: 1772640773846
[debug] [2026-03-04T15:13:00.646Z] Checked if tokens are valid: true, expires at: 1772640773846
[debug] [2026-03-04T15:13:00.646Z] Checked if tokens are valid: true, expires at: 1772640773846
[debug] [2026-03-04T15:13:00.647Z] Checked if tokens are valid: true, expires at: 1772640773846
[debug] [2026-03-04T15:13:00.647Z] Checked if tokens are valid: true, expires at: 1772640773846
[debug] [2026-03-04T15:13:00.647Z] Checked if tokens are valid: true, expires at: 1772640773846
[debug] [2026-03-04T15:13:00.647Z] Checked if tokens are valid: true, expires at: 1772640773846
[debug] [2026-03-04T15:13:00.647Z] Checked if tokens are valid: true, expires at: 1772640773846
[debug] [2026-03-04T15:13:00.647Z] Checked if tokens are valid: true, expires at: 1772640773846
[debug] [2026-03-04T15:13:00.647Z] Checked if tokens are valid: true, expires at: 1772640773846
[debug] [2026-03-04T15:13:00.647Z] Checked if tokens are valid: true, expires at: 1772640773846
[debug] [2026-03-04T15:13:00.647Z] Checked if tokens are valid: true, expires at: 1772640773846
[debug] [2026-03-04T15:13:00.648Z] Checked if tokens are valid: true, expires at: 1772640773846
[debug] [2026-03-04T15:13:00.648Z] Checked if tokens are valid: true, expires at: 1772640773846
[debug] [2026-03-04T15:13:00.648Z] Checked if tokens are valid: true, expires at: 1772640773846
[debug] [2026-03-04T15:13:00.648Z] Checked if tokens are valid: true, expires at: 1772640773846
[debug] [2026-03-04T15:13:00.648Z] Checked if tokens are valid: true, expires at: 1772640773846
[debug] [2026-03-04T15:13:00.649Z] Checked if tokens are valid: true, expires at: 1772640773846
[debug] [2026-03-04T15:13:00.649Z] Checked if tokens are valid: true, expires at: 1772640773846
[debug] [2026-03-04T15:13:00.649Z] Checked if tokens are valid: true, expires at: 1772640773846
[debug] [2026-03-04T15:13:00.649Z] Checked if tokens are valid: true, expires at: 1772640773846
[debug] [2026-03-04T15:13:00.649Z] Checked if tokens are valid: true, expires at: 1772640773846
[debug] [2026-03-04T15:13:00.650Z] Checked if tokens are valid: true, expires at: 1772640773846
[debug] [2026-03-04T15:13:00.650Z] Checked if tokens are valid: true, expires at: 1772640773846
[debug] [2026-03-04T15:13:00.651Z] Checked if tokens are valid: true, expires at: 1772640773846
[debug] [2026-03-04T15:13:00.651Z] Checked if tokens are valid: true, expires at: 1772640773846
[debug] [2026-03-04T15:13:00.651Z] Checked if tokens are valid: true, expires at: 1772640773846
[debug] [2026-03-04T15:13:00.652Z] Checked if tokens are valid: true, expires at: 1772640773846
[debug] [2026-03-04T15:13:00.652Z] Checked if tokens are valid: true, expires at: 1772640773846
[debug] [2026-03-04T15:13:00.652Z] Checked if tokens are valid: true, expires at: 1772640773846
[debug] [2026-03-04T15:13:00.652Z] Checked if tokens are valid: true, expires at: 1772640773846
[debug] [2026-03-04T15:13:00.652Z] Checked if tokens are valid: true, expires at: 1772640773846
[debug] [2026-03-04T15:13:00.653Z] Checked if tokens are valid: true, expires at: 1772640773846
[debug] [2026-03-04T15:13:00.653Z] Checked if tokens are valid: true, expires at: 1772640773846
[debug] [2026-03-04T15:13:00.653Z] >>> [apiv2][query] POST https://upload-firebasehosting.googleapis.com/upload/sites/actualbackend-3b454/versions/ee1f5f23eb7f8331/files/26d3c714101de04ed7438a1e8eb17ac8f685856dbde7b4027a68aa8f066092e2 [none]
[debug] [2026-03-04T15:13:00.653Z] >>> [apiv2][body] POST https://upload-firebasehosting.googleapis.com/upload/sites/actualbackend-3b454/versions/ee1f5f23eb7f8331/files/26d3c714101de04ed7438a1e8eb17ac8f685856dbde7b4027a68aa8f066092e2 [stream]
[debug] [2026-03-04T15:13:00.655Z] >>> [apiv2][query] POST https://upload-firebasehosting.googleapis.com/upload/sites/actualbackend-3b454/versions/ee1f5f23eb7f8331/files/80944c373e2ddedf6bd18b8145580c0863878540f7af35a22f1d0339237ebe1c [none]
[debug] [2026-03-04T15:13:00.655Z] >>> [apiv2][body] POST https://upload-firebasehosting.googleapis.com/upload/sites/actualbackend-3b454/versions/ee1f5f23eb7f8331/files/80944c373e2ddedf6bd18b8145580c0863878540f7af35a22f1d0339237ebe1c [stream]
[debug] [2026-03-04T15:13:00.656Z] >>> [apiv2][query] POST https://upload-firebasehosting.googleapis.com/upload/sites/actualbackend-3b454/versions/ee1f5f23eb7f8331/files/1cf7c88c9f9f7280b64b786bfd4e0b20d399231d3c07cf4bdb5236850eecc380 [none]
[debug] [2026-03-04T15:13:00.657Z] >>> [apiv2][body] POST https://upload-firebasehosting.googleapis.com/upload/sites/actualbackend-3b454/versions/ee1f5f23eb7f8331/files/1cf7c88c9f9f7280b64b786bfd4e0b20d399231d3c07cf4bdb5236850eecc380 [stream]
[debug] [2026-03-04T15:13:00.658Z] >>> [apiv2][query] POST https://upload-firebasehosting.googleapis.com/upload/sites/actualbackend-3b454/versions/ee1f5f23eb7f8331/files/c2cad5dcd24d7d36bdc6a9ca06e562a218f0558d91e821e72e44c7199b2102d3 [none]
[debug] [2026-03-04T15:13:00.658Z] >>> [apiv2][body] POST https://upload-firebasehosting.googleapis.com/upload/sites/actualbackend-3b454/versions/ee1f5f23eb7f8331/files/c2cad5dcd24d7d36bdc6a9ca06e562a218f0558d91e821e72e44c7199b2102d3 [stream]
[debug] [2026-03-04T15:13:00.659Z] >>> [apiv2][query] POST https://upload-firebasehosting.googleapis.com/upload/sites/actualbackend-3b454/versions/ee1f5f23eb7f8331/files/0475aaa9a09a7f5912d9d169ae0b138c134001aa6b9bc81aed34df4662c71ca8 [none]
[debug] [2026-03-04T15:13:00.659Z] >>> [apiv2][body] POST https://upload-firebasehosting.googleapis.com/upload/sites/actualbackend-3b454/versions/ee1f5f23eb7f8331/files/0475aaa9a09a7f5912d9d169ae0b138c134001aa6b9bc81aed34df4662c71ca8 [stream]
[debug] [2026-03-04T15:13:00.660Z] >>> [apiv2][query] POST https://upload-firebasehosting.googleapis.com/upload/sites/actualbackend-3b454/versions/ee1f5f23eb7f8331/files/56f3794feba9202cb26b128567e826e4d386beef86f5d5fc8a131f95e573ae36 [none]
[debug] [2026-03-04T15:13:00.660Z] >>> [apiv2][body] POST https://upload-firebasehosting.googleapis.com/upload/sites/actualbackend-3b454/versions/ee1f5f23eb7f8331/files/56f3794feba9202cb26b128567e826e4d386beef86f5d5fc8a131f95e573ae36 [stream]
[debug] [2026-03-04T15:13:00.661Z] >>> [apiv2][query] POST https://upload-firebasehosting.googleapis.com/upload/sites/actualbackend-3b454/versions/ee1f5f23eb7f8331/files/7b9b0eb9fd2b9dbf7293ce33bf533c283247da7a70744bd145c302d7901917d2 [none]
[debug] [2026-03-04T15:13:00.661Z] >>> [apiv2][body] POST https://upload-firebasehosting.googleapis.com/upload/sites/actualbackend-3b454/versions/ee1f5f23eb7f8331/files/7b9b0eb9fd2b9dbf7293ce33bf533c283247da7a70744bd145c302d7901917d2 [stream]
[debug] [2026-03-04T15:13:00.662Z] >>> [apiv2][query] POST https://upload-firebasehosting.googleapis.com/upload/sites/actualbackend-3b454/versions/ee1f5f23eb7f8331/files/b5ee6f86632eca7401f830cb6b068f34da6ed3f59c6f9eb45f0707c72901d256 [none]
[debug] [2026-03-04T15:13:00.662Z] >>> [apiv2][body] POST https://upload-firebasehosting.googleapis.com/upload/sites/actualbackend-3b454/versions/ee1f5f23eb7f8331/files/b5ee6f86632eca7401f830cb6b068f34da6ed3f59c6f9eb45f0707c72901d256 [stream]
[debug] [2026-03-04T15:13:00.663Z] >>> [apiv2][query] POST https://upload-firebasehosting.googleapis.com/upload/sites/actualbackend-3b454/versions/ee1f5f23eb7f8331/files/f3e78d74b2f56483298885de02b135ef4d8a0bc63177a053efb7e5748529840c [none]
[debug] [2026-03-04T15:13:00.663Z] >>> [apiv2][body] POST https://upload-firebasehosting.googleapis.com/upload/sites/actualbackend-3b454/versions/ee1f5f23eb7f8331/files/f3e78d74b2f56483298885de02b135ef4d8a0bc63177a053efb7e5748529840c [stream]
[debug] [2026-03-04T15:13:00.664Z] >>> [apiv2][query] POST https://upload-firebasehosting.googleapis.com/upload/sites/actualbackend-3b454/versions/ee1f5f23eb7f8331/files/370c9ef4471cd982e3839afe2ee50bdfa8888e04bf59f4ed831af383954f65d6 [none]
[debug] [2026-03-04T15:13:00.664Z] >>> [apiv2][body] POST https://upload-firebasehosting.googleapis.com/upload/sites/actualbackend-3b454/versions/ee1f5f23eb7f8331/files/370c9ef4471cd982e3839afe2ee50bdfa8888e04bf59f4ed831af383954f65d6 [stream]
[debug] [2026-03-04T15:13:00.664Z] >>> [apiv2][query] POST https://upload-firebasehosting.googleapis.com/upload/sites/actualbackend-3b454/versions/ee1f5f23eb7f8331/files/af6a8d1d51ef8d859c006197d56ead4d557baf93d5d78a1e802cb9d2a72d0890 [none]
[debug] [2026-03-04T15:13:00.664Z] >>> [apiv2][body] POST https://upload-firebasehosting.googleapis.com/upload/sites/actualbackend-3b454/versions/ee1f5f23eb7f8331/files/af6a8d1d51ef8d859c006197d56ead4d557baf93d5d78a1e802cb9d2a72d0890 [stream]
[debug] [2026-03-04T15:13:00.665Z] >>> [apiv2][query] POST https://upload-firebasehosting.googleapis.com/upload/sites/actualbackend-3b454/versions/ee1f5f23eb7f8331/files/c1d589de0b463cc87f2d2aa5ae8c7dc3e2a8de83e065e3d167105dd2b16af258 [none]
[debug] [2026-03-04T15:13:00.665Z] >>> [apiv2][body] POST https://upload-firebasehosting.googleapis.com/upload/sites/actualbackend-3b454/versions/ee1f5f23eb7f8331/files/c1d589de0b463cc87f2d2aa5ae8c7dc3e2a8de83e065e3d167105dd2b16af258 [stream]
[debug] [2026-03-04T15:13:00.666Z] >>> [apiv2][query] POST https://upload-firebasehosting.googleapis.com/upload/sites/actualbackend-3b454/versions/ee1f5f23eb7f8331/files/3b00375b4f2464f6e64b85e71e0caea231cbc2c29e3bc906d3561e5e9a493df5 [none]
[debug] [2026-03-04T15:13:00.666Z] >>> [apiv2][body] POST https://upload-firebasehosting.googleapis.com/upload/sites/actualbackend-3b454/versions/ee1f5f23eb7f8331/files/3b00375b4f2464f6e64b85e71e0caea231cbc2c29e3bc906d3561e5e9a493df5 [stream]
[debug] [2026-03-04T15:13:00.667Z] >>> [apiv2][query] POST https://upload-firebasehosting.googleapis.com/upload/sites/actualbackend-3b454/versions/ee1f5f23eb7f8331/files/c43b1cd776b0602a71e033c3e5b350f84b4ebb09af69452a809d8f1b8ded8dff [none]
[debug] [2026-03-04T15:13:00.667Z] >>> [apiv2][body] POST https://upload-firebasehosting.googleapis.com/upload/sites/actualbackend-3b454/versions/ee1f5f23eb7f8331/files/c43b1cd776b0602a71e033c3e5b350f84b4ebb09af69452a809d8f1b8ded8dff [stream]
[debug] [2026-03-04T15:13:00.668Z] >>> [apiv2][query] POST https://upload-firebasehosting.googleapis.com/upload/sites/actualbackend-3b454/versions/ee1f5f23eb7f8331/files/b141e4aa22c0e0b74ea78ff2a34f766db7265770fe6f2d20218847ae3f5e5f39 [none]
[debug] [2026-03-04T15:13:00.668Z] >>> [apiv2][body] POST https://upload-firebasehosting.googleapis.com/upload/sites/actualbackend-3b454/versions/ee1f5f23eb7f8331/files/b141e4aa22c0e0b74ea78ff2a34f766db7265770fe6f2d20218847ae3f5e5f39 [stream]
[debug] [2026-03-04T15:13:00.669Z] >>> [apiv2][query] POST https://upload-firebasehosting.googleapis.com/upload/sites/actualbackend-3b454/versions/ee1f5f23eb7f8331/files/3a9809c5f11135edd7a224901191a964fe98bbae51157e32b29796f310e616d8 [none]
[debug] [2026-03-04T15:13:00.669Z] >>> [apiv2][body] POST https://upload-firebasehosting.googleapis.com/upload/sites/actualbackend-3b454/versions/ee1f5f23eb7f8331/files/3a9809c5f11135edd7a224901191a964fe98bbae51157e32b29796f310e616d8 [stream]
[debug] [2026-03-04T15:13:00.670Z] >>> [apiv2][query] POST https://upload-firebasehosting.googleapis.com/upload/sites/actualbackend-3b454/versions/ee1f5f23eb7f8331/files/9d5b0daebe1eb1ea4c78796095a7ba296ee0a0155721bcafb145ce6358c12c5a [none]
[debug] [2026-03-04T15:13:00.671Z] >>> [apiv2][body] POST https://upload-firebasehosting.googleapis.com/upload/sites/actualbackend-3b454/versions/ee1f5f23eb7f8331/files/9d5b0daebe1eb1ea4c78796095a7ba296ee0a0155721bcafb145ce6358c12c5a [stream]
[debug] [2026-03-04T15:13:00.671Z] >>> [apiv2][query] POST https://upload-firebasehosting.googleapis.com/upload/sites/actualbackend-3b454/versions/ee1f5f23eb7f8331/files/cb938089b5581cf3a56d33cef95f029d0d1a279dd493c36760ca274e509afe4d [none]
[debug] [2026-03-04T15:13:00.671Z] >>> [apiv2][body] POST https://upload-firebasehosting.googleapis.com/upload/sites/actualbackend-3b454/versions/ee1f5f23eb7f8331/files/cb938089b5581cf3a56d33cef95f029d0d1a279dd493c36760ca274e509afe4d [stream]
[debug] [2026-03-04T15:13:00.679Z] [hosting][populate queue][FINAL] {"max":1609,"min":1609,"avg":1609,"active":0,"complete":1,"success":1,"errored":0,"retried":0,"total":1,"elapsed":1635}
[debug] [2026-03-04T15:13:00.679Z] [hosting] uploads queued: 18
[debug] [2026-03-04T15:13:01.736Z] <<< [apiv2][status] POST https://upload-firebasehosting.googleapis.com/upload/sites/actualbackend-3b454/versions/ee1f5f23eb7f8331/files/370c9ef4471cd982e3839afe2ee50bdfa8888e04bf59f4ed831af383954f65d6 200
[debug] [2026-03-04T15:13:01.736Z] <<< [apiv2][body] POST https://upload-firebasehosting.googleapis.com/upload/sites/actualbackend-3b454/versions/ee1f5f23eb7f8331/files/370c9ef4471cd982e3839afe2ee50bdfa8888e04bf59f4ed831af383954f65d6 [stream]
[debug] [2026-03-04T15:13:01.741Z] <<< [apiv2][status] POST https://upload-firebasehosting.googleapis.com/upload/sites/actualbackend-3b454/versions/ee1f5f23eb7f8331/files/0475aaa9a09a7f5912d9d169ae0b138c134001aa6b9bc81aed34df4662c71ca8 200
[debug] [2026-03-04T15:13:01.741Z] <<< [apiv2][body] POST https://upload-firebasehosting.googleapis.com/upload/sites/actualbackend-3b454/versions/ee1f5f23eb7f8331/files/0475aaa9a09a7f5912d9d169ae0b138c134001aa6b9bc81aed34df4662c71ca8 [stream]
[debug] [2026-03-04T15:13:01.742Z] <<< [apiv2][status] POST https://upload-firebasehosting.googleapis.com/upload/sites/actualbackend-3b454/versions/ee1f5f23eb7f8331/files/f3e78d74b2f56483298885de02b135ef4d8a0bc63177a053efb7e5748529840c 200
[debug] [2026-03-04T15:13:01.742Z] <<< [apiv2][body] POST https://upload-firebasehosting.googleapis.com/upload/sites/actualbackend-3b454/versions/ee1f5f23eb7f8331/files/f3e78d74b2f56483298885de02b135ef4d8a0bc63177a053efb7e5748529840c [stream]
[debug] [2026-03-04T15:13:01.807Z] <<< [apiv2][status] POST https://upload-firebasehosting.googleapis.com/upload/sites/actualbackend-3b454/versions/ee1f5f23eb7f8331/files/b5ee6f86632eca7401f830cb6b068f34da6ed3f59c6f9eb45f0707c72901d256 200
[debug] [2026-03-04T15:13:01.807Z] <<< [apiv2][body] POST https://upload-firebasehosting.googleapis.com/upload/sites/actualbackend-3b454/versions/ee1f5f23eb7f8331/files/b5ee6f86632eca7401f830cb6b068f34da6ed3f59c6f9eb45f0707c72901d256 [stream]
[debug] [2026-03-04T15:13:01.856Z] <<< [apiv2][status] POST https://upload-firebasehosting.googleapis.com/upload/sites/actualbackend-3b454/versions/ee1f5f23eb7f8331/files/af6a8d1d51ef8d859c006197d56ead4d557baf93d5d78a1e802cb9d2a72d0890 200
[debug] [2026-03-04T15:13:01.857Z] <<< [apiv2][body] POST https://upload-firebasehosting.googleapis.com/upload/sites/actualbackend-3b454/versions/ee1f5f23eb7f8331/files/af6a8d1d51ef8d859c006197d56ead4d557baf93d5d78a1e802cb9d2a72d0890 [stream]
[debug] [2026-03-04T15:13:01.873Z] <<< [apiv2][status] POST https://upload-firebasehosting.googleapis.com/upload/sites/actualbackend-3b454/versions/ee1f5f23eb7f8331/files/56f3794feba9202cb26b128567e826e4d386beef86f5d5fc8a131f95e573ae36 200
[debug] [2026-03-04T15:13:01.873Z] <<< [apiv2][body] POST https://upload-firebasehosting.googleapis.com/upload/sites/actualbackend-3b454/versions/ee1f5f23eb7f8331/files/56f3794feba9202cb26b128567e826e4d386beef86f5d5fc8a131f95e573ae36 [stream]
[debug] [2026-03-04T15:13:01.883Z] <<< [apiv2][status] POST https://upload-firebasehosting.googleapis.com/upload/sites/actualbackend-3b454/versions/ee1f5f23eb7f8331/files/7b9b0eb9fd2b9dbf7293ce33bf533c283247da7a70744bd145c302d7901917d2 200
[debug] [2026-03-04T15:13:01.884Z] <<< [apiv2][body] POST https://upload-firebasehosting.googleapis.com/upload/sites/actualbackend-3b454/versions/ee1f5f23eb7f8331/files/7b9b0eb9fd2b9dbf7293ce33bf533c283247da7a70744bd145c302d7901917d2 [stream]
[debug] [2026-03-04T15:13:01.886Z] <<< [apiv2][status] POST https://upload-firebasehosting.googleapis.com/upload/sites/actualbackend-3b454/versions/ee1f5f23eb7f8331/files/3b00375b4f2464f6e64b85e71e0caea231cbc2c29e3bc906d3561e5e9a493df5 200
[debug] [2026-03-04T15:13:01.887Z] <<< [apiv2][body] POST https://upload-firebasehosting.googleapis.com/upload/sites/actualbackend-3b454/versions/ee1f5f23eb7f8331/files/3b00375b4f2464f6e64b85e71e0caea231cbc2c29e3bc906d3561e5e9a493df5 [stream]
[debug] [2026-03-04T15:13:01.909Z] <<< [apiv2][status] POST https://upload-firebasehosting.googleapis.com/upload/sites/actualbackend-3b454/versions/ee1f5f23eb7f8331/files/cb938089b5581cf3a56d33cef95f029d0d1a279dd493c36760ca274e509afe4d 200
[debug] [2026-03-04T15:13:01.909Z] <<< [apiv2][body] POST https://upload-firebasehosting.googleapis.com/upload/sites/actualbackend-3b454/versions/ee1f5f23eb7f8331/files/cb938089b5581cf3a56d33cef95f029d0d1a279dd493c36760ca274e509afe4d [stream]
[debug] [2026-03-04T15:13:01.916Z] <<< [apiv2][status] POST https://upload-firebasehosting.googleapis.com/upload/sites/actualbackend-3b454/versions/ee1f5f23eb7f8331/files/c43b1cd776b0602a71e033c3e5b350f84b4ebb09af69452a809d8f1b8ded8dff 200
[debug] [2026-03-04T15:13:01.916Z] <<< [apiv2][body] POST https://upload-firebasehosting.googleapis.com/upload/sites/actualbackend-3b454/versions/ee1f5f23eb7f8331/files/c43b1cd776b0602a71e033c3e5b350f84b4ebb09af69452a809d8f1b8ded8dff [stream]
[debug] [2026-03-04T15:13:01.923Z] <<< [apiv2][status] POST https://upload-firebasehosting.googleapis.com/upload/sites/actualbackend-3b454/versions/ee1f5f23eb7f8331/files/1cf7c88c9f9f7280b64b786bfd4e0b20d399231d3c07cf4bdb5236850eecc380 200
[debug] [2026-03-04T15:13:01.923Z] <<< [apiv2][body] POST https://upload-firebasehosting.googleapis.com/upload/sites/actualbackend-3b454/versions/ee1f5f23eb7f8331/files/1cf7c88c9f9f7280b64b786bfd4e0b20d399231d3c07cf4bdb5236850eecc380 [stream]
[debug] [2026-03-04T15:13:01.949Z] <<< [apiv2][status] POST https://upload-firebasehosting.googleapis.com/upload/sites/actualbackend-3b454/versions/ee1f5f23eb7f8331/files/26d3c714101de04ed7438a1e8eb17ac8f685856dbde7b4027a68aa8f066092e2 200
[debug] [2026-03-04T15:13:01.950Z] <<< [apiv2][body] POST https://upload-firebasehosting.googleapis.com/upload/sites/actualbackend-3b454/versions/ee1f5f23eb7f8331/files/26d3c714101de04ed7438a1e8eb17ac8f685856dbde7b4027a68aa8f066092e2 [stream]
[debug] [2026-03-04T15:13:01.951Z] <<< [apiv2][status] POST https://upload-firebasehosting.googleapis.com/upload/sites/actualbackend-3b454/versions/ee1f5f23eb7f8331/files/3a9809c5f11135edd7a224901191a964fe98bbae51157e32b29796f310e616d8 200
[debug] [2026-03-04T15:13:01.951Z] <<< [apiv2][body] POST https://upload-firebasehosting.googleapis.com/upload/sites/actualbackend-3b454/versions/ee1f5f23eb7f8331/files/3a9809c5f11135edd7a224901191a964fe98bbae51157e32b29796f310e616d8 [stream]
[debug] [2026-03-04T15:13:01.971Z] <<< [apiv2][status] POST https://upload-firebasehosting.googleapis.com/upload/sites/actualbackend-3b454/versions/ee1f5f23eb7f8331/files/c2cad5dcd24d7d36bdc6a9ca06e562a218f0558d91e821e72e44c7199b2102d3 200
[debug] [2026-03-04T15:13:01.971Z] <<< [apiv2][body] POST https://upload-firebasehosting.googleapis.com/upload/sites/actualbackend-3b454/versions/ee1f5f23eb7f8331/files/c2cad5dcd24d7d36bdc6a9ca06e562a218f0558d91e821e72e44c7199b2102d3 [stream]
[debug] [2026-03-04T15:13:02.034Z] <<< [apiv2][status] POST https://upload-firebasehosting.googleapis.com/upload/sites/actualbackend-3b454/versions/ee1f5f23eb7f8331/files/c1d589de0b463cc87f2d2aa5ae8c7dc3e2a8de83e065e3d167105dd2b16af258 200
[debug] [2026-03-04T15:13:02.034Z] <<< [apiv2][body] POST https://upload-firebasehosting.googleapis.com/upload/sites/actualbackend-3b454/versions/ee1f5f23eb7f8331/files/c1d589de0b463cc87f2d2aa5ae8c7dc3e2a8de83e065e3d167105dd2b16af258 [stream]
[debug] [2026-03-04T15:13:02.363Z] <<< [apiv2][status] POST https://upload-firebasehosting.googleapis.com/upload/sites/actualbackend-3b454/versions/ee1f5f23eb7f8331/files/9d5b0daebe1eb1ea4c78796095a7ba296ee0a0155721bcafb145ce6358c12c5a 200
[debug] [2026-03-04T15:13:02.364Z] <<< [apiv2][body] POST https://upload-firebasehosting.googleapis.com/upload/sites/actualbackend-3b454/versions/ee1f5f23eb7f8331/files/9d5b0daebe1eb1ea4c78796095a7ba296ee0a0155721bcafb145ce6358c12c5a [stream]
[debug] [2026-03-04T15:13:02.518Z] <<< [apiv2][status] POST https://upload-firebasehosting.googleapis.com/upload/sites/actualbackend-3b454/versions/ee1f5f23eb7f8331/files/b141e4aa22c0e0b74ea78ff2a34f766db7265770fe6f2d20218847ae3f5e5f39 200
[debug] [2026-03-04T15:13:02.519Z] <<< [apiv2][body] POST https://upload-firebasehosting.googleapis.com/upload/sites/actualbackend-3b454/versions/ee1f5f23eb7f8331/files/b141e4aa22c0e0b74ea78ff2a34f766db7265770fe6f2d20218847ae3f5e5f39 [stream]
[info] i  hosting: uploading new files [17/18] (94%) 
[debug] [2026-03-04T15:13:03.086Z] <<< [apiv2][status] POST https://upload-firebasehosting.googleapis.com/upload/sites/actualbackend-3b454/versions/ee1f5f23eb7f8331/files/80944c373e2ddedf6bd18b8145580c0863878540f7af35a22f1d0339237ebe1c 200
[debug] [2026-03-04T15:13:03.087Z] <<< [apiv2][body] POST https://upload-firebasehosting.googleapis.com/upload/sites/actualbackend-3b454/versions/ee1f5f23eb7f8331/files/80944c373e2ddedf6bd18b8145580c0863878540f7af35a22f1d0339237ebe1c [stream]
[debug] [2026-03-04T15:13:03.087Z] [hosting][upload queue][FINAL] {"max":2441,"min":1089,"avg":1360.1666666666667,"active":0,"complete":18,"success":18,"errored":0,"retried":0,"total":18,"elapsed":2444}
[info] i  hosting: upload complete 
[info] ✔  hosting[actualbackend-3b454]: file upload complete 
[debug] [2026-03-04T15:13:03.088Z] [hosting] deploy completed after 4541ms
[debug] [2026-03-04T15:13:03.089Z] [
  {
    "config": {
      "public": "build",
      "ignore": [
        "firebase.json",
        "**/.*",
        "**/node_modules/**"
      ],
      "rewrites": [
        {
          "source": "/api/corti/**",
          "run": {
            "serviceId": "actualbackend-api",
            "region": "us-central1"
          }
        },
        {
          "source": "/ws/corti/**",
          "run": {
            "serviceId": "actualbackend-api",
            "region": "us-central1"
          }
        },
        {
          "source": "/api/**",
          "run": {
            "serviceId": "actualbackend-api",
            "region": "us-central1"
          }
        },
        {
          "source": "/ws/**",
          "run": {
            "serviceId": "actualbackend-api",
            "region": "us-central1"
          }
        },
        {
          "source": "**",
          "destination": "/index.html"
        }
      ],
      "site": "actualbackend-3b454"
    },
    "version": "projects/491793307002/sites/actualbackend-3b454/versions/ee1f5f23eb7f8331"
  }
]
[info] i  hosting[actualbackend-3b454]: finalizing version... 
[debug] [2026-03-04T15:13:03.093Z] Checked if tokens are valid: true, expires at: 1772640773846
[debug] [2026-03-04T15:13:03.093Z] Checked if tokens are valid: true, expires at: 1772640773846
[debug] [2026-03-04T15:13:03.093Z] >>> [apiv2][query] GET https://cloudfunctions.googleapis.com/v1/projects/actualbackend-3b454/locations/-/functions [none]
[debug] [2026-03-04T15:13:03.978Z] <<< [apiv2][status] GET https://cloudfunctions.googleapis.com/v1/projects/actualbackend-3b454/locations/-/functions 200
[debug] [2026-03-04T15:13:03.978Z] <<< [apiv2][body] GET https://cloudfunctions.googleapis.com/v1/projects/actualbackend-3b454/locations/-/functions {}
[debug] [2026-03-04T15:13:03.979Z] Checked if tokens are valid: true, expires at: 1772640773846
[debug] [2026-03-04T15:13:03.979Z] Checked if tokens are valid: true, expires at: 1772640773846
[debug] [2026-03-04T15:13:03.980Z] >>> [apiv2][query] GET https://cloudfunctions.googleapis.com/v2/projects/actualbackend-3b454/locations/-/functions filter=environment%3D%22GEN_2%22
[debug] [2026-03-04T15:13:05.141Z] <<< [apiv2][status] GET https://cloudfunctions.googleapis.com/v2/projects/actualbackend-3b454/locations/-/functions 200
[debug] [2026-03-04T15:13:05.141Z] <<< [apiv2][body] GET https://cloudfunctions.googleapis.com/v2/projects/actualbackend-3b454/locations/-/functions {"functions":[{"name":"projects/actualbackend-3b454/locations/us-central1/functions/openai_completion","buildConfig":{"build":"projects/491793307002/locations/us-central1/builds/e52ddbfc-d142-4246-a18a-8c2cc49764cb","runtime":"python312","entryPoint":"openai_completion","source":{"storageSource":{"bucket":"gcf-v2-sources-491793307002-us-central1","object":"openai_completion/function-source.zip","generation":"1772537952441232"}},"environmentVariables":{"GOOGLE_NODE_RUN_SCRIPTS":""},"dockerRepository":"projects/actualbackend-3b454/locations/us-central1/repositories/gcf-artifacts","sourceProvenance":{"resolvedStorageSource":{"bucket":"gcf-v2-sources-491793307002-us-central1","object":"openai_completion/function-source.zip","generation":"1772537952441232"}},"dockerRegistry":"ARTIFACT_REGISTRY","serviceAccount":"projects/actualbackend-3b454/serviceAccounts/491793307002-compute@developer.gserviceaccount.com","automaticUpdatePolicy":{}},"serviceConfig":{"service":"projects/actualbackend-3b454/locations/us-central1/services/openai-completion","timeoutSeconds":60,"environmentVariables":{"BOOKING_CONFIRMATION_EMAIL_ENABLED":"true","BOOKING_CONFIRMATION_FROM_EMAIL":"Selma+ <booking@booking.selmaplus.tech>","BOOKING_CONFIRMATION_REPLY_TO_EMAIL":"","RESEND_API_KEY":"re_DE2YQdzb_NaRV2dczsNZmRCkDc4GYCNMJ","RESEND_API_BASE":"https://api.resend.com","FIREBASE_CONFIG":"{\"projectId\":\"actualbackend-3b454\",\"databaseURL\":\"https://actualbackend-3b454-default-rtdb.europe-west1.firebasedatabase.app\",\"storageBucket\":\"actualbackend-3b454.firebasestorage.app\"}","GCLOUD_PROJECT":"actualbackend-3b454","EVENTARC_CLOUD_EVENT_SOURCE":"projects/actualbackend-3b454/locations/us-central1/services/openai_completion","FUNCTION_TARGET":"openai_completion","LOG_EXECUTION_ID":"true","FUNCTION_SIGNATURE_TYPE":"http"},"maxInstanceCount":10,"ingressSettings":"ALLOW_ALL","uri":"https://openai-completion-cqj5vybxha-uc.a.run.app","serviceAccountEmail":"491793307002-compute@developer.gserviceaccount.com","availableMemory":"256Mi","allTrafficOnLatestRevision":true,"revision":"openai-completion-00013-yac","maxInstanceRequestConcurrency":1,"availableCpu":"0.1666"},"state":"ACTIVE","updateTime":"2026-03-03T11:39:31.929844115Z","labels":{"firebase-functions-codebase":"python_functions","firebase-functions-hash":"e5b42d5f304284a3d66d45887f56a36e9470ed68","deployment-tool":"cli-firebase"},"environment":"GEN_2","url":"https://us-central1-actualbackend-3b454.cloudfunctions.net/openai_completion","createTime":"2025-11-19T16:57:04.241899766Z","satisfiesPzi":true},{"name":"projects/actualbackend-3b454/locations/us-central1/functions/publicGetAvailability","buildConfig":{"build":"projects/491793307002/locations/us-central1/builds/e52ddbfc-d142-4246-a18a-8c2cc49764cb","runtime":"python312","entryPoint":"publicGetAvailability","source":{"storageSource":{"bucket":"gcf-v2-sources-491793307002-us-central1","object":"publicGetAvailability/function-source.zip","generation":"1772537952471214"}},"environmentVariables":{"GOOGLE_NODE_RUN_SCRIPTS":""},"dockerRepository":"projects/actualbackend-3b454/locations/us-central1/repositories/gcf-artifacts","sourceProvenance":{"resolvedStorageSource":{"bucket":"gcf-v2-sources-491793307002-us-central1","object":"publicGetAvailability/function-source.zip","generation":"1772537952471214"}},"dockerRegistry":"ARTIFACT_REGISTRY","serviceAccount":"projects/actualbackend-3b454/serviceAccounts/491793307002-compute@developer.gserviceaccount.com","automaticUpdatePolicy":{}},"serviceConfig":{"service":"projects/actualbackend-3b454/locations/us-central1/services/publicgetavailability","timeoutSeconds":60,"environmentVariables":{"BOOKING_CONFIRMATION_EMAIL_ENABLED":"true","BOOKING_CONFIRMATION_FROM_EMAIL":"Selma+ <booking@booking.selmaplus.tech>","BOOKING_CONFIRMATION_REPLY_TO_EMAIL":"","RESEND_API_KEY":"re_DE2YQdzb_NaRV2dczsNZmRCkDc4GYCNMJ","RESEND_API_BASE":"https://api.resend.com","FIREBASE_CONFIG":"{\"projectId\":\"actualbackend-3b454\",\"databaseURL\":\"https://actualbackend-3b454-default-rtdb.europe-west1.firebasedatabase.app\",\"storageBucket\":\"actualbackend-3b454.firebasestorage.app\"}","GCLOUD_PROJECT":"actualbackend-3b454","EVENTARC_CLOUD_EVENT_SOURCE":"projects/actualbackend-3b454/locations/us-central1/services/publicGetAvailability","FUNCTION_TARGET":"publicGetAvailability","LOG_EXECUTION_ID":"true","FUNCTION_SIGNATURE_TYPE":"http"},"maxInstanceCount":10,"ingressSettings":"ALLOW_ALL","uri":"https://publicgetavailability-cqj5vybxha-uc.a.run.app","serviceAccountEmail":"491793307002-compute@developer.gserviceaccount.com","availableMemory":"256Mi","allTrafficOnLatestRevision":true,"revision":"publicgetavailability-00014-roj","maxInstanceRequestConcurrency":1,"availableCpu":"0.1666"},"state":"ACTIVE","updateTime":"2026-03-03T11:39:31.704411340Z","labels":{"firebase-functions-hash":"e5b42d5f304284a3d66d45887f56a36e9470ed68","deployment-tool":"cli-firebase","firebase-functions-codebase":"python_functions"},"environment":"GEN_2","url":"https://us-central1-actualbackend-3b454.cloudfunctions.net/publicGetAvailability","createTime":"2025-12-28T14:58:27.013272596Z","satisfiesPzi":true},{"name":"projects/actualbackend-3b454/locations/us-central1/functions/getClinicStaffPublic","buildConfig":{"build":"projects/491793307002/locations/us-central1/builds/e52ddbfc-d142-4246-a18a-8c2cc49764cb","runtime":"python312","entryPoint":"getClinicStaffPublic","source":{"storageSource":{"bucket":"gcf-v2-sources-491793307002-us-central1","object":"getClinicStaffPublic/function-source.zip","generation":"1772537952439468"}},"environmentVariables":{"GOOGLE_NODE_RUN_SCRIPTS":""},"dockerRepository":"projects/actualbackend-3b454/locations/us-central1/repositories/gcf-artifacts","sourceProvenance":{"resolvedStorageSource":{"bucket":"gcf-v2-sources-491793307002-us-central1","object":"getClinicStaffPublic/function-source.zip","generation":"1772537952439468"}},"dockerRegistry":"ARTIFACT_REGISTRY","serviceAccount":"projects/actualbackend-3b454/serviceAccounts/491793307002-compute@developer.gserviceaccount.com","automaticUpdatePolicy":{}},"serviceConfig":{"service":"projects/actualbackend-3b454/locations/us-central1/services/getclinicstaffpublic","timeoutSeconds":60,"environmentVariables":{"BOOKING_CONFIRMATION_EMAIL_ENABLED":"true","BOOKING_CONFIRMATION_FROM_EMAIL":"Selma+ <booking@booking.selmaplus.tech>","BOOKING_CONFIRMATION_REPLY_TO_EMAIL":"","RESEND_API_KEY":"re_DE2YQdzb_NaRV2dczsNZmRCkDc4GYCNMJ","RESEND_API_BASE":"https://api.resend.com","FIREBASE_CONFIG":"{\"projectId\":\"actualbackend-3b454\",\"databaseURL\":\"https://actualbackend-3b454-default-rtdb.europe-west1.firebasedatabase.app\",\"storageBucket\":\"actualbackend-3b454.firebasestorage.app\"}","GCLOUD_PROJECT":"actualbackend-3b454","EVENTARC_CLOUD_EVENT_SOURCE":"projects/actualbackend-3b454/locations/us-central1/services/getClinicStaffPublic","FUNCTION_TARGET":"getClinicStaffPublic","LOG_EXECUTION_ID":"true","FUNCTION_SIGNATURE_TYPE":"http"},"maxInstanceCount":10,"ingressSettings":"ALLOW_ALL","uri":"https://getclinicstaffpublic-cqj5vybxha-uc.a.run.app","serviceAccountEmail":"491793307002-compute@developer.gserviceaccount.com","availableMemory":"256Mi","allTrafficOnLatestRevision":true,"revision":"getclinicstaffpublic-00013-cat","maxInstanceRequestConcurrency":1,"availableCpu":"0.1666"},"state":"ACTIVE","updateTime":"2026-03-03T11:39:31.554537600Z","labels":{"firebase-functions-hash":"e5b42d5f304284a3d66d45887f56a36e9470ed68","deployment-tool":"cli-firebase","firebase-functions-codebase":"python_functions"},"environment":"GEN_2","url":"https://us-central1-actualbackend-3b454.cloudfunctions.net/getClinicStaffPublic","createTime":"2025-12-28T14:58:26.872122923Z","satisfiesPzi":true},{"name":"projects/actualbackend-3b454/locations/us-central1/functions/transcribe_audio","buildConfig":{"build":"projects/491793307002/locations/us-central1/builds/e52ddbfc-d142-4246-a18a-8c2cc49764cb","runtime":"python312","entryPoint":"transcribe_audio","source":{"storageSource":{"bucket":"gcf-v2-sources-491793307002-us-central1","object":"transcribe_audio/function-source.zip","generation":"1772537952479068"}},"environmentVariables":{"GOOGLE_NODE_RUN_SCRIPTS":""},"dockerRepository":"projects/actualbackend-3b454/locations/us-central1/repositories/gcf-artifacts","sourceProvenance":{"resolvedStorageSource":{"bucket":"gcf-v2-sources-491793307002-us-central1","object":"transcribe_audio/function-source.zip","generation":"1772537952479068"}},"dockerRegistry":"ARTIFACT_REGISTRY","serviceAccount":"projects/actualbackend-3b454/serviceAccounts/491793307002-compute@developer.gserviceaccount.com","automaticUpdatePolicy":{}},"serviceConfig":{"service":"projects/actualbackend-3b454/locations/us-central1/services/transcribe-audio","timeoutSeconds":60,"environmentVariables":{"BOOKING_CONFIRMATION_EMAIL_ENABLED":"true","BOOKING_CONFIRMATION_FROM_EMAIL":"Selma+ <booking@booking.selmaplus.tech>","BOOKING_CONFIRMATION_REPLY_TO_EMAIL":"","RESEND_API_KEY":"re_DE2YQdzb_NaRV2dczsNZmRCkDc4GYCNMJ","RESEND_API_BASE":"https://api.resend.com","FIREBASE_CONFIG":"{\"projectId\":\"actualbackend-3b454\",\"databaseURL\":\"https://actualbackend-3b454-default-rtdb.europe-west1.firebasedatabase.app\",\"storageBucket\":\"actualbackend-3b454.firebasestorage.app\"}","GCLOUD_PROJECT":"actualbackend-3b454","EVENTARC_CLOUD_EVENT_SOURCE":"projects/actualbackend-3b454/locations/us-central1/services/transcribe_audio","FUNCTION_TARGET":"transcribe_audio","LOG_EXECUTION_ID":"true","FUNCTION_SIGNATURE_TYPE":"http"},"maxInstanceCount":10,"ingressSettings":"ALLOW_ALL","uri":"https://transcribe-audio-cqj5vybxha-uc.a.run.app","serviceAccountEmail":"491793307002-compute@developer.gserviceaccount.com","availableMemory":"256Mi","allTrafficOnLatestRevision":true,"revision":"transcribe-audio-00017-guz","maxInstanceRequestConcurrency":1,"availableCpu":"0.1666"},"state":"ACTIVE","updateTime":"2026-03-03T11:39:31.726544919Z","labels":{"firebase-functions-hash":"e5b42d5f304284a3d66d45887f56a36e9470ed68","deployment-tool":"cli-firebase","firebase-functions-codebase":"python_functions"},"environment":"GEN_2","url":"https://us-central1-actualbackend-3b454.cloudfunctions.net/transcribe_audio","createTime":"2025-11-16T22:33:27.153150969Z","satisfiesPzi":true},{"name":"projects/actualbackend-3b454/locations/us-central1/functions/suggest_next_appointment","buildConfig":{"build":"projects/491793307002/locations/us-central1/builds/e52ddbfc-d142-4246-a18a-8c2cc49764cb","runtime":"python312","entryPoint":"suggest_next_appointment","source":{"storageSource":{"bucket":"gcf-v2-sources-491793307002-us-central1","object":"suggest_next_appointment/function-source.zip","generation":"1772537952476419"}},"environmentVariables":{"GOOGLE_NODE_RUN_SCRIPTS":""},"dockerRepository":"projects/actualbackend-3b454/locations/us-central1/repositories/gcf-artifacts","sourceProvenance":{"resolvedStorageSource":{"bucket":"gcf-v2-sources-491793307002-us-central1","object":"suggest_next_appointment/function-source.zip","generation":"1772537952476419"}},"dockerRegistry":"ARTIFACT_REGISTRY","serviceAccount":"projects/actualbackend-3b454/serviceAccounts/491793307002-compute@developer.gserviceaccount.com","automaticUpdatePolicy":{}},"serviceConfig":{"service":"projects/actualbackend-3b454/locations/us-central1/services/suggest-next-appointment","timeoutSeconds":60,"environmentVariables":{"BOOKING_CONFIRMATION_EMAIL_ENABLED":"true","BOOKING_CONFIRMATION_FROM_EMAIL":"Selma+ <booking@booking.selmaplus.tech>","BOOKING_CONFIRMATION_REPLY_TO_EMAIL":"","RESEND_API_KEY":"re_DE2YQdzb_NaRV2dczsNZmRCkDc4GYCNMJ","RESEND_API_BASE":"https://api.resend.com","FIREBASE_CONFIG":"{\"projectId\":\"actualbackend-3b454\",\"databaseURL\":\"https://actualbackend-3b454-default-rtdb.europe-west1.firebasedatabase.app\",\"storageBucket\":\"actualbackend-3b454.firebasestorage.app\"}","GCLOUD_PROJECT":"actualbackend-3b454","EVENTARC_CLOUD_EVENT_SOURCE":"projects/actualbackend-3b454/locations/us-central1/services/suggest_next_appointment","FUNCTION_TARGET":"suggest_next_appointment","LOG_EXECUTION_ID":"true","FUNCTION_SIGNATURE_TYPE":"http"},"maxInstanceCount":10,"ingressSettings":"ALLOW_ALL","uri":"https://suggest-next-appointment-cqj5vybxha-uc.a.run.app","serviceAccountEmail":"491793307002-compute@developer.gserviceaccount.com","availableMemory":"256Mi","allTrafficOnLatestRevision":true,"revision":"suggest-next-appointment-00011-red","maxInstanceRequestConcurrency":1,"availableCpu":"0.1666"},"state":"ACTIVE","updateTime":"2026-03-03T11:39:31.918942285Z","labels":{"deployment-tool":"cli-firebase","firebase-functions-codebase":"python_functions","firebase-functions-hash":"e5b42d5f304284a3d66d45887f56a36e9470ed68"},"environment":"GEN_2","url":"https://us-central1-actualbackend-3b454.cloudfunctions.net/suggest_next_appointment","createTime":"2025-12-18T07:32:31.268175864Z","satisfiesPzi":true},{"name":"projects/actualbackend-3b454/locations/us-central1/functions/summarize_journal","buildConfig":{"build":"projects/491793307002/locations/us-central1/builds/e52ddbfc-d142-4246-a18a-8c2cc49764cb","runtime":"python312","entryPoint":"summarize_journal","source":{"storageSource":{"bucket":"gcf-v2-sources-491793307002-us-central1","object":"summarize_journal/function-source.zip","generation":"1772537952477383"}},"environmentVariables":{"GOOGLE_NODE_RUN_SCRIPTS":""},"dockerRepository":"projects/actualbackend-3b454/locations/us-central1/repositories/gcf-artifacts","sourceProvenance":{"resolvedStorageSource":{"bucket":"gcf-v2-sources-491793307002-us-central1","object":"summarize_journal/function-source.zip","generation":"1772537952477383"}},"dockerRegistry":"ARTIFACT_REGISTRY","serviceAccount":"projects/actualbackend-3b454/serviceAccounts/491793307002-compute@developer.gserviceaccount.com","automaticUpdatePolicy":{}},"serviceConfig":{"service":"projects/actualbackend-3b454/locations/us-central1/services/summarize-journal","timeoutSeconds":60,"environmentVariables":{"BOOKING_CONFIRMATION_EMAIL_ENABLED":"true","BOOKING_CONFIRMATION_FROM_EMAIL":"Selma+ <booking@booking.selmaplus.tech>","BOOKING_CONFIRMATION_REPLY_TO_EMAIL":"","RESEND_API_KEY":"re_DE2YQdzb_NaRV2dczsNZmRCkDc4GYCNMJ","RESEND_API_BASE":"https://api.resend.com","FIREBASE_CONFIG":"{\"projectId\":\"actualbackend-3b454\",\"databaseURL\":\"https://actualbackend-3b454-default-rtdb.europe-west1.firebasedatabase.app\",\"storageBucket\":\"actualbackend-3b454.firebasestorage.app\"}","GCLOUD_PROJECT":"actualbackend-3b454","EVENTARC_CLOUD_EVENT_SOURCE":"projects/actualbackend-3b454/locations/us-central1/services/summarize_journal","FUNCTION_TARGET":"summarize_journal","LOG_EXECUTION_ID":"true","FUNCTION_SIGNATURE_TYPE":"http"},"maxInstanceCount":10,"ingressSettings":"ALLOW_ALL","uri":"https://summarize-journal-cqj5vybxha-uc.a.run.app","serviceAccountEmail":"491793307002-compute@developer.gserviceaccount.com","availableMemory":"256Mi","allTrafficOnLatestRevision":true,"revision":"summarize-journal-00016-voj","maxInstanceRequestConcurrency":1,"availableCpu":"0.1666"},"state":"ACTIVE","updateTime":"2026-03-03T11:39:31.259876133Z","labels":{"firebase-functions-codebase":"python_functions","firebase-functions-hash":"e5b42d5f304284a3d66d45887f56a36e9470ed68","deployment-tool":"cli-firebase"},"environment":"GEN_2","url":"https://us-central1-actualbackend-3b454.cloudfunctions.net/summarize_journal","createTime":"2025-12-17T22:34:56.291579944Z","satisfiesPzi":true},{"name":"projects/actualbackend-3b454/locations/us-central1/functions/createClientFromBooking","buildConfig":{"build":"projects/491793307002/locations/us-central1/builds/e52ddbfc-d142-4246-a18a-8c2cc49764cb","runtime":"python312","entryPoint":"createClientFromBooking","source":{"storageSource":{"bucket":"gcf-v2-sources-491793307002-us-central1","object":"createClientFromBooking/function-source.zip","generation":"1772537952507856"}},"environmentVariables":{"GOOGLE_NODE_RUN_SCRIPTS":""},"dockerRepository":"projects/actualbackend-3b454/locations/us-central1/repositories/gcf-artifacts","sourceProvenance":{"resolvedStorageSource":{"bucket":"gcf-v2-sources-491793307002-us-central1","object":"createClientFromBooking/function-source.zip","generation":"1772537952507856"}},"dockerRegistry":"ARTIFACT_REGISTRY","serviceAccount":"projects/actualbackend-3b454/serviceAccounts/491793307002-compute@developer.gserviceaccount.com","automaticUpdatePolicy":{}},"serviceConfig":{"service":"projects/actualbackend-3b454/locations/us-central1/services/createclientfrombooking","timeoutSeconds":60,"environmentVariables":{"BOOKING_CONFIRMATION_EMAIL_ENABLED":"true","BOOKING_CONFIRMATION_FROM_EMAIL":"Selma+ <booking@booking.selmaplus.tech>","BOOKING_CONFIRMATION_REPLY_TO_EMAIL":"","RESEND_API_KEY":"re_DE2YQdzb_NaRV2dczsNZmRCkDc4GYCNMJ","RESEND_API_BASE":"https://api.resend.com","FIREBASE_CONFIG":"{\"projectId\":\"actualbackend-3b454\",\"databaseURL\":\"https://actualbackend-3b454-default-rtdb.europe-west1.firebasedatabase.app\",\"storageBucket\":\"actualbackend-3b454.firebasestorage.app\"}","GCLOUD_PROJECT":"actualbackend-3b454","EVENTARC_CLOUD_EVENT_SOURCE":"projects/actualbackend-3b454/locations/us-central1/services/createClientFromBooking","FUNCTION_TARGET":"createClientFromBooking","LOG_EXECUTION_ID":"true","FUNCTION_SIGNATURE_TYPE":"http"},"maxInstanceCount":10,"ingressSettings":"ALLOW_ALL","uri":"https://createclientfrombooking-cqj5vybxha-uc.a.run.app","serviceAccountEmail":"491793307002-compute@developer.gserviceaccount.com","availableMemory":"256Mi","allTrafficOnLatestRevision":true,"revision":"createclientfrombooking-00006-hep","maxInstanceRequestConcurrency":1,"availableCpu":"0.1666"},"state":"ACTIVE","updateTime":"2026-03-03T11:39:31.735155292Z","labels":{"deployment-tool":"cli-firebase","firebase-functions-codebase":"python_functions","firebase-functions-hash":"e5b42d5f304284a3d66d45887f56a36e9470ed68"},"environment":"GEN_2","url":"https://us-central1-actualbackend-3b454.cloudfunctions.net/createClientFromBooking","createTime":"2026-02-02T20:10:09.269992739Z","satisfiesPzi":true},{"name":"projects/actualbackend-3b454/locations/us-central1/functions/publicGetServices","buildConfig":{"build":"projects/491793307002/locations/us-central1/builds/e52ddbfc-d142-4246-a18a-8c2cc49764cb","runtime":"python312","entryPoint":"publicGetServices","source":{"storageSource":{"bucket":"gcf-v2-sources-491793307002-us-central1","object":"publicGetServices/function-source.zip","generation":"1772537952467118"}},"environmentVariables":{"GOOGLE_NODE_RUN_SCRIPTS":""},"dockerRepository":"projects/actualbackend-3b454/locations/us-central1/repositories/gcf-artifacts","sourceProvenance":{"resolvedStorageSource":{"bucket":"gcf-v2-sources-491793307002-us-central1","object":"publicGetServices/function-source.zip","generation":"1772537952467118"}},"dockerRegistry":"ARTIFACT_REGISTRY","serviceAccount":"projects/actualbackend-3b454/serviceAccounts/491793307002-compute@developer.gserviceaccount.com","automaticUpdatePolicy":{}},"serviceConfig":{"service":"projects/actualbackend-3b454/locations/us-central1/services/publicgetservices","timeoutSeconds":60,"environmentVariables":{"BOOKING_CONFIRMATION_EMAIL_ENABLED":"true","BOOKING_CONFIRMATION_FROM_EMAIL":"Selma+ <booking@booking.selmaplus.tech>","BOOKING_CONFIRMATION_REPLY_TO_EMAIL":"","RESEND_API_KEY":"re_DE2YQdzb_NaRV2dczsNZmRCkDc4GYCNMJ","RESEND_API_BASE":"https://api.resend.com","FIREBASE_CONFIG":"{\"projectId\":\"actualbackend-3b454\",\"databaseURL\":\"https://actualbackend-3b454-default-rtdb.europe-west1.firebasedatabase.app\",\"storageBucket\":\"actualbackend-3b454.firebasestorage.app\"}","GCLOUD_PROJECT":"actualbackend-3b454","EVENTARC_CLOUD_EVENT_SOURCE":"projects/actualbackend-3b454/locations/us-central1/services/publicGetServices","FUNCTION_TARGET":"publicGetServices","LOG_EXECUTION_ID":"true","FUNCTION_SIGNATURE_TYPE":"http"},"maxInstanceCount":10,"ingressSettings":"ALLOW_ALL","uri":"https://publicgetservices-cqj5vybxha-uc.a.run.app","serviceAccountEmail":"491793307002-compute@developer.gserviceaccount.com","availableMemory":"256Mi","allTrafficOnLatestRevision":true,"revision":"publicgetservices-00007-fad","maxInstanceRequestConcurrency":1,"availableCpu":"0.1666"},"state":"ACTIVE","updateTime":"2026-03-03T11:39:32.465471584Z","labels":{"firebase-functions-codebase":"python_functions","firebase-functions-hash":"e5b42d5f304284a3d66d45887f56a36e9470ed68","deployment-tool":"cli-firebase"},"environment":"GEN_2","url":"https://us-central1-actualbackend-3b454.cloudfunctions.net/publicGetServices","createTime":"2026-01-06T10:42:29.624371763Z","satisfiesPzi":true},{"name":"projects/actualbackend-3b454/locations/us-central1/functions/getClinicServicesPublic","buildConfig":{"build":"projects/491793307002/locations/us-central1/builds/e52ddbfc-d142-4246-a18a-8c2cc49764cb","runtime":"python312","entryPoint":"getClinicServicesPublic","source":{"storageSource":{"bucket":"gcf-v2-sources-491793307002-us-central1","object":"getClinicServicesPublic/function-source.zip","generation":"1772537952441649"}},"environmentVariables":{"GOOGLE_NODE_RUN_SCRIPTS":""},"dockerRepository":"projects/actualbackend-3b454/locations/us-central1/repositories/gcf-artifacts","sourceProvenance":{"resolvedStorageSource":{"bucket":"gcf-v2-sources-491793307002-us-central1","object":"getClinicServicesPublic/function-source.zip","generation":"1772537952441649"}},"dockerRegistry":"ARTIFACT_REGISTRY","serviceAccount":"projects/actualbackend-3b454/serviceAccounts/491793307002-compute@developer.gserviceaccount.com","automaticUpdatePolicy":{}},"serviceConfig":{"service":"projects/actualbackend-3b454/locations/us-central1/services/getclinicservicespublic","timeoutSeconds":60,"environmentVariables":{"BOOKING_CONFIRMATION_EMAIL_ENABLED":"true","BOOKING_CONFIRMATION_FROM_EMAIL":"Selma+ <booking@booking.selmaplus.tech>","BOOKING_CONFIRMATION_REPLY_TO_EMAIL":"","RESEND_API_KEY":"re_DE2YQdzb_NaRV2dczsNZmRCkDc4GYCNMJ","RESEND_API_BASE":"https://api.resend.com","FIREBASE_CONFIG":"{\"projectId\":\"actualbackend-3b454\",\"databaseURL\":\"https://actualbackend-3b454-default-rtdb.europe-west1.firebasedatabase.app\",\"storageBucket\":\"actualbackend-3b454.firebasestorage.app\"}","GCLOUD_PROJECT":"actualbackend-3b454","EVENTARC_CLOUD_EVENT_SOURCE":"projects/actualbackend-3b454/locations/us-central1/services/getClinicServicesPublic","FUNCTION_TARGET":"getClinicServicesPublic","LOG_EXECUTION_ID":"true","FUNCTION_SIGNATURE_TYPE":"http"},"maxInstanceCount":10,"ingressSettings":"ALLOW_ALL","uri":"https://getclinicservicespublic-cqj5vybxha-uc.a.run.app","serviceAccountEmail":"491793307002-compute@developer.gserviceaccount.com","availableMemory":"256Mi","allTrafficOnLatestRevision":true,"revision":"getclinicservicespublic-00007-hoc","maxInstanceRequestConcurrency":1,"availableCpu":"0.1666"},"state":"ACTIVE","updateTime":"2026-03-03T11:39:32.016307282Z","labels":{"deployment-tool":"cli-firebase","firebase-functions-codebase":"python_functions","firebase-functions-hash":"e5b42d5f304284a3d66d45887f56a36e9470ed68"},"environment":"GEN_2","url":"https://us-central1-actualbackend-3b454.cloudfunctions.net/getClinicServicesPublic","createTime":"2026-01-06T10:18:45.404135689Z","satisfiesPzi":true},{"name":"projects/actualbackend-3b454/locations/us-central1/functions/api","buildConfig":{"build":"projects/491793307002/locations/us-central1/builds/e52ddbfc-d142-4246-a18a-8c2cc49764cb","runtime":"python312","entryPoint":"api","source":{"storageSource":{"bucket":"gcf-v2-sources-491793307002-us-central1","object":"api/function-source.zip","generation":"1772537952468489"}},"environmentVariables":{"GOOGLE_NODE_RUN_SCRIPTS":""},"dockerRepository":"projects/actualbackend-3b454/locations/us-central1/repositories/gcf-artifacts","sourceProvenance":{"resolvedStorageSource":{"bucket":"gcf-v2-sources-491793307002-us-central1","object":"api/function-source.zip","generation":"1772537952468489"}},"dockerRegistry":"ARTIFACT_REGISTRY","serviceAccount":"projects/actualbackend-3b454/serviceAccounts/491793307002-compute@developer.gserviceaccount.com","automaticUpdatePolicy":{}},"serviceConfig":{"service":"projects/actualbackend-3b454/locations/us-central1/services/api","timeoutSeconds":60,"environmentVariables":{"BOOKING_CONFIRMATION_EMAIL_ENABLED":"true","BOOKING_CONFIRMATION_FROM_EMAIL":"Selma+ <booking@booking.selmaplus.tech>","BOOKING_CONFIRMATION_REPLY_TO_EMAIL":"","RESEND_API_KEY":"re_DE2YQdzb_NaRV2dczsNZmRCkDc4GYCNMJ","RESEND_API_BASE":"https://api.resend.com","FIREBASE_CONFIG":"{\"projectId\":\"actualbackend-3b454\",\"databaseURL\":\"https://actualbackend-3b454-default-rtdb.europe-west1.firebasedatabase.app\",\"storageBucket\":\"actualbackend-3b454.firebasestorage.app\"}","GCLOUD_PROJECT":"actualbackend-3b454","EVENTARC_CLOUD_EVENT_SOURCE":"projects/actualbackend-3b454/locations/us-central1/services/api","FUNCTION_TARGET":"api","LOG_EXECUTION_ID":"true","FUNCTION_SIGNATURE_TYPE":"http"},"maxInstanceCount":10,"ingressSettings":"ALLOW_ALL","uri":"https://api-cqj5vybxha-uc.a.run.app","serviceAccountEmail":"491793307002-compute@developer.gserviceaccount.com","availableMemory":"256Mi","allTrafficOnLatestRevision":true,"revision":"api-00005-dih","maxInstanceRequestConcurrency":1,"availableCpu":"0.1666"},"state":"ACTIVE","updateTime":"2026-03-03T11:39:31.322990278Z","labels":{"firebase-functions-codebase":"python_functions","firebase-functions-hash":"e5b42d5f304284a3d66d45887f56a36e9470ed68","deployment-tool":"cli-firebase"},"environment":"GEN_2","url":"https://us-central1-actualbackend-3b454.cloudfunctions.net/api","createTime":"2026-02-03T14:15:58.726484825Z","satisfiesPzi":true},{"name":"projects/actualbackend-3b454/locations/us-central1/functions/publicBookAppointment","buildConfig":{"build":"projects/491793307002/locations/us-central1/builds/e52ddbfc-d142-4246-a18a-8c2cc49764cb","runtime":"python312","entryPoint":"publicBookAppointment","source":{"storageSource":{"bucket":"gcf-v2-sources-491793307002-us-central1","object":"publicBookAppointment/function-source.zip","generation":"1772537952467639"}},"environmentVariables":{"GOOGLE_NODE_RUN_SCRIPTS":""},"dockerRepository":"projects/actualbackend-3b454/locations/us-central1/repositories/gcf-artifacts","sourceProvenance":{"resolvedStorageSource":{"bucket":"gcf-v2-sources-491793307002-us-central1","object":"publicBookAppointment/function-source.zip","generation":"1772537952467639"}},"dockerRegistry":"ARTIFACT_REGISTRY","serviceAccount":"projects/actualbackend-3b454/serviceAccounts/491793307002-compute@developer.gserviceaccount.com","automaticUpdatePolicy":{}},"serviceConfig":{"service":"projects/actualbackend-3b454/locations/us-central1/services/publicbookappointment","timeoutSeconds":60,"environmentVariables":{"BOOKING_CONFIRMATION_EMAIL_ENABLED":"true","BOOKING_CONFIRMATION_FROM_EMAIL":"Selma+ <booking@booking.selmaplus.tech>","BOOKING_CONFIRMATION_REPLY_TO_EMAIL":"","RESEND_API_KEY":"re_DE2YQdzb_NaRV2dczsNZmRCkDc4GYCNMJ","RESEND_API_BASE":"https://api.resend.com","FIREBASE_CONFIG":"{\"projectId\":\"actualbackend-3b454\",\"databaseURL\":\"https://actualbackend-3b454-default-rtdb.europe-west1.firebasedatabase.app\",\"storageBucket\":\"actualbackend-3b454.firebasestorage.app\"}","GCLOUD_PROJECT":"actualbackend-3b454","EVENTARC_CLOUD_EVENT_SOURCE":"projects/actualbackend-3b454/locations/us-central1/services/publicBookAppointment","FUNCTION_TARGET":"publicBookAppointment","LOG_EXECUTION_ID":"true","FUNCTION_SIGNATURE_TYPE":"http"},"maxInstanceCount":10,"ingressSettings":"ALLOW_ALL","uri":"https://publicbookappointment-cqj5vybxha-uc.a.run.app","serviceAccountEmail":"491793307002-compute@developer.gserviceaccount.com","availableMemory":"256Mi","allTrafficOnLatestRevision":true,"revision":"publicbookappointment-00015-ham","maxInstanceRequestConcurrency":1,"availableCpu":"0.1666"},"state":"ACTIVE","updateTime":"2026-03-03T11:39:32.248223231Z","labels":{"deployment-tool":"cli-firebase","firebase-functions-codebase":"python_functions","firebase-functions-hash":"e5b42d5f304284a3d66d45887f56a36e9470ed68"},"environment":"GEN_2","url":"https://us-central1-actualbackend-3b454.cloudfunctions.net/publicBookAppointment","createTime":"2025-12-28T14:58:26.888347279Z","satisfiesPzi":true},{"name":"projects/actualbackend-3b454/locations/us-central1/functions/agent_chat","buildConfig":{"build":"projects/491793307002/locations/us-central1/builds/e52ddbfc-d142-4246-a18a-8c2cc49764cb","runtime":"python312","entryPoint":"agent_chat","source":{"storageSource":{"bucket":"gcf-v2-sources-491793307002-us-central1","object":"agent_chat/function-source.zip","generation":"1772537875207042"}},"environmentVariables":{"GOOGLE_NODE_RUN_SCRIPTS":""},"dockerRepository":"projects/actualbackend-3b454/locations/us-central1/repositories/gcf-artifacts","sourceProvenance":{"resolvedStorageSource":{"bucket":"gcf-v2-sources-491793307002-us-central1","object":"agent_chat/function-source.zip","generation":"1772537875207042"}},"dockerRegistry":"ARTIFACT_REGISTRY","serviceAccount":"projects/actualbackend-3b454/serviceAccounts/491793307002-compute@developer.gserviceaccount.com","automaticUpdatePolicy":{}},"serviceConfig":{"service":"projects/actualbackend-3b454/locations/us-central1/services/agent-chat","timeoutSeconds":60,"environmentVariables":{"BOOKING_CONFIRMATION_EMAIL_ENABLED":"true","BOOKING_CONFIRMATION_FROM_EMAIL":"Selma+ <booking@booking.selmaplus.tech>","BOOKING_CONFIRMATION_REPLY_TO_EMAIL":"","RESEND_API_KEY":"re_DE2YQdzb_NaRV2dczsNZmRCkDc4GYCNMJ","RESEND_API_BASE":"https://api.resend.com","FIREBASE_CONFIG":"{\"projectId\":\"actualbackend-3b454\",\"databaseURL\":\"https://actualbackend-3b454-default-rtdb.europe-west1.firebasedatabase.app\",\"storageBucket\":\"actualbackend-3b454.firebasestorage.app\"}","GCLOUD_PROJECT":"actualbackend-3b454","EVENTARC_CLOUD_EVENT_SOURCE":"projects/actualbackend-3b454/locations/us-central1/services/agent_chat","FUNCTION_TARGET":"agent_chat","LOG_EXECUTION_ID":"true"},"maxInstanceCount":10,"ingressSettings":"ALLOW_ALL","uri":"https://agent-chat-cqj5vybxha-uc.a.run.app","serviceAccountEmail":"491793307002-compute@developer.gserviceaccount.com","availableMemory":"256Mi","allTrafficOnLatestRevision":true,"revision":"agent-chat-00012-don","maxInstanceRequestConcurrency":1,"availableCpu":"0.1666"},"state":"ACTIVE","updateTime":"2026-03-03T11:39:10.390821679Z","labels":{"deployment-tool":"cli-firebase","firebase-functions-codebase":"python_functions","firebase-functions-hash":"e5b42d5f304284a3d66d45887f56a36e9470ed68"},"environment":"GEN_2","url":"https://us-central1-actualbackend-3b454.cloudfunctions.net/agent_chat","createTime":"2025-12-18T10:07:58.450241518Z","satisfiesPzi":true}]}
[debug] [2026-03-04T15:13:05.146Z] Checked if tokens are valid: true, expires at: 1772640773846
[debug] [2026-03-04T15:13:05.146Z] Checked if tokens are valid: true, expires at: 1772640773846
[debug] [2026-03-04T15:13:05.147Z] >>> [apiv2][query] PATCH https://firebasehosting.googleapis.com/v1beta1/projects/-/sites/actualbackend-3b454/versions/ee1f5f23eb7f8331 updateMask=status%2Cconfig
[debug] [2026-03-04T15:13:05.147Z] >>> [apiv2][body] PATCH https://firebasehosting.googleapis.com/v1beta1/projects/-/sites/actualbackend-3b454/versions/ee1f5f23eb7f8331 {"status":"FINALIZED","config":{"rewrites":[{"glob":"/api/corti/**","run":{"serviceId":"actualbackend-api","region":"us-central1"}},{"glob":"/ws/corti/**","run":{"serviceId":"actualbackend-api","region":"us-central1"}},{"glob":"/api/**","run":{"serviceId":"actualbackend-api","region":"us-central1"}},{"glob":"/ws/**","run":{"serviceId":"actualbackend-api","region":"us-central1"}},{"glob":"**","path":"/index.html"}]}}
[debug] [2026-03-04T15:13:06.678Z] <<< [apiv2][status] PATCH https://firebasehosting.googleapis.com/v1beta1/projects/-/sites/actualbackend-3b454/versions/ee1f5f23eb7f8331 200
[debug] [2026-03-04T15:13:06.679Z] <<< [apiv2][body] PATCH https://firebasehosting.googleapis.com/v1beta1/projects/-/sites/actualbackend-3b454/versions/ee1f5f23eb7f8331 {"name":"projects/491793307002/sites/actualbackend-3b454/versions/ee1f5f23eb7f8331","status":"FINALIZED","config":{"rewrites":[{"glob":"/api/corti/**","run":{"serviceId":"actualbackend-api","region":"us-central1"}},{"glob":"/ws/corti/**","run":{"serviceId":"actualbackend-api","region":"us-central1"}},{"glob":"/api/**","run":{"serviceId":"actualbackend-api","region":"us-central1"}},{"glob":"/ws/**","run":{"serviceId":"actualbackend-api","region":"us-central1"}},{"glob":"**","path":"/index.html"}]},"labels":{"deployment-tool":"cli-firebase"},"createTime":"2026-03-04T15:12:57.151531Z","createUser":{"email":"jona223j@gmail.com"},"finalizeTime":"2026-03-04T15:13:06.475707Z","finalizeUser":{"email":"jona223j@gmail.com"}}
[debug] [2026-03-04T15:13:06.679Z] [hosting] finalized version for actualbackend-3b454:[object Object]
[info] ✔  hosting[actualbackend-3b454]: version finalized 
[info] i  hosting[actualbackend-3b454]: releasing new version... 
[debug] [2026-03-04T15:13:06.679Z] Checked if tokens are valid: true, expires at: 1772640773846
[debug] [2026-03-04T15:13:06.679Z] Checked if tokens are valid: true, expires at: 1772640773846
[debug] [2026-03-04T15:13:06.680Z] >>> [apiv2][query] POST https://firebasehosting.googleapis.com/v1beta1/projects/-/sites/actualbackend-3b454/channels/live/releases versionName=projects%2F491793307002%2Fsites%2Factualbackend-3b454%2Fversions%2Fee1f5f23eb7f8331
[debug] [2026-03-04T15:13:06.680Z] >>> [apiv2][body] POST https://firebasehosting.googleapis.com/v1beta1/projects/-/sites/actualbackend-3b454/channels/live/releases {}
[debug] [2026-03-04T15:13:08.773Z] <<< [apiv2][status] POST https://firebasehosting.googleapis.com/v1beta1/projects/-/sites/actualbackend-3b454/channels/live/releases 200
[debug] [2026-03-04T15:13:08.773Z] <<< [apiv2][body] POST https://firebasehosting.googleapis.com/v1beta1/projects/-/sites/actualbackend-3b454/channels/live/releases {"name":"projects/491793307002/sites/actualbackend-3b454/channels/live/releases/1772637187649000","version":{"name":"projects/491793307002/sites/actualbackend-3b454/versions/ee1f5f23eb7f8331","status":"FINALIZED","config":{"rewrites":[{"glob":"/api/corti/**","run":{"serviceId":"actualbackend-api","region":"us-central1"}},{"glob":"/ws/corti/**","run":{"serviceId":"actualbackend-api","region":"us-central1"}},{"glob":"/api/**","run":{"serviceId":"actualbackend-api","region":"us-central1"}},{"glob":"/ws/**","run":{"serviceId":"actualbackend-api","region":"us-central1"}},{"glob":"**","path":"/index.html"}]},"labels":{"deployment-tool":"cli-firebase"},"createTime":"2026-03-04T15:12:57.151531Z","createUser":{"email":"jona223j@gmail.com","imageUrl":"https://lh3.googleusercontent.com/a/ACg8ocLXu-GSlMQGsLeSp7YZi3J9YcWy-U4_QU-Cn-bxsJhFS6GQ=mo"},"finalizeTime":"2026-03-04T15:13:06.475707Z","finalizeUser":{"email":"jona223j@gmail.com","imageUrl":"https://lh3.googleusercontent.com/a/ACg8ocLXu-GSlMQGsLeSp7YZi3J9YcWy-U4_QU-Cn-bxsJhFS6GQ=mo"}},"type":"DEPLOY","releaseTime":"2026-03-04T15:13:07.649Z","releaseUser":{"email":"jona223j@gmail.com","imageUrl":"https://lh3.googleusercontent.com/a/ACg8ocLXu-GSlMQGsLeSp7YZi3J9YcWy-U4_QU-Cn-bxsJhFS6GQ=mo"}}
[debug] [2026-03-04T15:13:08.773Z] [hosting] release: {"name":"projects/491793307002/sites/actualbackend-3b454/channels/live/releases/1772637187649000","version":{"name":"projects/491793307002/sites/actualbackend-3b454/versions/ee1f5f23eb7f8331","status":"FINALIZED","config":{"rewrites":[{"glob":"/api/corti/**","run":{"serviceId":"actualbackend-api","region":"us-central1"}},{"glob":"/ws/corti/**","run":{"serviceId":"actualbackend-api","region":"us-central1"}},{"glob":"/api/**","run":{"serviceId":"actualbackend-api","region":"us-central1"}},{"glob":"/ws/**","run":{"serviceId":"actualbackend-api","region":"us-central1"}},{"glob":"**","path":"/index.html"}]},"labels":{"deployment-tool":"cli-firebase"},"createTime":"2026-03-04T15:12:57.151531Z","createUser":{"email":"jona223j@gmail.com","imageUrl":"https://lh3.googleusercontent.com/a/ACg8ocLXu-GSlMQGsLeSp7YZi3J9YcWy-U4_QU-Cn-bxsJhFS6GQ=mo"},"finalizeTime":"2026-03-04T15:13:06.475707Z","finalizeUser":{"email":"jona223j@gmail.com","imageUrl":"https://lh3.googleusercontent.com/a/ACg8ocLXu-GSlMQGsLeSp7YZi3J9YcWy-U4_QU-Cn-bxsJhFS6GQ=mo"}},"type":"DEPLOY","releaseTime":"2026-03-04T15:13:07.649Z","releaseUser":{"email":"jona223j@gmail.com","imageUrl":"https://lh3.googleusercontent.com/a/ACg8ocLXu-GSlMQGsLeSp7YZi3J9YcWy-U4_QU-Cn-bxsJhFS6GQ=mo"}}
[info] ✔  hosting[actualbackend-3b454]: release complete 
[info] 
[info] ✔  Deploy complete! 
[info] 
[info] Project Console: https://console.firebase.google.com/project/actualbackend-3b454/overview
[info] Hosting URL: https://actualbackend-3b454.web.app
[debug] [2026-03-04T19:21:06.999Z] ----------------------------------------------------------------------
[debug] [2026-03-04T19:21:07.001Z] Command:       /opt/homebrew/Cellar/node/25.6.0/bin/node /Users/jonasyaich/.npm/_npx/ba4f1959e38407b5/node_modules/.bin/firebase deploy --only hosting
[debug] [2026-03-04T19:21:07.001Z] CLI Version:   15.8.0
[debug] [2026-03-04T19:21:07.001Z] Platform:      darwin
[debug] [2026-03-04T19:21:07.001Z] Node Version:  v25.6.0
[debug] [2026-03-04T19:21:07.001Z] Time:          Wed Mar 04 2026 20:21:07 GMT+0100 (Central European Standard Time)
[debug] [2026-03-04T19:21:07.001Z] ----------------------------------------------------------------------
[debug] 
[debug] [2026-03-04T19:21:08.108Z] > command requires scopes: ["email","openid","https://www.googleapis.com/auth/cloudplatformprojects.readonly","https://www.googleapis.com/auth/firebase","https://www.googleapis.com/auth/cloud-platform"]
[debug] [2026-03-04T19:21:08.108Z] > authorizing via signed-in user (jona223j@gmail.com)
[debug] [2026-03-04T19:21:08.108Z] [iam] checking project actualbackend-3b454 for permissions ["firebase.projects.get","firebasehosting.sites.update"]
[debug] [2026-03-04T19:21:08.109Z] Checked if tokens are valid: false, expires at: 1772640773846
[debug] [2026-03-04T19:21:08.109Z] Checked if tokens are valid: false, expires at: 1772640773846
[debug] [2026-03-04T19:21:08.109Z] > refreshing access token with scopes: []
[debug] [2026-03-04T19:21:08.110Z] >>> [apiv2][query] POST https://www.googleapis.com/oauth2/v3/token [none]
[debug] [2026-03-04T19:21:08.110Z] >>> [apiv2][body] POST https://www.googleapis.com/oauth2/v3/token [omitted]
[debug] [2026-03-04T19:21:08.318Z] <<< [apiv2][status] POST https://www.googleapis.com/oauth2/v3/token 200
[debug] [2026-03-04T19:21:08.319Z] <<< [apiv2][body] POST https://www.googleapis.com/oauth2/v3/token [omitted]
[debug] [2026-03-04T19:21:08.333Z] >>> [apiv2][query] POST https://cloudresourcemanager.googleapis.com/v1/projects/actualbackend-3b454:testIamPermissions [none]
[debug] [2026-03-04T19:21:08.334Z] >>> [apiv2][(partial)header] POST https://cloudresourcemanager.googleapis.com/v1/projects/actualbackend-3b454:testIamPermissions  x-goog-user-project=actualbackend-3b454
[debug] [2026-03-04T19:21:08.334Z] >>> [apiv2][body] POST https://cloudresourcemanager.googleapis.com/v1/projects/actualbackend-3b454:testIamPermissions {"permissions":["firebase.projects.get","firebasehosting.sites.update"]}
[debug] [2026-03-04T19:21:08.690Z] <<< [apiv2][status] POST https://cloudresourcemanager.googleapis.com/v1/projects/actualbackend-3b454:testIamPermissions 200
[debug] [2026-03-04T19:21:08.691Z] <<< [apiv2][body] POST https://cloudresourcemanager.googleapis.com/v1/projects/actualbackend-3b454:testIamPermissions {"permissions":["firebase.projects.get","firebasehosting.sites.update"]}
[debug] [2026-03-04T19:21:08.692Z] Checked if tokens are valid: true, expires at: 1772655667319
[debug] [2026-03-04T19:21:08.692Z] Checked if tokens are valid: true, expires at: 1772655667319
[debug] [2026-03-04T19:21:08.692Z] >>> [apiv2][query] GET https://firebase.googleapis.com/v1beta1/projects/actualbackend-3b454 [none]
[debug] [2026-03-04T19:21:09.263Z] <<< [apiv2][status] GET https://firebase.googleapis.com/v1beta1/projects/actualbackend-3b454 200
[debug] [2026-03-04T19:21:09.263Z] <<< [apiv2][body] GET https://firebase.googleapis.com/v1beta1/projects/actualbackend-3b454 {"projectId":"actualbackend-3b454","projectNumber":"491793307002","displayName":"actualbackend","name":"projects/actualbackend-3b454","resources":{"hostingSite":"actualbackend-3b454","realtimeDatabaseInstance":"actualbackend-3b454-default-rtdb"},"state":"ACTIVE","etag":"1_63b84acb-4b65-4cb2-9484-4807c31e764b"}
[info] 
[info] === Deploying to 'actualbackend-3b454'...
[info] 
[info] i  deploying hosting 
[debug] [2026-03-04T19:21:09.272Z] Checked if tokens are valid: true, expires at: 1772655667319
[debug] [2026-03-04T19:21:09.272Z] Checked if tokens are valid: true, expires at: 1772655667319
[debug] [2026-03-04T19:21:09.272Z] >>> [apiv2][query] POST https://firebasehosting.googleapis.com/v1beta1/projects/-/sites/actualbackend-3b454/versions [none]
[debug] [2026-03-04T19:21:09.272Z] >>> [apiv2][body] POST https://firebasehosting.googleapis.com/v1beta1/projects/-/sites/actualbackend-3b454/versions {"status":"CREATED","labels":{"deployment-tool":"cli-firebase"}}
[debug] [2026-03-04T19:21:11.452Z] <<< [apiv2][status] POST https://firebasehosting.googleapis.com/v1beta1/projects/-/sites/actualbackend-3b454/versions 200
[debug] [2026-03-04T19:21:11.453Z] <<< [apiv2][body] POST https://firebasehosting.googleapis.com/v1beta1/projects/-/sites/actualbackend-3b454/versions {"name":"projects/491793307002/sites/actualbackend-3b454/versions/bc81dbe0cd7a360f","status":"CREATED","config":{},"labels":{"deployment-tool":"cli-firebase"}}
[info] i  hosting[actualbackend-3b454]: beginning deploy... 
[info] i  hosting[actualbackend-3b454]: found 158 files in build 
[debug] [2026-03-04T19:21:11.482Z] [hosting] uploading with 200 concurrency
[debug] [2026-03-04T19:21:11.962Z] Checked if tokens are valid: true, expires at: 1772655667319
[debug] [2026-03-04T19:21:11.962Z] Checked if tokens are valid: true, expires at: 1772655667319
[debug] [2026-03-04T19:21:11.962Z] [hosting] hash cache [YnVpbGQ] stored for 158 files
[debug] [2026-03-04T19:21:11.962Z] [hosting][hash queue][FINAL] {"max":476,"min":21,"avg":40.025316455696206,"active":0,"complete":158,"success":158,"errored":0,"retried":0,"total":158,"elapsed":479}
[debug] [2026-03-04T19:21:11.963Z] >>> [apiv2][query] POST https://firebasehosting.googleapis.com/v1beta1/projects/491793307002/sites/actualbackend-3b454/versions/bc81dbe0cd7a360f:populateFiles [none]
[debug] [2026-03-04T19:21:11.963Z] >>> [apiv2][body] POST https://firebasehosting.googleapis.com/v1beta1/projects/491793307002/sites/actualbackend-3b454/versions/bc81dbe0cd7a360f:populateFiles {"files":{"/robots.txt":"391d14b3c2f8c9143a27a28c7399585142228d4d1bdbe2c87ac946de411fa9a2","/index.html":"3b06b43e5623c7e6836e16c5f91cb2116b77e033214fa246b7b40e32a61a30c9","/logo512.png":"64aabb146fe7b27bc6f1501e9770db37a3e76e15ae9714cc37953f6c41efc80a","/manifest.json":"af4c60dfde4694552dbdd63592ddc540a3be2c5b5c4fca387ae80d45c3ce530e","/asset-manifest.json":"4b2df8140565d6314c175dcb016fb99c1ab92ae37e7b8a66e54251bbd222f544","/static/js/main.e6e23f32.js.LICENSE.txt":"1b4d627902473c9cc92dbcdb7c9e9e6747b03e557e7252c7443694cac34beadc","/static/js/996.0fea2cb8.chunk.js.LICENSE.txt":"15e2d48aa7cb934f45a93392e9882770f25beb22f98ac210b1eb942ff30a4917","/logo192.png":"4395bc4a7245fe22bfcbd5e44ed7fbb2b7e43d923da872b731c7411533a5f4d8","/static/js/99.0341e4d8.chunk.js.LICENSE.txt":"26f01abe96e2f2c8007d52aa1a5d66293132cc4ff5196720586e069a1659c52f","/static/js/996.0fea2cb8.chunk.js":"f3e78d74b2f56483298885de02b135ef4d8a0bc63177a053efb7e5748529840c","/static/js/98.c1c7134a.chunk.js.map":"d1427166b09e7379107d669bbc4fa7a4f13a3e42ae792ddd00e0d732e363a653","/static/js/98.c1c7134a.chunk.js.LICENSE.txt":"15e2d48aa7cb934f45a93392e9882770f25beb22f98ac210b1eb942ff30a4917","/static/js/996.0fea2cb8.chunk.js.map":"c2cad5dcd24d7d36bdc6a9ca06e562a218f0558d91e821e72e44c7199b2102d3","/static/js/943.1590b78c.chunk.js.LICENSE.txt":"15e2d48aa7cb934f45a93392e9882770f25beb22f98ac210b1eb942ff30a4917","/static/js/98.c1c7134a.chunk.js":"9391aa02f6f40d45ae2b78447cb4e104be0b678abc20e0dae25af055318bc5ec","/static/js/943.1590b78c.chunk.js":"211536a4673704797c0c6403656541f6e061cd61945859fe33cd945b8493f0fa","/static/js/890.2ada8c02.chunk.js.LICENSE.txt":"00ef89c487faa38ca54c1241c5e06e148a24c3b4b3549007273a145957ad125e","/static/js/943.1590b78c.chunk.js.map":"7fe8cd18fecd5655ed1403517cf8832f6655ac18f89373250d662dc06731f241","/static/js/907.27deefa2.chunk.js":"b133f1d37b7f9d1ba0e2abecebafbde1dc70d73673b3ab5e47289814103c0754","/static/js/807.55103cac.chunk.js.map":"9d55b922ab71a1cfb05c4231f1cd7885543b8f7db74423855793bc409c6c9c17","/static/js/807.55103cac.chunk.js":"b8ee97cca7df26ad8995f13f9453f6bc2abe1c8460cc4b8b31f110b72d684881","/static/js/787.82a750a2.chunk.js.LICENSE.txt":"15e2d48aa7cb934f45a93392e9882770f25beb22f98ac210b1eb942ff30a4917","/static/js/787.82a750a2.chunk.js.map":"8d55470f539f4cb3a729fc57a74e9b9829644f373815a51d2ff72b646e31fa57","/static/js/787.82a750a2.chunk.js":"a4804bf00766fef9b8cf08494b1797a9f1c5347ead4d0e464ebaeb4629c47592","/static/js/726.63e0b181.chunk.js.map":"e77e883dd09c29424c2a5f20c45c648bb309b1b3ba149d6fa8d996e66874b2b9","/static/js/726.63e0b181.chunk.js":"aebc4e2fd6a9b07fb63ff97cce14e2beea06412612a4fffb4c3553e07fd4463e","/static/js/736.ba530f14.chunk.js":"f60edb9db2ade838ad2f202628fd6e2190091866268c2cc403070af289c2614c","/static/js/698.928a0726.chunk.js.LICENSE.txt":"15e2d48aa7cb934f45a93392e9882770f25beb22f98ac210b1eb942ff30a4917","/static/js/688.454f7f32.chunk.js":"e9382c633dd02d401be1f16d2c4208aba4123d6faed3a1caa3e1a5f6508c5240","/static/js/685.7d930c59.chunk.js":"4cdc2a0233e956b43037f67257aeb0d9181314be51cd6294a9763bf2b30c1f0d","/favicon.ico":"81b6fdb9e284828c8c0a50f0b6832dcbad8fbbeff9957e6821ad0ebb3c378bfe","/static/js/678.78a4a591.chunk.js":"43c2a87a21d367d01ccb70147fe09f51a974fcb478aad9a5ae81065960a981d6","/static/js/688.454f7f32.chunk.js.map":"4e2178812c7d47a04d9359016c254ff1281c6895da880565c95bde11b05db010","/static/js/678.78a4a591.chunk.js.map":"16e64cc35b7ba59b15531be1cbae0460a5b4bd61a65a1a6fe8c8266357ca2aea","/static/js/590.203f49d1.chunk.js.LICENSE.txt":"15e2d48aa7cb934f45a93392e9882770f25beb22f98ac210b1eb942ff30a4917","/static/js/642.4fd34104.chunk.js":"f1df37648885794e787a645944e1ca34652459fadad64fa33289132ed7a6fe57","/static/js/590.203f49d1.chunk.js":"282767ce7ba25f0d8512440e2f41f3a103b720e6999e923dbd5527ce8c8ece78","/static/js/907.27deefa2.chunk.js.map":"65fa72bdf01997b3d6ab44b53472750741a8a721586ce0c2d1004d8ce15ab6bf","/static/js/685.7d930c59.chunk.js.map":"fa6d17948044922d9e0869219ea46bc99e7c1d7187b000de6e50f67a0b978da9","/static/js/736.ba530f14.chunk.js.map":"29e035c401849c8504ccc3b1dc8a4e143dc8730023ead8475c6af777d9ff7082","/static/js/642.4fd34104.chunk.js.map":"b4907b4f8ea00239daaba0ef6b796b56dde179ca7d8d517b432362e19ed89517","/static/js/590.203f49d1.chunk.js.map":"ab10734e49a190d4bbc5467203ab5877d72a6a73b489371dc7e658a44197b4fd","/static/js/890.2ada8c02.chunk.js":"4e3c3f2bb1d0a65922fd75a63e0d56be590bfedb697b690aebf62a1f1f6bf8e4","/static/js/698.928a0726.chunk.js":"b9705c770f6e67a58655a045460668350fd7885cbb7c0a6829c85f50becbd62e","/static/js/564.b0c6fb88.chunk.js":"b141e4aa22c0e0b74ea78ff2a34f766db7265770fe6f2d20218847ae3f5e5f39","/static/js/553.4c9df158.chunk.js.LICENSE.txt":"15e2d48aa7cb934f45a93392e9882770f25beb22f98ac210b1eb942ff30a4917","/static/js/564.b0c6fb88.chunk.js.map":"1cf7c88c9f9f7280b64b786bfd4e0b20d399231d3c07cf4bdb5236850eecc380","/static/js/549.7be43e80.chunk.js":"af6a8d1d51ef8d859c006197d56ead4d557baf93d5d78a1e802cb9d2a72d0890","/static/js/495.2bc730e6.chunk.js.LICENSE.txt":"15e2d48aa7cb934f45a93392e9882770f25beb22f98ac210b1eb942ff30a4917","/static/js/495.2bc730e6.chunk.js":"252a8773a706c6fbce4016af2866202e72da1c317829405f71988ac45b0128ab","/static/js/495.2bc730e6.chunk.js.map":"dccddfe3de893110225091213e766315bcf6e7bbf72a92486e3a6b0b098d4139","/static/js/492.bf36c957.chunk.js.LICENSE.txt":"15e2d48aa7cb934f45a93392e9882770f25beb22f98ac210b1eb942ff30a4917","/static/js/492.bf36c957.chunk.js.map":"e059e30f998e634b4cff62f3938da4ade26bf1ee76991eb3f63a394fe6cb9b8a","/static/js/492.bf36c957.chunk.js":"6b668e5541fdc5711b72a44303c1402a3cd26a170bbd7762b33a2e69b53c303f","/static/js/464.3c7fec9e.chunk.js.LICENSE.txt":"15e2d48aa7cb934f45a93392e9882770f25beb22f98ac210b1eb942ff30a4917","/static/js/464.3c7fec9e.chunk.js":"0065d2b96a419d0229c7be7093cbaa3f0ed1a19ce0c28253a565dcf45f01339a","/static/js/453.d2cde605.chunk.js.map":"25be544347546da4eb7fce5171d3bd11e9b11bb39224d62ccd8a1213e412ada0","/static/js/464.3c7fec9e.chunk.js.map":"68716785616e25228a1f753fcfedfdf1648b673b18ac93cac1c62d50fda6a9f6","/static/js/453.d2cde605.chunk.js":"22998aacf99aaf14ad3e2bdb3fbb71f731aa7190c603cee85bc34b5892592175","/static/js/363.358258ae.chunk.js":"a237a90bedb99047bd05c0d413802f39d87fe86a78f54fa9ed09acb8e4524af3","/static/js/338.4dffaff2.chunk.js.LICENSE.txt":"15e2d48aa7cb934f45a93392e9882770f25beb22f98ac210b1eb942ff30a4917","/static/js/338.4dffaff2.chunk.js":"370c9ef4471cd982e3839afe2ee50bdfa8888e04bf59f4ed831af383954f65d6","/static/js/333.3218a2e8.chunk.js.LICENSE.txt":"15e2d48aa7cb934f45a93392e9882770f25beb22f98ac210b1eb942ff30a4917","/static/js/333.3218a2e8.chunk.js":"1526ef2f24d1b39e31ee544f9faa8887dfd9e0060cbed7d45cf53ebad1da1f85","/static/js/303.2b46552b.chunk.js.map":"12d21caa59577b9a9bc6fd78932458e18b4a8f9700d74dee9f6f41047c0f901c","/static/js/303.2b46552b.chunk.js.LICENSE.txt":"15e2d48aa7cb934f45a93392e9882770f25beb22f98ac210b1eb942ff30a4917","/static/js/303.2b46552b.chunk.js":"1aa37ba5a24ad1bf5edcd6b74f0f9180399448b0d2fdc8bf584b5c531d51280a","/static/js/296.37790df1.chunk.js.LICENSE.txt":"15e2d48aa7cb934f45a93392e9882770f25beb22f98ac210b1eb942ff30a4917","/static/js/296.37790df1.chunk.js":"885aa986c6a48ea4db03a059de9ad1203b5ef70899cec083128a8eb5e01d0ba9","/static/js/288.787bcd59.chunk.js.LICENSE.txt":"15e2d48aa7cb934f45a93392e9882770f25beb22f98ac210b1eb942ff30a4917","/static/js/296.37790df1.chunk.js.map":"c89b58e50efb9e4dc106177eed2657dc43f11a253ab9589422a3948d6aaab7bf","/static/js/269.05944dcc.chunk.js":"fd5ca4ec8794ad322c5cf31a7f3863f179197d2709b830542833db799db7c73d","/static/js/553.4c9df158.chunk.js":"09fcb3f914e89cacc55fed975f4ea509ec1dd00d103fbe013bcbbd76174921b9","/static/js/549.7be43e80.chunk.js.map":"cb938089b5581cf3a56d33cef95f029d0d1a279dd493c36760ca274e509afe4d","/static/js/333.3218a2e8.chunk.js.map":"4a4c699fffded725e7eae4aeb479d57ace2b53113ef979fa27057f1d3f4423f9","/static/js/265.e09344b3.chunk.js.map":"8539842c29ddc40086137b813f3496723ceb75cf9fe546f6bc9e4f1cff605590","/static/js/265.e09344b3.chunk.js.LICENSE.txt":"15e2d48aa7cb934f45a93392e9882770f25beb22f98ac210b1eb942ff30a4917","/static/js/363.358258ae.chunk.js.map":"403fa9dd74d0fd8d8b760cfebb0bd2091c92d9ab11ef102d06c1e7a04addfcce","/static/js/338.4dffaff2.chunk.js.map":"b5ee6f86632eca7401f830cb6b068f34da6ed3f59c6f9eb45f0707c72901d256","/static/js/288.787bcd59.chunk.js":"708ddd693316f923133717294f2eba452ec3d7fd47498770fbe886a3a3c5c345","/static/js/99.0341e4d8.chunk.js":"e2c837973c4a214d13e75ba42c4e25df358416277648f0df6a3a37b1db5fd831","/static/js/265.e09344b3.chunk.js":"e02a62400d84db75b8f9543b443b90d54e22d715f6dba6a030a9bbe225a7d255","/static/js/263.1c93bf92.chunk.js":"3a9809c5f11135edd7a224901191a964fe98bbae51157e32b29796f310e616d8","/static/js/233.1690ba19.chunk.js":"1ffc32abae04ba3a7422ffc5a5d64304681320cf04247910e367e340a5721e76","/static/js/233.1690ba19.chunk.js.map":"6c23ab8d1db1dde7b4c7448180318524c4423e1fe29fed057d95090cec3ae42f","/static/js/150.51ee49a7.chunk.js.map":"632aa4d6f2bc7a98ce2c6a2a85f357500f2f4c28c198459562e3685f466064a8","/static/js/150.51ee49a7.chunk.js.LICENSE.txt":"15e2d48aa7cb934f45a93392e9882770f25beb22f98ac210b1eb942ff30a4917","/static/js/150.51ee49a7.chunk.js":"e1ba92c43a35fb8904db3d78eae1b53c5e02b81718b7a20450d8551056ff98a9","/static/js/125.40b31da6.chunk.js.map":"87bd762252347156b7cabc093e502933cce328e30e9d8850e61ef4bb281a3160","/static/js/125.40b31da6.chunk.js":"f6c5ab37adafcf301adde38845de1cc288d72eb4f349f3ad4ccfa1bc57d801f5","/static/js/269.05944dcc.chunk.js.map":"5c40435c6e89cc65ded04ca2479103207f58db9e62b677c45ac1e46d307c7b62","/static/js/111.b2b96088.chunk.js.LICENSE.txt":"15e2d48aa7cb934f45a93392e9882770f25beb22f98ac210b1eb942ff30a4917","/static/css/996.0abfc4c7.chunk.css":"61a535217995f6e3058e430b0ec92f12d34bc273144a788ed21f64d061a32f3b","/static/css/996.0abfc4c7.chunk.css.map":"7df8ac8b935c3e83222da672129ff3d18187bab04e36fff37d33e23137b20d1d","/static/css/943.48d1088b.chunk.css":"c86341e6a1529bae35e07bc831d79deb97e59716016509920b013c555335fa8d","/static/css/943.48d1088b.chunk.css.map":"42df84968151b5655bbab7b7cf2d021be436f3bb6b16f87d9a50c73e10d72860","/static/css/807.b41774b7.chunk.css.map":"c7bbdbef98a2e4a994c9ea5ad07a32b0f6680f6f4c833cb670a6f695a48b8e8a","/static/css/807.b41774b7.chunk.css":"aa6eb10312eb8d448e90970c9847948665dba57822c888ade78f04a858eef280","/static/css/736.28ba2c84.chunk.css.map":"76fb679ee114d45f023dfc5f0f2361429ba23b741b3d0d67f61fca7c1ae3ba7d","/static/css/736.28ba2c84.chunk.css":"23f616354b50d20babf3647be146ad4c2ee92a0a4082b95addbe7a09ccd779aa","/static/css/688.30ef763c.chunk.css.map":"d42cc03fe01d12f302ca3329a7e8b9ed6f60d33fe1cf99bc5cedd3c442369af5","/static/css/688.30ef763c.chunk.css":"cb05c1668fb6ff27b5ab7ac4a4791c19a5a74bd2b6cd6640bc461ad2d8350f87","/static/css/685.2e672648.chunk.css":"b3d841ee1c7fc4411398566dff84901bf43ace942b86046157d562ff7a269415","/static/css/685.2e672648.chunk.css.map":"e0e3934d644ff120649c4a93efcaa64792f257f9620a109ccdfb96c55ac87635","/static/css/590.56fce157.chunk.css.map":"1e6b6f93df1c03c289117833cc86283f8109478eda37e0269e90ed8ce573e621","/static/css/590.56fce157.chunk.css":"7676083a483b4a8b7c0d9ed55b52daec5c2bbe897b6c908a538706891176caa0","/static/css/564.cb854582.chunk.css.map":"60ded699ec67863b8b6b8c0fed2b4fd86ecf39599e42fd68bbb7c9a581e58c86","/static/css/338.44779294.chunk.css.map":"40e7ce3af3686e49edcba9624eeb3efdfb871a36380b536f5916d04c280eb0a8","/static/css/564.cb854582.chunk.css":"d0316b2939f987291fa08c8f8193e0751809595fecf879be43de86953d144027","/static/css/338.44779294.chunk.css":"571552f44d0b1d5044e56175cb439f180d1863aea719697f8cee114ac775ad60","/static/css/333.8acaa905.chunk.css":"0df91d8cf13fdb6c79be5c0e8f8f9dfe7badccfdad72600c0ae33d7f8a9d34d5","/static/css/333.8acaa905.chunk.css.map":"d9166296d53c86e125a4087695589b268d13ca2a6f86a3310e1f1a07d36e054b","/static/css/296.28eb687f.chunk.css.map":"916309e9b2d757092eeb271ae9177740c8b8b15395b98c8c4b1b0e301f47543b","/static/css/main.b5ea5b8a.css.map":"56f3794feba9202cb26b128567e826e4d386beef86f5d5fc8a131f95e573ae36","/static/css/296.28eb687f.chunk.css":"ca8acb34c71be13f0fffa9c46917c393d013241e7930e545b449f826d463bf91","/static/js/263.1c93bf92.chunk.js.map":"7b9b0eb9fd2b9dbf7293ce33bf533c283247da7a70744bd145c302d7901917d2","/static/js/111.b2b96088.chunk.js":"9b194a3112ba58bd0fbd2ee43945a5e5d67b3fc36873b5af3a9dff5d9dbe87b0","/static/css/288.6f2d9f40.chunk.css.map":"541b9d46f94bb36d00691395e1a344712b013ddfff12b0d696cff4a0c08d5715","/static/css/288.6f2d9f40.chunk.css":"db51a1d5246cc0bef62483781db0be1dcb489d50556288e2e0bedd4aeb0a90a0","/static/css/269.76bad261.chunk.css.map":"b921982c9a5d599d58ff63d68e5223206251a71fe046258c3acf09913a120567","/static/css/269.76bad261.chunk.css":"4dc4f158aeb3538928157e8edd6a7dcf21222eac7670a002088f439da691298a","/static/css/265.e8b3f508.chunk.css":"38309be7a909d0a52993dcf275c9cd8c9f3c4e6c57885414b2f1fe15b2a25f0d","/static/css/265.e8b3f508.chunk.css.map":"68194589a678163c42cbf597f86e18754502489a3196b94a25b3d40a5426be40","/static/css/130.392a2e2d.chunk.css.map":"badac6b25807f9889883c3ec90dedd3544634f6deb6b9c2866a19677c12929e4","/static/css/130.392a2e2d.chunk.css":"59fa56e1e977bf04953b60ee51dca942e3d4daa4f52ada88ad7964f465677df0","/static/css/127.5025c5e8.chunk.css":"c18485914c2d084292d8ce20f091dbcde78c37398030b9dfd2fa46f8daceb0b4","/static/css/125.ffd2608f.chunk.css.map":"80350cbe09289026feffd177f1c2a6e8151efeaa6d494afdcc927975fc78328d","/static/css/125.ffd2608f.chunk.css":"5d5a8145595e927dd9f40a11e9893f7e4d7fa9891e47954c5a4f9c8f3abfc1d7","/static/css/main.b5ea5b8a.css":"9d5b0daebe1eb1ea4c78796095a7ba296ee0a0155721bcafb145ce6358c12c5a","/hero-5/unnamed.jpg":"d0d5f07f3c7d421eb939d435e0d69c82352541204b0d7fc6fb9718404767fccd","/hero-5/apple-pay-logo-coopbank.webp":"2307d345345dcd54aef47e5eb63a1296f3c913d842bdbc663601546be8cc6428","/hero-5/Visa_Grey.avif":"c08fef8c80a87eca21fef3b2260d835ed8085303e2ab5132f64090ead128b8d7","/hero-5/Mastercard_2019_logo.svg":"383ef9f8a933f72f1a5fc35b7ab4a2f18ae974156d78794038b32fb6afdbebd4","/static/css/127.5025c5e8.chunk.css.map":"ffeb2055675c65ae614ea7075a1ad8f5255902e7436ef949b453e50c1f0804eb","/static/js/288.787bcd59.chunk.js.map":"39e4b70e0df3ac2cb2b55f4d875bd0c194094eee378cce65d977028ccd0813c3","/static/js/553.4c9df158.chunk.js.map":"c83fdb95faae53ebef419914ee9e2040dd46379fec872adef14c7c37a563c260","/hero-5/unnamed.webp":"053d2c1e8ff29c8f5f3c630136e4e1776a8c2231334a4b79912c25168e65031e","/hero-5/physio-picture.jpg":"2d1249adc33d7929226cca9173fe87ac56487edc734806e3f51a246a37be8220","/hero-5/selma-logo-final.jpg":"1b9989229fde27bce3f5dcfabfeb08f0f15657b56812e1c8d7ea2ef3fb5639b3","/hero-5/MobilePay-1200x627.jpg":"e6dd51a6112a09aa33e67a27d1a3b6fbac19bdd3c2eeba7113497e80bcc04075","/static/js/111.b2b96088.chunk.js.map":"0f03848bd602093e6f5b87ba03c2c7588cab6fb8e25c8b38596e629871113571","/static/js/698.928a0726.chunk.js.map":"3a61279a51ab1f371f3ece56e5cdfe34ddb196502ffdaf9c8496606e6089b978","/hero-5/booking-hjemmeside.jpg":"a4de6fcd8b833421127bffe75ef3972653659c8e380a275156ce32e27d90fb26","/hero-5/insta-profil.jpg":"b4883fc86225c184d1c7936dc16f46dfd55784845a34862e9f1e97ed896964c9","/static/js/890.2ada8c02.chunk.js.map":"dba798692a7038d67fc69576b2cd5c4e5a870de72c325a074f144b16872e7467","/static/js/99.0341e4d8.chunk.js.map":"1dea4cf2a5b7d167bb3b8e140be7cbca67d61342e8fa00999c74ece546473efc","/hero-4/clinic-overview.png":"fc15885d0428a8a30ba6d317056de0869d40b2b5668dac7a938cef266556d5b0","/static/js/main.e6e23f32.js":"dd98550b8a60e8a91427bdc17e82787325318122eb2edf02c8c1923f4ce3b74e","/hero-4/calendar-week.png":"0343644df56057efa8951e2aae430cc7ae969cf41e7343495f942765ee07cef7","/hero-6/screen-3.png":"9a0551e4dd92e4a95ba99826a333237b3c3bb22e9247900418cc4f6e1127e2d0","/hero-6/screen-6.png":"781f334972758d31c6e6302874f1b7bb05a19af54fb42a304c75dfabb2ab51e6","/hero-6/screen-1.png":"676f001bddfd837bcb4c29adc8a802ddce3a583c0efd0e2a66db6d8e7a50315f","/hero-6/screen-5.png":"84514542bc84a327691323d2dc95cafe3187ff8ee6e56e5bae94a09877878b6d","/hero-6/screen-4.png":"b0b0ddba66f251afc1a5e9873fb7dffcaf62766838da676d14ed764740ebeb70","/hero-6/screen-2.png":"6608d3035ed5f3ebe891a5822e31ed21d6d24ae9281914e371fed782e746d111","/assets/selmalogo.png":"a9d6a9f8fcb32340c9e0cc23f9a76b0010fe85cdd7ddd81d732aa11e5e66c15d","/hero-2/pexels-yankrukov-5793904.jpg":"ee985c25810015e60c1924102c304a7fc965152bd96cbe18883e3d84eb6d37f3","/static/js/main.e6e23f32.js.map":"baf4feaa07fdf6c8f49d7f366db73f3aa45b31bece6bfc5aa5186957a6691e7f"}}
[info] i  hosting: adding files to version [0/158] (0%) 
[debug] [2026-03-04T19:21:13.662Z] <<< [apiv2][status] POST https://firebasehosting.googleapis.com/v1beta1/projects/491793307002/sites/actualbackend-3b454/versions/bc81dbe0cd7a360f:populateFiles 200
[debug] [2026-03-04T19:21:13.662Z] <<< [apiv2][body] POST https://firebasehosting.googleapis.com/v1beta1/projects/491793307002/sites/actualbackend-3b454/versions/bc81dbe0cd7a360f:populateFiles {"uploadRequiredHashes":["dd98550b8a60e8a91427bdc17e82787325318122eb2edf02c8c1923f4ce3b74e","b9705c770f6e67a58655a045460668350fd7885cbb7c0a6829c85f50becbd62e","baf4feaa07fdf6c8f49d7f366db73f3aa45b31bece6bfc5aa5186957a6691e7f","3a61279a51ab1f371f3ece56e5cdfe34ddb196502ffdaf9c8496606e6089b978","4b2df8140565d6314c175dcb016fb99c1ab92ae37e7b8a66e54251bbd222f544","3b06b43e5623c7e6836e16c5f91cb2116b77e033214fa246b7b40e32a61a30c9"],"uploadUrl":"https://upload-firebasehosting.googleapis.com/upload/sites/actualbackend-3b454/versions/bc81dbe0cd7a360f/files"}
[debug] [2026-03-04T19:21:13.663Z] Checked if tokens are valid: true, expires at: 1772655667319
[debug] [2026-03-04T19:21:13.663Z] Checked if tokens are valid: true, expires at: 1772655667319
[debug] [2026-03-04T19:21:13.663Z] Checked if tokens are valid: true, expires at: 1772655667319
[debug] [2026-03-04T19:21:13.664Z] Checked if tokens are valid: true, expires at: 1772655667319
[debug] [2026-03-04T19:21:13.664Z] Checked if tokens are valid: true, expires at: 1772655667319
[debug] [2026-03-04T19:21:13.664Z] Checked if tokens are valid: true, expires at: 1772655667319
[debug] [2026-03-04T19:21:13.664Z] Checked if tokens are valid: true, expires at: 1772655667319
[debug] [2026-03-04T19:21:13.664Z] Checked if tokens are valid: true, expires at: 1772655667319
[debug] [2026-03-04T19:21:13.664Z] Checked if tokens are valid: true, expires at: 1772655667319
[debug] [2026-03-04T19:21:13.664Z] Checked if tokens are valid: true, expires at: 1772655667319
[debug] [2026-03-04T19:21:13.664Z] Checked if tokens are valid: true, expires at: 1772655667319
[debug] [2026-03-04T19:21:13.664Z] Checked if tokens are valid: true, expires at: 1772655667319
[debug] [2026-03-04T19:21:13.665Z] >>> [apiv2][query] POST https://upload-firebasehosting.googleapis.com/upload/sites/actualbackend-3b454/versions/bc81dbe0cd7a360f/files/dd98550b8a60e8a91427bdc17e82787325318122eb2edf02c8c1923f4ce3b74e [none]
[debug] [2026-03-04T19:21:13.665Z] >>> [apiv2][body] POST https://upload-firebasehosting.googleapis.com/upload/sites/actualbackend-3b454/versions/bc81dbe0cd7a360f/files/dd98550b8a60e8a91427bdc17e82787325318122eb2edf02c8c1923f4ce3b74e [stream]
[debug] [2026-03-04T19:21:13.669Z] >>> [apiv2][query] POST https://upload-firebasehosting.googleapis.com/upload/sites/actualbackend-3b454/versions/bc81dbe0cd7a360f/files/b9705c770f6e67a58655a045460668350fd7885cbb7c0a6829c85f50becbd62e [none]
[debug] [2026-03-04T19:21:13.669Z] >>> [apiv2][body] POST https://upload-firebasehosting.googleapis.com/upload/sites/actualbackend-3b454/versions/bc81dbe0cd7a360f/files/b9705c770f6e67a58655a045460668350fd7885cbb7c0a6829c85f50becbd62e [stream]
[debug] [2026-03-04T19:21:13.671Z] >>> [apiv2][query] POST https://upload-firebasehosting.googleapis.com/upload/sites/actualbackend-3b454/versions/bc81dbe0cd7a360f/files/baf4feaa07fdf6c8f49d7f366db73f3aa45b31bece6bfc5aa5186957a6691e7f [none]
[debug] [2026-03-04T19:21:13.671Z] >>> [apiv2][body] POST https://upload-firebasehosting.googleapis.com/upload/sites/actualbackend-3b454/versions/bc81dbe0cd7a360f/files/baf4feaa07fdf6c8f49d7f366db73f3aa45b31bece6bfc5aa5186957a6691e7f [stream]
[debug] [2026-03-04T19:21:13.672Z] >>> [apiv2][query] POST https://upload-firebasehosting.googleapis.com/upload/sites/actualbackend-3b454/versions/bc81dbe0cd7a360f/files/3a61279a51ab1f371f3ece56e5cdfe34ddb196502ffdaf9c8496606e6089b978 [none]
[debug] [2026-03-04T19:21:13.672Z] >>> [apiv2][body] POST https://upload-firebasehosting.googleapis.com/upload/sites/actualbackend-3b454/versions/bc81dbe0cd7a360f/files/3a61279a51ab1f371f3ece56e5cdfe34ddb196502ffdaf9c8496606e6089b978 [stream]
[debug] [2026-03-04T19:21:13.674Z] >>> [apiv2][query] POST https://upload-firebasehosting.googleapis.com/upload/sites/actualbackend-3b454/versions/bc81dbe0cd7a360f/files/4b2df8140565d6314c175dcb016fb99c1ab92ae37e7b8a66e54251bbd222f544 [none]
[debug] [2026-03-04T19:21:13.674Z] >>> [apiv2][body] POST https://upload-firebasehosting.googleapis.com/upload/sites/actualbackend-3b454/versions/bc81dbe0cd7a360f/files/4b2df8140565d6314c175dcb016fb99c1ab92ae37e7b8a66e54251bbd222f544 [stream]
[debug] [2026-03-04T19:21:13.675Z] >>> [apiv2][query] POST https://upload-firebasehosting.googleapis.com/upload/sites/actualbackend-3b454/versions/bc81dbe0cd7a360f/files/3b06b43e5623c7e6836e16c5f91cb2116b77e033214fa246b7b40e32a61a30c9 [none]
[debug] [2026-03-04T19:21:13.676Z] >>> [apiv2][body] POST https://upload-firebasehosting.googleapis.com/upload/sites/actualbackend-3b454/versions/bc81dbe0cd7a360f/files/3b06b43e5623c7e6836e16c5f91cb2116b77e033214fa246b7b40e32a61a30c9 [stream]
[debug] [2026-03-04T19:21:13.677Z] [hosting][populate queue][FINAL] {"max":1703,"min":1703,"avg":1703,"active":0,"complete":1,"success":1,"errored":0,"retried":0,"total":1,"elapsed":1716}
[debug] [2026-03-04T19:21:13.677Z] [hosting] uploads queued: 6
[debug] [2026-03-04T19:21:14.895Z] <<< [apiv2][status] POST https://upload-firebasehosting.googleapis.com/upload/sites/actualbackend-3b454/versions/bc81dbe0cd7a360f/files/4b2df8140565d6314c175dcb016fb99c1ab92ae37e7b8a66e54251bbd222f544 200
[debug] [2026-03-04T19:21:14.896Z] <<< [apiv2][body] POST https://upload-firebasehosting.googleapis.com/upload/sites/actualbackend-3b454/versions/bc81dbe0cd7a360f/files/4b2df8140565d6314c175dcb016fb99c1ab92ae37e7b8a66e54251bbd222f544 [stream]
[debug] [2026-03-04T19:21:14.897Z] <<< [apiv2][status] POST https://upload-firebasehosting.googleapis.com/upload/sites/actualbackend-3b454/versions/bc81dbe0cd7a360f/files/3a61279a51ab1f371f3ece56e5cdfe34ddb196502ffdaf9c8496606e6089b978 200
[debug] [2026-03-04T19:21:14.897Z] <<< [apiv2][body] POST https://upload-firebasehosting.googleapis.com/upload/sites/actualbackend-3b454/versions/bc81dbe0cd7a360f/files/3a61279a51ab1f371f3ece56e5cdfe34ddb196502ffdaf9c8496606e6089b978 [stream]
[debug] [2026-03-04T19:21:14.899Z] <<< [apiv2][status] POST https://upload-firebasehosting.googleapis.com/upload/sites/actualbackend-3b454/versions/bc81dbe0cd7a360f/files/b9705c770f6e67a58655a045460668350fd7885cbb7c0a6829c85f50becbd62e 200
[debug] [2026-03-04T19:21:14.899Z] <<< [apiv2][body] POST https://upload-firebasehosting.googleapis.com/upload/sites/actualbackend-3b454/versions/bc81dbe0cd7a360f/files/b9705c770f6e67a58655a045460668350fd7885cbb7c0a6829c85f50becbd62e [stream]
[debug] [2026-03-04T19:21:15.028Z] <<< [apiv2][status] POST https://upload-firebasehosting.googleapis.com/upload/sites/actualbackend-3b454/versions/bc81dbe0cd7a360f/files/3b06b43e5623c7e6836e16c5f91cb2116b77e033214fa246b7b40e32a61a30c9 200
[debug] [2026-03-04T19:21:15.029Z] <<< [apiv2][body] POST https://upload-firebasehosting.googleapis.com/upload/sites/actualbackend-3b454/versions/bc81dbe0cd7a360f/files/3b06b43e5623c7e6836e16c5f91cb2116b77e033214fa246b7b40e32a61a30c9 [stream]
[debug] [2026-03-04T19:21:15.192Z] <<< [apiv2][status] POST https://upload-firebasehosting.googleapis.com/upload/sites/actualbackend-3b454/versions/bc81dbe0cd7a360f/files/dd98550b8a60e8a91427bdc17e82787325318122eb2edf02c8c1923f4ce3b74e 200
[debug] [2026-03-04T19:21:15.192Z] <<< [apiv2][body] POST https://upload-firebasehosting.googleapis.com/upload/sites/actualbackend-3b454/versions/bc81dbe0cd7a360f/files/dd98550b8a60e8a91427bdc17e82787325318122eb2edf02c8c1923f4ce3b74e [stream]
[info] i  hosting: uploading new files [5/6] (83%) 
[debug] [2026-03-04T19:21:16.021Z] <<< [apiv2][status] POST https://upload-firebasehosting.googleapis.com/upload/sites/actualbackend-3b454/versions/bc81dbe0cd7a360f/files/baf4feaa07fdf6c8f49d7f366db73f3aa45b31bece6bfc5aa5186957a6691e7f 200
[debug] [2026-03-04T19:21:16.021Z] <<< [apiv2][body] POST https://upload-firebasehosting.googleapis.com/upload/sites/actualbackend-3b454/versions/bc81dbe0cd7a360f/files/baf4feaa07fdf6c8f49d7f366db73f3aa45b31bece6bfc5aa5186957a6691e7f [stream]
[debug] [2026-03-04T19:21:16.022Z] [hosting][upload queue][FINAL] {"max":2358,"min":1232,"avg":1492.1666666666667,"active":0,"complete":6,"success":6,"errored":0,"retried":0,"total":6,"elapsed":2359}
[info] i  hosting: upload complete 
[info] ✔  hosting[actualbackend-3b454]: file upload complete 
[debug] [2026-03-04T19:21:16.023Z] [hosting] deploy completed after 4566ms
[debug] [2026-03-04T19:21:16.024Z] [
  {
    "config": {
      "public": "build",
      "ignore": [
        "firebase.json",
        "**/.*",
        "**/node_modules/**"
      ],
      "rewrites": [
        {
          "source": "/api/corti/**",
          "run": {
            "serviceId": "actualbackend-api",
            "region": "us-central1"
          }
        },
        {
          "source": "/ws/corti/**",
          "run": {
            "serviceId": "actualbackend-api",
            "region": "us-central1"
          }
        },
        {
          "source": "/api/**",
          "run": {
            "serviceId": "actualbackend-api",
            "region": "us-central1"
          }
        },
        {
          "source": "/ws/**",
          "run": {
            "serviceId": "actualbackend-api",
            "region": "us-central1"
          }
        },
        {
          "source": "**",
          "destination": "/index.html"
        }
      ],
      "site": "actualbackend-3b454"
    },
    "version": "projects/491793307002/sites/actualbackend-3b454/versions/bc81dbe0cd7a360f"
  }
]
[info] i  hosting[actualbackend-3b454]: finalizing version... 
[debug] [2026-03-04T19:21:16.027Z] Checked if tokens are valid: true, expires at: 1772655667319
[debug] [2026-03-04T19:21:16.027Z] Checked if tokens are valid: true, expires at: 1772655667319
[debug] [2026-03-04T19:21:16.027Z] >>> [apiv2][query] GET https://cloudfunctions.googleapis.com/v1/projects/actualbackend-3b454/locations/-/functions [none]
[debug] [2026-03-04T19:21:16.960Z] <<< [apiv2][status] GET https://cloudfunctions.googleapis.com/v1/projects/actualbackend-3b454/locations/-/functions 200
[debug] [2026-03-04T19:21:16.960Z] <<< [apiv2][body] GET https://cloudfunctions.googleapis.com/v1/projects/actualbackend-3b454/locations/-/functions {}
[debug] [2026-03-04T19:21:16.961Z] Checked if tokens are valid: true, expires at: 1772655667319
[debug] [2026-03-04T19:21:16.961Z] Checked if tokens are valid: true, expires at: 1772655667319
[debug] [2026-03-04T19:21:16.962Z] >>> [apiv2][query] GET https://cloudfunctions.googleapis.com/v2/projects/actualbackend-3b454/locations/-/functions filter=environment%3D%22GEN_2%22
[debug] [2026-03-04T19:21:18.100Z] <<< [apiv2][status] GET https://cloudfunctions.googleapis.com/v2/projects/actualbackend-3b454/locations/-/functions 200
[debug] [2026-03-04T19:21:18.100Z] <<< [apiv2][body] GET https://cloudfunctions.googleapis.com/v2/projects/actualbackend-3b454/locations/-/functions {"functions":[{"name":"projects/actualbackend-3b454/locations/us-central1/functions/openai_completion","buildConfig":{"build":"projects/491793307002/locations/us-central1/builds/e52ddbfc-d142-4246-a18a-8c2cc49764cb","runtime":"python312","entryPoint":"openai_completion","source":{"storageSource":{"bucket":"gcf-v2-sources-491793307002-us-central1","object":"openai_completion/function-source.zip","generation":"1772537952441232"}},"environmentVariables":{"GOOGLE_NODE_RUN_SCRIPTS":""},"dockerRepository":"projects/actualbackend-3b454/locations/us-central1/repositories/gcf-artifacts","sourceProvenance":{"resolvedStorageSource":{"bucket":"gcf-v2-sources-491793307002-us-central1","object":"openai_completion/function-source.zip","generation":"1772537952441232"}},"dockerRegistry":"ARTIFACT_REGISTRY","serviceAccount":"projects/actualbackend-3b454/serviceAccounts/491793307002-compute@developer.gserviceaccount.com","automaticUpdatePolicy":{}},"serviceConfig":{"service":"projects/actualbackend-3b454/locations/us-central1/services/openai-completion","timeoutSeconds":60,"environmentVariables":{"BOOKING_CONFIRMATION_EMAIL_ENABLED":"true","BOOKING_CONFIRMATION_FROM_EMAIL":"Selma+ <booking@booking.selmaplus.tech>","BOOKING_CONFIRMATION_REPLY_TO_EMAIL":"","RESEND_API_KEY":"re_DE2YQdzb_NaRV2dczsNZmRCkDc4GYCNMJ","RESEND_API_BASE":"https://api.resend.com","FIREBASE_CONFIG":"{\"projectId\":\"actualbackend-3b454\",\"databaseURL\":\"https://actualbackend-3b454-default-rtdb.europe-west1.firebasedatabase.app\",\"storageBucket\":\"actualbackend-3b454.firebasestorage.app\"}","GCLOUD_PROJECT":"actualbackend-3b454","EVENTARC_CLOUD_EVENT_SOURCE":"projects/actualbackend-3b454/locations/us-central1/services/openai_completion","FUNCTION_TARGET":"openai_completion","LOG_EXECUTION_ID":"true","FUNCTION_SIGNATURE_TYPE":"http"},"maxInstanceCount":10,"ingressSettings":"ALLOW_ALL","uri":"https://openai-completion-cqj5vybxha-uc.a.run.app","serviceAccountEmail":"491793307002-compute@developer.gserviceaccount.com","availableMemory":"256Mi","allTrafficOnLatestRevision":true,"revision":"openai-completion-00013-yac","maxInstanceRequestConcurrency":1,"availableCpu":"0.1666"},"state":"ACTIVE","updateTime":"2026-03-03T11:39:31.929844115Z","labels":{"firebase-functions-codebase":"python_functions","firebase-functions-hash":"e5b42d5f304284a3d66d45887f56a36e9470ed68","deployment-tool":"cli-firebase"},"environment":"GEN_2","url":"https://us-central1-actualbackend-3b454.cloudfunctions.net/openai_completion","createTime":"2025-11-19T16:57:04.241899766Z","satisfiesPzi":true},{"name":"projects/actualbackend-3b454/locations/us-central1/functions/publicGetAvailability","buildConfig":{"build":"projects/491793307002/locations/us-central1/builds/e52ddbfc-d142-4246-a18a-8c2cc49764cb","runtime":"python312","entryPoint":"publicGetAvailability","source":{"storageSource":{"bucket":"gcf-v2-sources-491793307002-us-central1","object":"publicGetAvailability/function-source.zip","generation":"1772537952471214"}},"environmentVariables":{"GOOGLE_NODE_RUN_SCRIPTS":""},"dockerRepository":"projects/actualbackend-3b454/locations/us-central1/repositories/gcf-artifacts","sourceProvenance":{"resolvedStorageSource":{"bucket":"gcf-v2-sources-491793307002-us-central1","object":"publicGetAvailability/function-source.zip","generation":"1772537952471214"}},"dockerRegistry":"ARTIFACT_REGISTRY","serviceAccount":"projects/actualbackend-3b454/serviceAccounts/491793307002-compute@developer.gserviceaccount.com","automaticUpdatePolicy":{}},"serviceConfig":{"service":"projects/actualbackend-3b454/locations/us-central1/services/publicgetavailability","timeoutSeconds":60,"environmentVariables":{"BOOKING_CONFIRMATION_EMAIL_ENABLED":"true","BOOKING_CONFIRMATION_FROM_EMAIL":"Selma+ <booking@booking.selmaplus.tech>","BOOKING_CONFIRMATION_REPLY_TO_EMAIL":"","RESEND_API_KEY":"re_DE2YQdzb_NaRV2dczsNZmRCkDc4GYCNMJ","RESEND_API_BASE":"https://api.resend.com","FIREBASE_CONFIG":"{\"projectId\":\"actualbackend-3b454\",\"databaseURL\":\"https://actualbackend-3b454-default-rtdb.europe-west1.firebasedatabase.app\",\"storageBucket\":\"actualbackend-3b454.firebasestorage.app\"}","GCLOUD_PROJECT":"actualbackend-3b454","EVENTARC_CLOUD_EVENT_SOURCE":"projects/actualbackend-3b454/locations/us-central1/services/publicGetAvailability","FUNCTION_TARGET":"publicGetAvailability","LOG_EXECUTION_ID":"true","FUNCTION_SIGNATURE_TYPE":"http"},"maxInstanceCount":10,"ingressSettings":"ALLOW_ALL","uri":"https://publicgetavailability-cqj5vybxha-uc.a.run.app","serviceAccountEmail":"491793307002-compute@developer.gserviceaccount.com","availableMemory":"256Mi","allTrafficOnLatestRevision":true,"revision":"publicgetavailability-00014-roj","maxInstanceRequestConcurrency":1,"availableCpu":"0.1666"},"state":"ACTIVE","updateTime":"2026-03-03T11:39:31.704411340Z","labels":{"firebase-functions-codebase":"python_functions","firebase-functions-hash":"e5b42d5f304284a3d66d45887f56a36e9470ed68","deployment-tool":"cli-firebase"},"environment":"GEN_2","url":"https://us-central1-actualbackend-3b454.cloudfunctions.net/publicGetAvailability","createTime":"2025-12-28T14:58:27.013272596Z","satisfiesPzi":true},{"name":"projects/actualbackend-3b454/locations/us-central1/functions/getClinicStaffPublic","buildConfig":{"build":"projects/491793307002/locations/us-central1/builds/e52ddbfc-d142-4246-a18a-8c2cc49764cb","runtime":"python312","entryPoint":"getClinicStaffPublic","source":{"storageSource":{"bucket":"gcf-v2-sources-491793307002-us-central1","object":"getClinicStaffPublic/function-source.zip","generation":"1772537952439468"}},"environmentVariables":{"GOOGLE_NODE_RUN_SCRIPTS":""},"dockerRepository":"projects/actualbackend-3b454/locations/us-central1/repositories/gcf-artifacts","sourceProvenance":{"resolvedStorageSource":{"bucket":"gcf-v2-sources-491793307002-us-central1","object":"getClinicStaffPublic/function-source.zip","generation":"1772537952439468"}},"dockerRegistry":"ARTIFACT_REGISTRY","serviceAccount":"projects/actualbackend-3b454/serviceAccounts/491793307002-compute@developer.gserviceaccount.com","automaticUpdatePolicy":{}},"serviceConfig":{"service":"projects/actualbackend-3b454/locations/us-central1/services/getclinicstaffpublic","timeoutSeconds":60,"environmentVariables":{"BOOKING_CONFIRMATION_EMAIL_ENABLED":"true","BOOKING_CONFIRMATION_FROM_EMAIL":"Selma+ <booking@booking.selmaplus.tech>","BOOKING_CONFIRMATION_REPLY_TO_EMAIL":"","RESEND_API_KEY":"re_DE2YQdzb_NaRV2dczsNZmRCkDc4GYCNMJ","RESEND_API_BASE":"https://api.resend.com","FIREBASE_CONFIG":"{\"projectId\":\"actualbackend-3b454\",\"databaseURL\":\"https://actualbackend-3b454-default-rtdb.europe-west1.firebasedatabase.app\",\"storageBucket\":\"actualbackend-3b454.firebasestorage.app\"}","GCLOUD_PROJECT":"actualbackend-3b454","EVENTARC_CLOUD_EVENT_SOURCE":"projects/actualbackend-3b454/locations/us-central1/services/getClinicStaffPublic","FUNCTION_TARGET":"getClinicStaffPublic","LOG_EXECUTION_ID":"true","FUNCTION_SIGNATURE_TYPE":"http"},"maxInstanceCount":10,"ingressSettings":"ALLOW_ALL","uri":"https://getclinicstaffpublic-cqj5vybxha-uc.a.run.app","serviceAccountEmail":"491793307002-compute@developer.gserviceaccount.com","availableMemory":"256Mi","allTrafficOnLatestRevision":true,"revision":"getclinicstaffpublic-00013-cat","maxInstanceRequestConcurrency":1,"availableCpu":"0.1666"},"state":"ACTIVE","updateTime":"2026-03-03T11:39:31.554537600Z","labels":{"deployment-tool":"cli-firebase","firebase-functions-codebase":"python_functions","firebase-functions-hash":"e5b42d5f304284a3d66d45887f56a36e9470ed68"},"environment":"GEN_2","url":"https://us-central1-actualbackend-3b454.cloudfunctions.net/getClinicStaffPublic","createTime":"2025-12-28T14:58:26.872122923Z","satisfiesPzi":true},{"name":"projects/actualbackend-3b454/locations/us-central1/functions/transcribe_audio","buildConfig":{"build":"projects/491793307002/locations/us-central1/builds/e52ddbfc-d142-4246-a18a-8c2cc49764cb","runtime":"python312","entryPoint":"transcribe_audio","source":{"storageSource":{"bucket":"gcf-v2-sources-491793307002-us-central1","object":"transcribe_audio/function-source.zip","generation":"1772537952479068"}},"environmentVariables":{"GOOGLE_NODE_RUN_SCRIPTS":""},"dockerRepository":"projects/actualbackend-3b454/locations/us-central1/repositories/gcf-artifacts","sourceProvenance":{"resolvedStorageSource":{"bucket":"gcf-v2-sources-491793307002-us-central1","object":"transcribe_audio/function-source.zip","generation":"1772537952479068"}},"dockerRegistry":"ARTIFACT_REGISTRY","serviceAccount":"projects/actualbackend-3b454/serviceAccounts/491793307002-compute@developer.gserviceaccount.com","automaticUpdatePolicy":{}},"serviceConfig":{"service":"projects/actualbackend-3b454/locations/us-central1/services/transcribe-audio","timeoutSeconds":60,"environmentVariables":{"BOOKING_CONFIRMATION_EMAIL_ENABLED":"true","BOOKING_CONFIRMATION_FROM_EMAIL":"Selma+ <booking@booking.selmaplus.tech>","BOOKING_CONFIRMATION_REPLY_TO_EMAIL":"","RESEND_API_KEY":"re_DE2YQdzb_NaRV2dczsNZmRCkDc4GYCNMJ","RESEND_API_BASE":"https://api.resend.com","FIREBASE_CONFIG":"{\"projectId\":\"actualbackend-3b454\",\"databaseURL\":\"https://actualbackend-3b454-default-rtdb.europe-west1.firebasedatabase.app\",\"storageBucket\":\"actualbackend-3b454.firebasestorage.app\"}","GCLOUD_PROJECT":"actualbackend-3b454","EVENTARC_CLOUD_EVENT_SOURCE":"projects/actualbackend-3b454/locations/us-central1/services/transcribe_audio","FUNCTION_TARGET":"transcribe_audio","LOG_EXECUTION_ID":"true","FUNCTION_SIGNATURE_TYPE":"http"},"maxInstanceCount":10,"ingressSettings":"ALLOW_ALL","uri":"https://transcribe-audio-cqj5vybxha-uc.a.run.app","serviceAccountEmail":"491793307002-compute@developer.gserviceaccount.com","availableMemory":"256Mi","allTrafficOnLatestRevision":true,"revision":"transcribe-audio-00017-guz","maxInstanceRequestConcurrency":1,"availableCpu":"0.1666"},"state":"ACTIVE","updateTime":"2026-03-03T11:39:31.726544919Z","labels":{"deployment-tool":"cli-firebase","firebase-functions-codebase":"python_functions","firebase-functions-hash":"e5b42d5f304284a3d66d45887f56a36e9470ed68"},"environment":"GEN_2","url":"https://us-central1-actualbackend-3b454.cloudfunctions.net/transcribe_audio","createTime":"2025-11-16T22:33:27.153150969Z","satisfiesPzi":true},{"name":"projects/actualbackend-3b454/locations/us-central1/functions/suggest_next_appointment","buildConfig":{"build":"projects/491793307002/locations/us-central1/builds/e52ddbfc-d142-4246-a18a-8c2cc49764cb","runtime":"python312","entryPoint":"suggest_next_appointment","source":{"storageSource":{"bucket":"gcf-v2-sources-491793307002-us-central1","object":"suggest_next_appointment/function-source.zip","generation":"1772537952476419"}},"environmentVariables":{"GOOGLE_NODE_RUN_SCRIPTS":""},"dockerRepository":"projects/actualbackend-3b454/locations/us-central1/repositories/gcf-artifacts","sourceProvenance":{"resolvedStorageSource":{"bucket":"gcf-v2-sources-491793307002-us-central1","object":"suggest_next_appointment/function-source.zip","generation":"1772537952476419"}},"dockerRegistry":"ARTIFACT_REGISTRY","serviceAccount":"projects/actualbackend-3b454/serviceAccounts/491793307002-compute@developer.gserviceaccount.com","automaticUpdatePolicy":{}},"serviceConfig":{"service":"projects/actualbackend-3b454/locations/us-central1/services/suggest-next-appointment","timeoutSeconds":60,"environmentVariables":{"BOOKING_CONFIRMATION_EMAIL_ENABLED":"true","BOOKING_CONFIRMATION_FROM_EMAIL":"Selma+ <booking@booking.selmaplus.tech>","BOOKING_CONFIRMATION_REPLY_TO_EMAIL":"","RESEND_API_KEY":"re_DE2YQdzb_NaRV2dczsNZmRCkDc4GYCNMJ","RESEND_API_BASE":"https://api.resend.com","FIREBASE_CONFIG":"{\"projectId\":\"actualbackend-3b454\",\"databaseURL\":\"https://actualbackend-3b454-default-rtdb.europe-west1.firebasedatabase.app\",\"storageBucket\":\"actualbackend-3b454.firebasestorage.app\"}","GCLOUD_PROJECT":"actualbackend-3b454","EVENTARC_CLOUD_EVENT_SOURCE":"projects/actualbackend-3b454/locations/us-central1/services/suggest_next_appointment","FUNCTION_TARGET":"suggest_next_appointment","LOG_EXECUTION_ID":"true","FUNCTION_SIGNATURE_TYPE":"http"},"maxInstanceCount":10,"ingressSettings":"ALLOW_ALL","uri":"https://suggest-next-appointment-cqj5vybxha-uc.a.run.app","serviceAccountEmail":"491793307002-compute@developer.gserviceaccount.com","availableMemory":"256Mi","allTrafficOnLatestRevision":true,"revision":"suggest-next-appointment-00011-red","maxInstanceRequestConcurrency":1,"availableCpu":"0.1666"},"state":"ACTIVE","updateTime":"2026-03-03T11:39:31.918942285Z","labels":{"firebase-functions-hash":"e5b42d5f304284a3d66d45887f56a36e9470ed68","deployment-tool":"cli-firebase","firebase-functions-codebase":"python_functions"},"environment":"GEN_2","url":"https://us-central1-actualbackend-3b454.cloudfunctions.net/suggest_next_appointment","createTime":"2025-12-18T07:32:31.268175864Z","satisfiesPzi":true},{"name":"projects/actualbackend-3b454/locations/us-central1/functions/summarize_journal","buildConfig":{"build":"projects/491793307002/locations/us-central1/builds/e52ddbfc-d142-4246-a18a-8c2cc49764cb","runtime":"python312","entryPoint":"summarize_journal","source":{"storageSource":{"bucket":"gcf-v2-sources-491793307002-us-central1","object":"summarize_journal/function-source.zip","generation":"1772537952477383"}},"environmentVariables":{"GOOGLE_NODE_RUN_SCRIPTS":""},"dockerRepository":"projects/actualbackend-3b454/locations/us-central1/repositories/gcf-artifacts","sourceProvenance":{"resolvedStorageSource":{"bucket":"gcf-v2-sources-491793307002-us-central1","object":"summarize_journal/function-source.zip","generation":"1772537952477383"}},"dockerRegistry":"ARTIFACT_REGISTRY","serviceAccount":"projects/actualbackend-3b454/serviceAccounts/491793307002-compute@developer.gserviceaccount.com","automaticUpdatePolicy":{}},"serviceConfig":{"service":"projects/actualbackend-3b454/locations/us-central1/services/summarize-journal","timeoutSeconds":60,"environmentVariables":{"BOOKING_CONFIRMATION_EMAIL_ENABLED":"true","BOOKING_CONFIRMATION_FROM_EMAIL":"Selma+ <booking@booking.selmaplus.tech>","BOOKING_CONFIRMATION_REPLY_TO_EMAIL":"","RESEND_API_KEY":"re_DE2YQdzb_NaRV2dczsNZmRCkDc4GYCNMJ","RESEND_API_BASE":"https://api.resend.com","FIREBASE_CONFIG":"{\"projectId\":\"actualbackend-3b454\",\"databaseURL\":\"https://actualbackend-3b454-default-rtdb.europe-west1.firebasedatabase.app\",\"storageBucket\":\"actualbackend-3b454.firebasestorage.app\"}","GCLOUD_PROJECT":"actualbackend-3b454","EVENTARC_CLOUD_EVENT_SOURCE":"projects/actualbackend-3b454/locations/us-central1/services/summarize_journal","FUNCTION_TARGET":"summarize_journal","LOG_EXECUTION_ID":"true","FUNCTION_SIGNATURE_TYPE":"http"},"maxInstanceCount":10,"ingressSettings":"ALLOW_ALL","uri":"https://summarize-journal-cqj5vybxha-uc.a.run.app","serviceAccountEmail":"491793307002-compute@developer.gserviceaccount.com","availableMemory":"256Mi","allTrafficOnLatestRevision":true,"revision":"summarize-journal-00016-voj","maxInstanceRequestConcurrency":1,"availableCpu":"0.1666"},"state":"ACTIVE","updateTime":"2026-03-03T11:39:31.259876133Z","labels":{"firebase-functions-codebase":"python_functions","firebase-functions-hash":"e5b42d5f304284a3d66d45887f56a36e9470ed68","deployment-tool":"cli-firebase"},"environment":"GEN_2","url":"https://us-central1-actualbackend-3b454.cloudfunctions.net/summarize_journal","createTime":"2025-12-17T22:34:56.291579944Z","satisfiesPzi":true},{"name":"projects/actualbackend-3b454/locations/us-central1/functions/createClientFromBooking","buildConfig":{"build":"projects/491793307002/locations/us-central1/builds/e52ddbfc-d142-4246-a18a-8c2cc49764cb","runtime":"python312","entryPoint":"createClientFromBooking","source":{"storageSource":{"bucket":"gcf-v2-sources-491793307002-us-central1","object":"createClientFromBooking/function-source.zip","generation":"1772537952507856"}},"environmentVariables":{"GOOGLE_NODE_RUN_SCRIPTS":""},"dockerRepository":"projects/actualbackend-3b454/locations/us-central1/repositories/gcf-artifacts","sourceProvenance":{"resolvedStorageSource":{"bucket":"gcf-v2-sources-491793307002-us-central1","object":"createClientFromBooking/function-source.zip","generation":"1772537952507856"}},"dockerRegistry":"ARTIFACT_REGISTRY","serviceAccount":"projects/actualbackend-3b454/serviceAccounts/491793307002-compute@developer.gserviceaccount.com","automaticUpdatePolicy":{}},"serviceConfig":{"service":"projects/actualbackend-3b454/locations/us-central1/services/createclientfrombooking","timeoutSeconds":60,"environmentVariables":{"BOOKING_CONFIRMATION_EMAIL_ENABLED":"true","BOOKING_CONFIRMATION_FROM_EMAIL":"Selma+ <booking@booking.selmaplus.tech>","BOOKING_CONFIRMATION_REPLY_TO_EMAIL":"","RESEND_API_KEY":"re_DE2YQdzb_NaRV2dczsNZmRCkDc4GYCNMJ","RESEND_API_BASE":"https://api.resend.com","FIREBASE_CONFIG":"{\"projectId\":\"actualbackend-3b454\",\"databaseURL\":\"https://actualbackend-3b454-default-rtdb.europe-west1.firebasedatabase.app\",\"storageBucket\":\"actualbackend-3b454.firebasestorage.app\"}","GCLOUD_PROJECT":"actualbackend-3b454","EVENTARC_CLOUD_EVENT_SOURCE":"projects/actualbackend-3b454/locations/us-central1/services/createClientFromBooking","FUNCTION_TARGET":"createClientFromBooking","LOG_EXECUTION_ID":"true","FUNCTION_SIGNATURE_TYPE":"http"},"maxInstanceCount":10,"ingressSettings":"ALLOW_ALL","uri":"https://createclientfrombooking-cqj5vybxha-uc.a.run.app","serviceAccountEmail":"491793307002-compute@developer.gserviceaccount.com","availableMemory":"256Mi","allTrafficOnLatestRevision":true,"revision":"createclientfrombooking-00006-hep","maxInstanceRequestConcurrency":1,"availableCpu":"0.1666"},"state":"ACTIVE","updateTime":"2026-03-03T11:39:31.735155292Z","labels":{"firebase-functions-codebase":"python_functions","firebase-functions-hash":"e5b42d5f304284a3d66d45887f56a36e9470ed68","deployment-tool":"cli-firebase"},"environment":"GEN_2","url":"https://us-central1-actualbackend-3b454.cloudfunctions.net/createClientFromBooking","createTime":"2026-02-02T20:10:09.269992739Z","satisfiesPzi":true},{"name":"projects/actualbackend-3b454/locations/us-central1/functions/publicGetServices","buildConfig":{"build":"projects/491793307002/locations/us-central1/builds/e52ddbfc-d142-4246-a18a-8c2cc49764cb","runtime":"python312","entryPoint":"publicGetServices","source":{"storageSource":{"bucket":"gcf-v2-sources-491793307002-us-central1","object":"publicGetServices/function-source.zip","generation":"1772537952467118"}},"environmentVariables":{"GOOGLE_NODE_RUN_SCRIPTS":""},"dockerRepository":"projects/actualbackend-3b454/locations/us-central1/repositories/gcf-artifacts","sourceProvenance":{"resolvedStorageSource":{"bucket":"gcf-v2-sources-491793307002-us-central1","object":"publicGetServices/function-source.zip","generation":"1772537952467118"}},"dockerRegistry":"ARTIFACT_REGISTRY","serviceAccount":"projects/actualbackend-3b454/serviceAccounts/491793307002-compute@developer.gserviceaccount.com","automaticUpdatePolicy":{}},"serviceConfig":{"service":"projects/actualbackend-3b454/locations/us-central1/services/publicgetservices","timeoutSeconds":60,"environmentVariables":{"BOOKING_CONFIRMATION_EMAIL_ENABLED":"true","BOOKING_CONFIRMATION_FROM_EMAIL":"Selma+ <booking@booking.selmaplus.tech>","BOOKING_CONFIRMATION_REPLY_TO_EMAIL":"","RESEND_API_KEY":"re_DE2YQdzb_NaRV2dczsNZmRCkDc4GYCNMJ","RESEND_API_BASE":"https://api.resend.com","FIREBASE_CONFIG":"{\"projectId\":\"actualbackend-3b454\",\"databaseURL\":\"https://actualbackend-3b454-default-rtdb.europe-west1.firebasedatabase.app\",\"storageBucket\":\"actualbackend-3b454.firebasestorage.app\"}","GCLOUD_PROJECT":"actualbackend-3b454","EVENTARC_CLOUD_EVENT_SOURCE":"projects/actualbackend-3b454/locations/us-central1/services/publicGetServices","FUNCTION_TARGET":"publicGetServices","LOG_EXECUTION_ID":"true","FUNCTION_SIGNATURE_TYPE":"http"},"maxInstanceCount":10,"ingressSettings":"ALLOW_ALL","uri":"https://publicgetservices-cqj5vybxha-uc.a.run.app","serviceAccountEmail":"491793307002-compute@developer.gserviceaccount.com","availableMemory":"256Mi","allTrafficOnLatestRevision":true,"revision":"publicgetservices-00007-fad","maxInstanceRequestConcurrency":1,"availableCpu":"0.1666"},"state":"ACTIVE","updateTime":"2026-03-03T11:39:32.465471584Z","labels":{"deployment-tool":"cli-firebase","firebase-functions-codebase":"python_functions","firebase-functions-hash":"e5b42d5f304284a3d66d45887f56a36e9470ed68"},"environment":"GEN_2","url":"https://us-central1-actualbackend-3b454.cloudfunctions.net/publicGetServices","createTime":"2026-01-06T10:42:29.624371763Z","satisfiesPzi":true},{"name":"projects/actualbackend-3b454/locations/us-central1/functions/getClinicServicesPublic","buildConfig":{"build":"projects/491793307002/locations/us-central1/builds/e52ddbfc-d142-4246-a18a-8c2cc49764cb","runtime":"python312","entryPoint":"getClinicServicesPublic","source":{"storageSource":{"bucket":"gcf-v2-sources-491793307002-us-central1","object":"getClinicServicesPublic/function-source.zip","generation":"1772537952441649"}},"environmentVariables":{"GOOGLE_NODE_RUN_SCRIPTS":""},"dockerRepository":"projects/actualbackend-3b454/locations/us-central1/repositories/gcf-artifacts","sourceProvenance":{"resolvedStorageSource":{"bucket":"gcf-v2-sources-491793307002-us-central1","object":"getClinicServicesPublic/function-source.zip","generation":"1772537952441649"}},"dockerRegistry":"ARTIFACT_REGISTRY","serviceAccount":"projects/actualbackend-3b454/serviceAccounts/491793307002-compute@developer.gserviceaccount.com","automaticUpdatePolicy":{}},"serviceConfig":{"service":"projects/actualbackend-3b454/locations/us-central1/services/getclinicservicespublic","timeoutSeconds":60,"environmentVariables":{"BOOKING_CONFIRMATION_EMAIL_ENABLED":"true","BOOKING_CONFIRMATION_FROM_EMAIL":"Selma+ <booking@booking.selmaplus.tech>","BOOKING_CONFIRMATION_REPLY_TO_EMAIL":"","RESEND_API_KEY":"re_DE2YQdzb_NaRV2dczsNZmRCkDc4GYCNMJ","RESEND_API_BASE":"https://api.resend.com","FIREBASE_CONFIG":"{\"projectId\":\"actualbackend-3b454\",\"databaseURL\":\"https://actualbackend-3b454-default-rtdb.europe-west1.firebasedatabase.app\",\"storageBucket\":\"actualbackend-3b454.firebasestorage.app\"}","GCLOUD_PROJECT":"actualbackend-3b454","EVENTARC_CLOUD_EVENT_SOURCE":"projects/actualbackend-3b454/locations/us-central1/services/getClinicServicesPublic","FUNCTION_TARGET":"getClinicServicesPublic","LOG_EXECUTION_ID":"true","FUNCTION_SIGNATURE_TYPE":"http"},"maxInstanceCount":10,"ingressSettings":"ALLOW_ALL","uri":"https://getclinicservicespublic-cqj5vybxha-uc.a.run.app","serviceAccountEmail":"491793307002-compute@developer.gserviceaccount.com","availableMemory":"256Mi","allTrafficOnLatestRevision":true,"revision":"getclinicservicespublic-00007-hoc","maxInstanceRequestConcurrency":1,"availableCpu":"0.1666"},"state":"ACTIVE","updateTime":"2026-03-03T11:39:32.016307282Z","labels":{"deployment-tool":"cli-firebase","firebase-functions-codebase":"python_functions","firebase-functions-hash":"e5b42d5f304284a3d66d45887f56a36e9470ed68"},"environment":"GEN_2","url":"https://us-central1-actualbackend-3b454.cloudfunctions.net/getClinicServicesPublic","createTime":"2026-01-06T10:18:45.404135689Z","satisfiesPzi":true},{"name":"projects/actualbackend-3b454/locations/us-central1/functions/api","buildConfig":{"build":"projects/491793307002/locations/us-central1/builds/e52ddbfc-d142-4246-a18a-8c2cc49764cb","runtime":"python312","entryPoint":"api","source":{"storageSource":{"bucket":"gcf-v2-sources-491793307002-us-central1","object":"api/function-source.zip","generation":"1772537952468489"}},"environmentVariables":{"GOOGLE_NODE_RUN_SCRIPTS":""},"dockerRepository":"projects/actualbackend-3b454/locations/us-central1/repositories/gcf-artifacts","sourceProvenance":{"resolvedStorageSource":{"bucket":"gcf-v2-sources-491793307002-us-central1","object":"api/function-source.zip","generation":"1772537952468489"}},"dockerRegistry":"ARTIFACT_REGISTRY","serviceAccount":"projects/actualbackend-3b454/serviceAccounts/491793307002-compute@developer.gserviceaccount.com","automaticUpdatePolicy":{}},"serviceConfig":{"service":"projects/actualbackend-3b454/locations/us-central1/services/api","timeoutSeconds":60,"environmentVariables":{"BOOKING_CONFIRMATION_EMAIL_ENABLED":"true","BOOKING_CONFIRMATION_FROM_EMAIL":"Selma+ <booking@booking.selmaplus.tech>","BOOKING_CONFIRMATION_REPLY_TO_EMAIL":"","RESEND_API_KEY":"re_DE2YQdzb_NaRV2dczsNZmRCkDc4GYCNMJ","RESEND_API_BASE":"https://api.resend.com","FIREBASE_CONFIG":"{\"projectId\":\"actualbackend-3b454\",\"databaseURL\":\"https://actualbackend-3b454-default-rtdb.europe-west1.firebasedatabase.app\",\"storageBucket\":\"actualbackend-3b454.firebasestorage.app\"}","GCLOUD_PROJECT":"actualbackend-3b454","EVENTARC_CLOUD_EVENT_SOURCE":"projects/actualbackend-3b454/locations/us-central1/services/api","FUNCTION_TARGET":"api","LOG_EXECUTION_ID":"true","FUNCTION_SIGNATURE_TYPE":"http"},"maxInstanceCount":10,"ingressSettings":"ALLOW_ALL","uri":"https://api-cqj5vybxha-uc.a.run.app","serviceAccountEmail":"491793307002-compute@developer.gserviceaccount.com","availableMemory":"256Mi","allTrafficOnLatestRevision":true,"revision":"api-00005-dih","maxInstanceRequestConcurrency":1,"availableCpu":"0.1666"},"state":"ACTIVE","updateTime":"2026-03-03T11:39:31.322990278Z","labels":{"deployment-tool":"cli-firebase","firebase-functions-codebase":"python_functions","firebase-functions-hash":"e5b42d5f304284a3d66d45887f56a36e9470ed68"},"environment":"GEN_2","url":"https://us-central1-actualbackend-3b454.cloudfunctions.net/api","createTime":"2026-02-03T14:15:58.726484825Z","satisfiesPzi":true},{"name":"projects/actualbackend-3b454/locations/us-central1/functions/publicBookAppointment","buildConfig":{"build":"projects/491793307002/locations/us-central1/builds/e52ddbfc-d142-4246-a18a-8c2cc49764cb","runtime":"python312","entryPoint":"publicBookAppointment","source":{"storageSource":{"bucket":"gcf-v2-sources-491793307002-us-central1","object":"publicBookAppointment/function-source.zip","generation":"1772537952467639"}},"environmentVariables":{"GOOGLE_NODE_RUN_SCRIPTS":""},"dockerRepository":"projects/actualbackend-3b454/locations/us-central1/repositories/gcf-artifacts","sourceProvenance":{"resolvedStorageSource":{"bucket":"gcf-v2-sources-491793307002-us-central1","object":"publicBookAppointment/function-source.zip","generation":"1772537952467639"}},"dockerRegistry":"ARTIFACT_REGISTRY","serviceAccount":"projects/actualbackend-3b454/serviceAccounts/491793307002-compute@developer.gserviceaccount.com","automaticUpdatePolicy":{}},"serviceConfig":{"service":"projects/actualbackend-3b454/locations/us-central1/services/publicbookappointment","timeoutSeconds":60,"environmentVariables":{"BOOKING_CONFIRMATION_EMAIL_ENABLED":"true","BOOKING_CONFIRMATION_FROM_EMAIL":"Selma+ <booking@booking.selmaplus.tech>","BOOKING_CONFIRMATION_REPLY_TO_EMAIL":"","RESEND_API_KEY":"re_DE2YQdzb_NaRV2dczsNZmRCkDc4GYCNMJ","RESEND_API_BASE":"https://api.resend.com","FIREBASE_CONFIG":"{\"projectId\":\"actualbackend-3b454\",\"databaseURL\":\"https://actualbackend-3b454-default-rtdb.europe-west1.firebasedatabase.app\",\"storageBucket\":\"actualbackend-3b454.firebasestorage.app\"}","GCLOUD_PROJECT":"actualbackend-3b454","EVENTARC_CLOUD_EVENT_SOURCE":"projects/actualbackend-3b454/locations/us-central1/services/publicBookAppointment","FUNCTION_TARGET":"publicBookAppointment","LOG_EXECUTION_ID":"true","FUNCTION_SIGNATURE_TYPE":"http"},"maxInstanceCount":10,"ingressSettings":"ALLOW_ALL","uri":"https://publicbookappointment-cqj5vybxha-uc.a.run.app","serviceAccountEmail":"491793307002-compute@developer.gserviceaccount.com","availableMemory":"256Mi","allTrafficOnLatestRevision":true,"revision":"publicbookappointment-00015-ham","maxInstanceRequestConcurrency":1,"availableCpu":"0.1666"},"state":"ACTIVE","updateTime":"2026-03-03T11:39:32.248223231Z","labels":{"firebase-functions-codebase":"python_functions","firebase-functions-hash":"e5b42d5f304284a3d66d45887f56a36e9470ed68","deployment-tool":"cli-firebase"},"environment":"GEN_2","url":"https://us-central1-actualbackend-3b454.cloudfunctions.net/publicBookAppointment","createTime":"2025-12-28T14:58:26.888347279Z","satisfiesPzi":true},{"name":"projects/actualbackend-3b454/locations/us-central1/functions/agent_chat","buildConfig":{"build":"projects/491793307002/locations/us-central1/builds/e52ddbfc-d142-4246-a18a-8c2cc49764cb","runtime":"python312","entryPoint":"agent_chat","source":{"storageSource":{"bucket":"gcf-v2-sources-491793307002-us-central1","object":"agent_chat/function-source.zip","generation":"1772537875207042"}},"environmentVariables":{"GOOGLE_NODE_RUN_SCRIPTS":""},"dockerRepository":"projects/actualbackend-3b454/locations/us-central1/repositories/gcf-artifacts","sourceProvenance":{"resolvedStorageSource":{"bucket":"gcf-v2-sources-491793307002-us-central1","object":"agent_chat/function-source.zip","generation":"1772537875207042"}},"dockerRegistry":"ARTIFACT_REGISTRY","serviceAccount":"projects/actualbackend-3b454/serviceAccounts/491793307002-compute@developer.gserviceaccount.com","automaticUpdatePolicy":{}},"serviceConfig":{"service":"projects/actualbackend-3b454/locations/us-central1/services/agent-chat","timeoutSeconds":60,"environmentVariables":{"BOOKING_CONFIRMATION_EMAIL_ENABLED":"true","BOOKING_CONFIRMATION_FROM_EMAIL":"Selma+ <booking@booking.selmaplus.tech>","BOOKING_CONFIRMATION_REPLY_TO_EMAIL":"","RESEND_API_KEY":"re_DE2YQdzb_NaRV2dczsNZmRCkDc4GYCNMJ","RESEND_API_BASE":"https://api.resend.com","FIREBASE_CONFIG":"{\"projectId\":\"actualbackend-3b454\",\"databaseURL\":\"https://actualbackend-3b454-default-rtdb.europe-west1.firebasedatabase.app\",\"storageBucket\":\"actualbackend-3b454.firebasestorage.app\"}","GCLOUD_PROJECT":"actualbackend-3b454","EVENTARC_CLOUD_EVENT_SOURCE":"projects/actualbackend-3b454/locations/us-central1/services/agent_chat","FUNCTION_TARGET":"agent_chat","LOG_EXECUTION_ID":"true"},"maxInstanceCount":10,"ingressSettings":"ALLOW_ALL","uri":"https://agent-chat-cqj5vybxha-uc.a.run.app","serviceAccountEmail":"491793307002-compute@developer.gserviceaccount.com","availableMemory":"256Mi","allTrafficOnLatestRevision":true,"revision":"agent-chat-00012-don","maxInstanceRequestConcurrency":1,"availableCpu":"0.1666"},"state":"ACTIVE","updateTime":"2026-03-03T11:39:10.390821679Z","labels":{"deployment-tool":"cli-firebase","firebase-functions-codebase":"python_functions","firebase-functions-hash":"e5b42d5f304284a3d66d45887f56a36e9470ed68"},"environment":"GEN_2","url":"https://us-central1-actualbackend-3b454.cloudfunctions.net/agent_chat","createTime":"2025-12-18T10:07:58.450241518Z","satisfiesPzi":true}]}
[debug] [2026-03-04T19:21:18.101Z] Checked if tokens are valid: true, expires at: 1772655667319
[debug] [2026-03-04T19:21:18.101Z] Checked if tokens are valid: true, expires at: 1772655667319
[debug] [2026-03-04T19:21:18.102Z] >>> [apiv2][query] PATCH https://firebasehosting.googleapis.com/v1beta1/projects/-/sites/actualbackend-3b454/versions/bc81dbe0cd7a360f updateMask=status%2Cconfig
[debug] [2026-03-04T19:21:18.102Z] >>> [apiv2][body] PATCH https://firebasehosting.googleapis.com/v1beta1/projects/-/sites/actualbackend-3b454/versions/bc81dbe0cd7a360f {"status":"FINALIZED","config":{"rewrites":[{"glob":"/api/corti/**","run":{"serviceId":"actualbackend-api","region":"us-central1"}},{"glob":"/ws/corti/**","run":{"serviceId":"actualbackend-api","region":"us-central1"}},{"glob":"/api/**","run":{"serviceId":"actualbackend-api","region":"us-central1"}},{"glob":"/ws/**","run":{"serviceId":"actualbackend-api","region":"us-central1"}},{"glob":"**","path":"/index.html"}]}}
[debug] [2026-03-04T19:21:19.595Z] <<< [apiv2][status] PATCH https://firebasehosting.googleapis.com/v1beta1/projects/-/sites/actualbackend-3b454/versions/bc81dbe0cd7a360f 200
[debug] [2026-03-04T19:21:19.595Z] <<< [apiv2][body] PATCH https://firebasehosting.googleapis.com/v1beta1/projects/-/sites/actualbackend-3b454/versions/bc81dbe0cd7a360f {"name":"projects/491793307002/sites/actualbackend-3b454/versions/bc81dbe0cd7a360f","status":"FINALIZED","config":{"rewrites":[{"glob":"/api/corti/**","run":{"serviceId":"actualbackend-api","region":"us-central1"}},{"glob":"/ws/corti/**","run":{"serviceId":"actualbackend-api","region":"us-central1"}},{"glob":"/api/**","run":{"serviceId":"actualbackend-api","region":"us-central1"}},{"glob":"/ws/**","run":{"serviceId":"actualbackend-api","region":"us-central1"}},{"glob":"**","path":"/index.html"}]},"labels":{"deployment-tool":"cli-firebase"},"createTime":"2026-03-04T19:21:10.024800Z","createUser":{"email":"jona223j@gmail.com"},"finalizeTime":"2026-03-04T19:21:19.392580Z","finalizeUser":{"email":"jona223j@gmail.com"}}
[debug] [2026-03-04T19:21:19.595Z] [hosting] finalized version for actualbackend-3b454:[object Object]
[info] ✔  hosting[actualbackend-3b454]: version finalized 
[info] i  hosting[actualbackend-3b454]: releasing new version... 
[debug] [2026-03-04T19:21:19.596Z] Checked if tokens are valid: true, expires at: 1772655667319
[debug] [2026-03-04T19:21:19.596Z] Checked if tokens are valid: true, expires at: 1772655667319
[debug] [2026-03-04T19:21:19.596Z] >>> [apiv2][query] POST https://firebasehosting.googleapis.com/v1beta1/projects/-/sites/actualbackend-3b454/channels/live/releases versionName=projects%2F491793307002%2Fsites%2Factualbackend-3b454%2Fversions%2Fbc81dbe0cd7a360f
[debug] [2026-03-04T19:21:19.596Z] >>> [apiv2][body] POST https://firebasehosting.googleapis.com/v1beta1/projects/-/sites/actualbackend-3b454/channels/live/releases {}
[debug] [2026-03-04T19:21:21.956Z] <<< [apiv2][status] POST https://firebasehosting.googleapis.com/v1beta1/projects/-/sites/actualbackend-3b454/channels/live/releases 200
[debug] [2026-03-04T19:21:21.956Z] <<< [apiv2][body] POST https://firebasehosting.googleapis.com/v1beta1/projects/-/sites/actualbackend-3b454/channels/live/releases {"name":"projects/491793307002/sites/actualbackend-3b454/channels/live/releases/1772652080720000","version":{"name":"projects/491793307002/sites/actualbackend-3b454/versions/bc81dbe0cd7a360f","status":"FINALIZED","config":{"rewrites":[{"glob":"/api/corti/**","run":{"serviceId":"actualbackend-api","region":"us-central1"}},{"glob":"/ws/corti/**","run":{"serviceId":"actualbackend-api","region":"us-central1"}},{"glob":"/api/**","run":{"serviceId":"actualbackend-api","region":"us-central1"}},{"glob":"/ws/**","run":{"serviceId":"actualbackend-api","region":"us-central1"}},{"glob":"**","path":"/index.html"}]},"labels":{"deployment-tool":"cli-firebase"},"createTime":"2026-03-04T19:21:10.024800Z","createUser":{"email":"jona223j@gmail.com","imageUrl":"https://lh3.googleusercontent.com/a/ACg8ocLXu-GSlMQGsLeSp7YZi3J9YcWy-U4_QU-Cn-bxsJhFS6GQ=mo"},"finalizeTime":"2026-03-04T19:21:19.392580Z","finalizeUser":{"email":"jona223j@gmail.com","imageUrl":"https://lh3.googleusercontent.com/a/ACg8ocLXu-GSlMQGsLeSp7YZi3J9YcWy-U4_QU-Cn-bxsJhFS6GQ=mo"}},"type":"DEPLOY","releaseTime":"2026-03-04T19:21:20.720Z","releaseUser":{"email":"jona223j@gmail.com","imageUrl":"https://lh3.googleusercontent.com/a/ACg8ocLXu-GSlMQGsLeSp7YZi3J9YcWy-U4_QU-Cn-bxsJhFS6GQ=mo"}}
[debug] [2026-03-04T19:21:21.957Z] [hosting] release: {"name":"projects/491793307002/sites/actualbackend-3b454/channels/live/releases/1772652080720000","version":{"name":"projects/491793307002/sites/actualbackend-3b454/versions/bc81dbe0cd7a360f","status":"FINALIZED","config":{"rewrites":[{"glob":"/api/corti/**","run":{"serviceId":"actualbackend-api","region":"us-central1"}},{"glob":"/ws/corti/**","run":{"serviceId":"actualbackend-api","region":"us-central1"}},{"glob":"/api/**","run":{"serviceId":"actualbackend-api","region":"us-central1"}},{"glob":"/ws/**","run":{"serviceId":"actualbackend-api","region":"us-central1"}},{"glob":"**","path":"/index.html"}]},"labels":{"deployment-tool":"cli-firebase"},"createTime":"2026-03-04T19:21:10.024800Z","createUser":{"email":"jona223j@gmail.com","imageUrl":"https://lh3.googleusercontent.com/a/ACg8ocLXu-GSlMQGsLeSp7YZi3J9YcWy-U4_QU-Cn-bxsJhFS6GQ=mo"},"finalizeTime":"2026-03-04T19:21:19.392580Z","finalizeUser":{"email":"jona223j@gmail.com","imageUrl":"https://lh3.googleusercontent.com/a/ACg8ocLXu-GSlMQGsLeSp7YZi3J9YcWy-U4_QU-Cn-bxsJhFS6GQ=mo"}},"type":"DEPLOY","releaseTime":"2026-03-04T19:21:20.720Z","releaseUser":{"email":"jona223j@gmail.com","imageUrl":"https://lh3.googleusercontent.com/a/ACg8ocLXu-GSlMQGsLeSp7YZi3J9YcWy-U4_QU-Cn-bxsJhFS6GQ=mo"}}
[info] ✔  hosting[actualbackend-3b454]: release complete 
[info] 
[info] ✔  Deploy complete! 
[info] 
[info] Project Console: https://console.firebase.google.com/project/actualbackend-3b454/overview
[info] Hosting URL: https://actualbackend-3b454.web.app
[debug] [2026-03-04T20:01:59.984Z] ----------------------------------------------------------------------
[debug] [2026-03-04T20:01:59.986Z] Command:       /opt/homebrew/Cellar/node/25.6.0/bin/node /Users/jonasyaich/.npm/_npx/7750544ccf494d8b/node_modules/.bin/firebase deploy --only hosting --non-interactive
[debug] [2026-03-04T20:01:59.987Z] CLI Version:   15.8.0
[debug] [2026-03-04T20:01:59.987Z] Platform:      darwin
[debug] [2026-03-04T20:01:59.987Z] Node Version:  v25.6.0
[debug] [2026-03-04T20:01:59.987Z] Time:          Wed Mar 04 2026 21:01:59 GMT+0100 (Central European Standard Time)
[debug] [2026-03-04T20:01:59.987Z] ----------------------------------------------------------------------
[debug] 
[debug] [2026-03-04T20:02:01.118Z] > command requires scopes: ["email","openid","https://www.googleapis.com/auth/cloudplatformprojects.readonly","https://www.googleapis.com/auth/firebase","https://www.googleapis.com/auth/cloud-platform"]
[debug] [2026-03-04T20:02:01.118Z] > authorizing via signed-in user (jona223j@gmail.com)
[debug] [2026-03-04T20:02:01.119Z] [iam] checking project actualbackend-3b454 for permissions ["firebase.projects.get","firebasehosting.sites.update"]
[debug] [2026-03-04T20:02:01.119Z] Checked if tokens are valid: true, expires at: 1772655667319
[debug] [2026-03-04T20:02:01.119Z] Checked if tokens are valid: true, expires at: 1772655667319
[debug] [2026-03-04T20:02:01.120Z] >>> [apiv2][query] POST https://cloudresourcemanager.googleapis.com/v1/projects/actualbackend-3b454:testIamPermissions [none]
[debug] [2026-03-04T20:02:01.120Z] >>> [apiv2][(partial)header] POST https://cloudresourcemanager.googleapis.com/v1/projects/actualbackend-3b454:testIamPermissions  x-goog-user-project=actualbackend-3b454
[debug] [2026-03-04T20:02:01.120Z] >>> [apiv2][body] POST https://cloudresourcemanager.googleapis.com/v1/projects/actualbackend-3b454:testIamPermissions {"permissions":["firebase.projects.get","firebasehosting.sites.update"]}
[debug] [2026-03-04T20:02:02.243Z] <<< [apiv2][status] POST https://cloudresourcemanager.googleapis.com/v1/projects/actualbackend-3b454:testIamPermissions 200
[debug] [2026-03-04T20:02:02.244Z] <<< [apiv2][body] POST https://cloudresourcemanager.googleapis.com/v1/projects/actualbackend-3b454:testIamPermissions {"permissions":["firebase.projects.get","firebasehosting.sites.update"]}
[debug] [2026-03-04T20:02:02.244Z] Checked if tokens are valid: true, expires at: 1772655667319
[debug] [2026-03-04T20:02:02.244Z] Checked if tokens are valid: true, expires at: 1772655667319
[debug] [2026-03-04T20:02:02.245Z] >>> [apiv2][query] GET https://firebase.googleapis.com/v1beta1/projects/actualbackend-3b454 [none]
[debug] [2026-03-04T20:02:02.877Z] <<< [apiv2][status] GET https://firebase.googleapis.com/v1beta1/projects/actualbackend-3b454 200
[debug] [2026-03-04T20:02:02.878Z] <<< [apiv2][body] GET https://firebase.googleapis.com/v1beta1/projects/actualbackend-3b454 {"projectId":"actualbackend-3b454","projectNumber":"491793307002","displayName":"actualbackend","name":"projects/actualbackend-3b454","resources":{"hostingSite":"actualbackend-3b454","realtimeDatabaseInstance":"actualbackend-3b454-default-rtdb"},"state":"ACTIVE","etag":"1_63b84acb-4b65-4cb2-9484-4807c31e764b"}
[info] 
[info] === Deploying to 'actualbackend-3b454'...
[info] 
[info] i  deploying hosting 
[debug] [2026-03-04T20:02:02.886Z] Checked if tokens are valid: true, expires at: 1772655667319
[debug] [2026-03-04T20:02:02.886Z] Checked if tokens are valid: true, expires at: 1772655667319
[debug] [2026-03-04T20:02:02.886Z] >>> [apiv2][query] POST https://firebasehosting.googleapis.com/v1beta1/projects/-/sites/actualbackend-3b454/versions [none]
[debug] [2026-03-04T20:02:02.886Z] >>> [apiv2][body] POST https://firebasehosting.googleapis.com/v1beta1/projects/-/sites/actualbackend-3b454/versions {"status":"CREATED","labels":{"deployment-tool":"cli-firebase"}}
[debug] [2026-03-04T20:02:05.843Z] <<< [apiv2][status] POST https://firebasehosting.googleapis.com/v1beta1/projects/-/sites/actualbackend-3b454/versions 200
[debug] [2026-03-04T20:02:05.843Z] <<< [apiv2][body] POST https://firebasehosting.googleapis.com/v1beta1/projects/-/sites/actualbackend-3b454/versions {"name":"projects/491793307002/sites/actualbackend-3b454/versions/8ca95b26aa2b53c0","status":"CREATED","config":{},"labels":{"deployment-tool":"cli-firebase"}}
[info] i  hosting[actualbackend-3b454]: beginning deploy... 
[info] i  hosting[actualbackend-3b454]: found 158 files in build 
[debug] [2026-03-04T20:02:05.875Z] [hosting] uploading with 200 concurrency
[debug] [2026-03-04T20:02:06.358Z] Checked if tokens are valid: true, expires at: 1772655667319
[debug] [2026-03-04T20:02:06.358Z] Checked if tokens are valid: true, expires at: 1772655667319
[debug] [2026-03-04T20:02:06.359Z] [hosting] hash cache [YnVpbGQ] stored for 158 files
[debug] [2026-03-04T20:02:06.359Z] [hosting][hash queue][FINAL] {"max":480,"min":19,"avg":41.145569620253184,"active":0,"complete":158,"success":158,"errored":0,"retried":0,"total":158,"elapsed":483}
[debug] [2026-03-04T20:02:06.359Z] >>> [apiv2][query] POST https://firebasehosting.googleapis.com/v1beta1/projects/491793307002/sites/actualbackend-3b454/versions/8ca95b26aa2b53c0:populateFiles [none]
[debug] [2026-03-04T20:02:06.360Z] >>> [apiv2][body] POST https://firebasehosting.googleapis.com/v1beta1/projects/491793307002/sites/actualbackend-3b454/versions/8ca95b26aa2b53c0:populateFiles {"files":{"/manifest.json":"af4c60dfde4694552dbdd63592ddc540a3be2c5b5c4fca387ae80d45c3ce530e","/robots.txt":"391d14b3c2f8c9143a27a28c7399585142228d4d1bdbe2c87ac946de411fa9a2","/logo512.png":"64aabb146fe7b27bc6f1501e9770db37a3e76e15ae9714cc37953f6c41efc80a","/logo192.png":"4395bc4a7245fe22bfcbd5e44ed7fbb2b7e43d923da872b731c7411533a5f4d8","/asset-manifest.json":"75b20612f9d0336850b0e04e19cfaa6e8f8aead472891c8bb456b60293d90d80","/index.html":"72d15b627893dfbd77c614ef1670a064288a327891d93849b4fca8e7e336671e","/static/js/main.93b07b4c.js.LICENSE.txt":"1b4d627902473c9cc92dbcdb7c9e9e6747b03e557e7252c7443694cac34beadc","/static/js/996.0fea2cb8.chunk.js.LICENSE.txt":"15e2d48aa7cb934f45a93392e9882770f25beb22f98ac210b1eb942ff30a4917","/favicon.ico":"81b6fdb9e284828c8c0a50f0b6832dcbad8fbbeff9957e6821ad0ebb3c378bfe","/static/js/99.0341e4d8.chunk.js.LICENSE.txt":"26f01abe96e2f2c8007d52aa1a5d66293132cc4ff5196720586e069a1659c52f","/static/js/996.0fea2cb8.chunk.js":"f3e78d74b2f56483298885de02b135ef4d8a0bc63177a053efb7e5748529840c","/static/js/98.c1c7134a.chunk.js.LICENSE.txt":"15e2d48aa7cb934f45a93392e9882770f25beb22f98ac210b1eb942ff30a4917","/static/js/996.0fea2cb8.chunk.js.map":"c2cad5dcd24d7d36bdc6a9ca06e562a218f0558d91e821e72e44c7199b2102d3","/static/js/98.c1c7134a.chunk.js":"9391aa02f6f40d45ae2b78447cb4e104be0b678abc20e0dae25af055318bc5ec","/static/js/98.c1c7134a.chunk.js.map":"d1427166b09e7379107d669bbc4fa7a4f13a3e42ae792ddd00e0d732e363a653","/static/js/943.1590b78c.chunk.js.LICENSE.txt":"15e2d48aa7cb934f45a93392e9882770f25beb22f98ac210b1eb942ff30a4917","/static/js/943.1590b78c.chunk.js":"211536a4673704797c0c6403656541f6e061cd61945859fe33cd945b8493f0fa","/static/js/890.2ada8c02.chunk.js.LICENSE.txt":"00ef89c487faa38ca54c1241c5e06e148a24c3b4b3549007273a145957ad125e","/static/js/907.27deefa2.chunk.js":"b133f1d37b7f9d1ba0e2abecebafbde1dc70d73673b3ab5e47289814103c0754","/static/js/807.0e598e3d.chunk.js.map":"6284f146eeaf00ee0bf4228dc6fba338011ea2a6b38dd9b1e7f088cd975dd3c4","/static/js/943.1590b78c.chunk.js.map":"7fe8cd18fecd5655ed1403517cf8832f6655ac18f89373250d662dc06731f241","/static/js/807.0e598e3d.chunk.js":"614bd86bb940c98edab4aeeaa3e68d8e6f498d4902e5cd0a50f6a17227da69f9","/static/js/787.82a750a2.chunk.js.LICENSE.txt":"15e2d48aa7cb934f45a93392e9882770f25beb22f98ac210b1eb942ff30a4917","/static/js/787.82a750a2.chunk.js.map":"8d55470f539f4cb3a729fc57a74e9b9829644f373815a51d2ff72b646e31fa57","/static/js/787.82a750a2.chunk.js":"a4804bf00766fef9b8cf08494b1797a9f1c5347ead4d0e464ebaeb4629c47592","/static/js/726.63e0b181.chunk.js.map":"e77e883dd09c29424c2a5f20c45c648bb309b1b3ba149d6fa8d996e66874b2b9","/static/js/726.63e0b181.chunk.js":"aebc4e2fd6a9b07fb63ff97cce14e2beea06412612a4fffb4c3553e07fd4463e","/static/js/698.5f4d90b6.chunk.js.LICENSE.txt":"15e2d48aa7cb934f45a93392e9882770f25beb22f98ac210b1eb942ff30a4917","/static/js/736.ba530f14.chunk.js":"f60edb9db2ade838ad2f202628fd6e2190091866268c2cc403070af289c2614c","/static/js/688.454f7f32.chunk.js.map":"4e2178812c7d47a04d9359016c254ff1281c6895da880565c95bde11b05db010","/static/js/688.454f7f32.chunk.js":"e9382c633dd02d401be1f16d2c4208aba4123d6faed3a1caa3e1a5f6508c5240","/static/js/678.78a4a591.chunk.js.map":"16e64cc35b7ba59b15531be1cbae0460a5b4bd61a65a1a6fe8c8266357ca2aea","/static/js/685.7d930c59.chunk.js":"4cdc2a0233e956b43037f67257aeb0d9181314be51cd6294a9763bf2b30c1f0d","/static/js/678.78a4a591.chunk.js":"43c2a87a21d367d01ccb70147fe09f51a974fcb478aad9a5ae81065960a981d6","/static/js/642.4fd34104.chunk.js":"f1df37648885794e787a645944e1ca34652459fadad64fa33289132ed7a6fe57","/static/js/590.203f49d1.chunk.js.LICENSE.txt":"15e2d48aa7cb934f45a93392e9882770f25beb22f98ac210b1eb942ff30a4917","/static/js/590.203f49d1.chunk.js":"282767ce7ba25f0d8512440e2f41f3a103b720e6999e923dbd5527ce8c8ece78","/static/js/907.27deefa2.chunk.js.map":"65fa72bdf01997b3d6ab44b53472750741a8a721586ce0c2d1004d8ce15ab6bf","/static/js/685.7d930c59.chunk.js.map":"fa6d17948044922d9e0869219ea46bc99e7c1d7187b000de6e50f67a0b978da9","/static/js/736.ba530f14.chunk.js.map":"29e035c401849c8504ccc3b1dc8a4e143dc8730023ead8475c6af777d9ff7082","/static/js/642.4fd34104.chunk.js.map":"b4907b4f8ea00239daaba0ef6b796b56dde179ca7d8d517b432362e19ed89517","/static/js/890.2ada8c02.chunk.js":"4e3c3f2bb1d0a65922fd75a63e0d56be590bfedb697b690aebf62a1f1f6bf8e4","/static/js/590.203f49d1.chunk.js.map":"ab10734e49a190d4bbc5467203ab5877d72a6a73b489371dc7e658a44197b4fd","/static/js/698.5f4d90b6.chunk.js":"0df2126f72fe884092131f79835966a5f765456c81d11ca5999e3aef598c70d5","/static/js/564.b0c6fb88.chunk.js":"b141e4aa22c0e0b74ea78ff2a34f766db7265770fe6f2d20218847ae3f5e5f39","/static/js/564.b0c6fb88.chunk.js.map":"1cf7c88c9f9f7280b64b786bfd4e0b20d399231d3c07cf4bdb5236850eecc380","/static/js/553.4c9df158.chunk.js.LICENSE.txt":"15e2d48aa7cb934f45a93392e9882770f25beb22f98ac210b1eb942ff30a4917","/static/js/549.7be43e80.chunk.js":"af6a8d1d51ef8d859c006197d56ead4d557baf93d5d78a1e802cb9d2a72d0890","/static/js/495.2bc730e6.chunk.js.LICENSE.txt":"15e2d48aa7cb934f45a93392e9882770f25beb22f98ac210b1eb942ff30a4917","/static/js/495.2bc730e6.chunk.js":"252a8773a706c6fbce4016af2866202e72da1c317829405f71988ac45b0128ab","/static/js/492.bf36c957.chunk.js.LICENSE.txt":"15e2d48aa7cb934f45a93392e9882770f25beb22f98ac210b1eb942ff30a4917","/static/js/492.bf36c957.chunk.js":"6b668e5541fdc5711b72a44303c1402a3cd26a170bbd7762b33a2e69b53c303f","/static/js/464.3c7fec9e.chunk.js.LICENSE.txt":"15e2d48aa7cb934f45a93392e9882770f25beb22f98ac210b1eb942ff30a4917","/static/js/495.2bc730e6.chunk.js.map":"dccddfe3de893110225091213e766315bcf6e7bbf72a92486e3a6b0b098d4139","/static/js/464.3c7fec9e.chunk.js":"0065d2b96a419d0229c7be7093cbaa3f0ed1a19ce0c28253a565dcf45f01339a","/static/js/492.bf36c957.chunk.js.map":"e059e30f998e634b4cff62f3938da4ade26bf1ee76991eb3f63a394fe6cb9b8a","/static/js/453.d2cde605.chunk.js":"22998aacf99aaf14ad3e2bdb3fbb71f731aa7190c603cee85bc34b5892592175","/static/js/453.d2cde605.chunk.js.map":"25be544347546da4eb7fce5171d3bd11e9b11bb39224d62ccd8a1213e412ada0","/static/js/464.3c7fec9e.chunk.js.map":"68716785616e25228a1f753fcfedfdf1648b673b18ac93cac1c62d50fda6a9f6","/static/js/363.d93b9cff.chunk.js":"7190c2594f4449ece3b7e69743f41a7288782597522874619e4ba3ba96b6d6ae","/static/js/338.4dffaff2.chunk.js.LICENSE.txt":"15e2d48aa7cb934f45a93392e9882770f25beb22f98ac210b1eb942ff30a4917","/static/js/338.4dffaff2.chunk.js":"370c9ef4471cd982e3839afe2ee50bdfa8888e04bf59f4ed831af383954f65d6","/static/js/333.3218a2e8.chunk.js.LICENSE.txt":"15e2d48aa7cb934f45a93392e9882770f25beb22f98ac210b1eb942ff30a4917","/static/js/333.3218a2e8.chunk.js":"1526ef2f24d1b39e31ee544f9faa8887dfd9e0060cbed7d45cf53ebad1da1f85","/static/js/303.2b46552b.chunk.js.LICENSE.txt":"15e2d48aa7cb934f45a93392e9882770f25beb22f98ac210b1eb942ff30a4917","/static/js/303.2b46552b.chunk.js.map":"12d21caa59577b9a9bc6fd78932458e18b4a8f9700d74dee9f6f41047c0f901c","/static/js/303.2b46552b.chunk.js":"1aa37ba5a24ad1bf5edcd6b74f0f9180399448b0d2fdc8bf584b5c531d51280a","/static/js/296.37790df1.chunk.js.LICENSE.txt":"15e2d48aa7cb934f45a93392e9882770f25beb22f98ac210b1eb942ff30a4917","/static/js/296.37790df1.chunk.js":"885aa986c6a48ea4db03a059de9ad1203b5ef70899cec083128a8eb5e01d0ba9","/static/js/288.697f6044.chunk.js.LICENSE.txt":"15e2d48aa7cb934f45a93392e9882770f25beb22f98ac210b1eb942ff30a4917","/static/js/296.37790df1.chunk.js.map":"c89b58e50efb9e4dc106177eed2657dc43f11a253ab9589422a3948d6aaab7bf","/static/js/269.05944dcc.chunk.js":"fd5ca4ec8794ad322c5cf31a7f3863f179197d2709b830542833db799db7c73d","/static/js/553.4c9df158.chunk.js":"09fcb3f914e89cacc55fed975f4ea509ec1dd00d103fbe013bcbbd76174921b9","/static/js/549.7be43e80.chunk.js.map":"cb938089b5581cf3a56d33cef95f029d0d1a279dd493c36760ca274e509afe4d","/static/js/333.3218a2e8.chunk.js.map":"4a4c699fffded725e7eae4aeb479d57ace2b53113ef979fa27057f1d3f4423f9","/static/js/265.e09344b3.chunk.js.map":"8539842c29ddc40086137b813f3496723ceb75cf9fe546f6bc9e4f1cff605590","/static/js/265.e09344b3.chunk.js.LICENSE.txt":"15e2d48aa7cb934f45a93392e9882770f25beb22f98ac210b1eb942ff30a4917","/static/js/363.d93b9cff.chunk.js.map":"861a1eb685002144d8b72f45e5bc35013c3b384380f791f738797e56b7e8516b","/static/js/338.4dffaff2.chunk.js.map":"b5ee6f86632eca7401f830cb6b068f34da6ed3f59c6f9eb45f0707c72901d256","/static/js/288.697f6044.chunk.js":"d260ec72e485fa7e207e1e83bbfdc8d3560895923f66fcd893d466c0b38b9bca","/static/js/99.0341e4d8.chunk.js":"e2c837973c4a214d13e75ba42c4e25df358416277648f0df6a3a37b1db5fd831","/static/js/265.e09344b3.chunk.js":"e02a62400d84db75b8f9543b443b90d54e22d715f6dba6a030a9bbe225a7d255","/static/js/263.1c93bf92.chunk.js":"3a9809c5f11135edd7a224901191a964fe98bbae51157e32b29796f310e616d8","/static/js/233.1690ba19.chunk.js":"1ffc32abae04ba3a7422ffc5a5d64304681320cf04247910e367e340a5721e76","/static/js/150.51ee49a7.chunk.js.map":"632aa4d6f2bc7a98ce2c6a2a85f357500f2f4c28c198459562e3685f466064a8","/static/js/150.51ee49a7.chunk.js.LICENSE.txt":"15e2d48aa7cb934f45a93392e9882770f25beb22f98ac210b1eb942ff30a4917","/static/js/269.05944dcc.chunk.js.map":"5c40435c6e89cc65ded04ca2479103207f58db9e62b677c45ac1e46d307c7b62","/static/js/150.51ee49a7.chunk.js":"e1ba92c43a35fb8904db3d78eae1b53c5e02b81718b7a20450d8551056ff98a9","/static/js/125.40b31da6.chunk.js":"f6c5ab37adafcf301adde38845de1cc288d72eb4f349f3ad4ccfa1bc57d801f5","/static/js/111.b2b96088.chunk.js.LICENSE.txt":"15e2d48aa7cb934f45a93392e9882770f25beb22f98ac210b1eb942ff30a4917","/static/js/125.40b31da6.chunk.js.map":"87bd762252347156b7cabc093e502933cce328e30e9d8850e61ef4bb281a3160","/static/js/233.1690ba19.chunk.js.map":"6c23ab8d1db1dde7b4c7448180318524c4423e1fe29fed057d95090cec3ae42f","/static/css/996.0abfc4c7.chunk.css.map":"7df8ac8b935c3e83222da672129ff3d18187bab04e36fff37d33e23137b20d1d","/static/css/996.0abfc4c7.chunk.css":"61a535217995f6e3058e430b0ec92f12d34bc273144a788ed21f64d061a32f3b","/static/css/943.48d1088b.chunk.css":"c86341e6a1529bae35e07bc831d79deb97e59716016509920b013c555335fa8d","/static/css/943.48d1088b.chunk.css.map":"42df84968151b5655bbab7b7cf2d021be436f3bb6b16f87d9a50c73e10d72860","/static/css/807.b41774b7.chunk.css.map":"c7bbdbef98a2e4a994c9ea5ad07a32b0f6680f6f4c833cb670a6f695a48b8e8a","/static/css/807.b41774b7.chunk.css":"aa6eb10312eb8d448e90970c9847948665dba57822c888ade78f04a858eef280","/static/css/736.28ba2c84.chunk.css":"23f616354b50d20babf3647be146ad4c2ee92a0a4082b95addbe7a09ccd779aa","/static/css/688.30ef763c.chunk.css.map":"d42cc03fe01d12f302ca3329a7e8b9ed6f60d33fe1cf99bc5cedd3c442369af5","/static/css/736.28ba2c84.chunk.css.map":"76fb679ee114d45f023dfc5f0f2361429ba23b741b3d0d67f61fca7c1ae3ba7d","/static/css/688.30ef763c.chunk.css":"cb05c1668fb6ff27b5ab7ac4a4791c19a5a74bd2b6cd6640bc461ad2d8350f87","/static/css/685.2e672648.chunk.css":"b3d841ee1c7fc4411398566dff84901bf43ace942b86046157d562ff7a269415","/static/css/590.56fce157.chunk.css.map":"1e6b6f93df1c03c289117833cc86283f8109478eda37e0269e90ed8ce573e621","/static/css/590.56fce157.chunk.css":"7676083a483b4a8b7c0d9ed55b52daec5c2bbe897b6c908a538706891176caa0","/static/css/685.2e672648.chunk.css.map":"e0e3934d644ff120649c4a93efcaa64792f257f9620a109ccdfb96c55ac87635","/static/css/338.44779294.chunk.css.map":"40e7ce3af3686e49edcba9624eeb3efdfb871a36380b536f5916d04c280eb0a8","/static/css/564.cb854582.chunk.css":"d0316b2939f987291fa08c8f8193e0751809595fecf879be43de86953d144027","/static/css/564.cb854582.chunk.css.map":"60ded699ec67863b8b6b8c0fed2b4fd86ecf39599e42fd68bbb7c9a581e58c86","/static/css/338.44779294.chunk.css":"571552f44d0b1d5044e56175cb439f180d1863aea719697f8cee114ac775ad60","/static/css/333.8acaa905.chunk.css.map":"d9166296d53c86e125a4087695589b268d13ca2a6f86a3310e1f1a07d36e054b","/static/css/333.8acaa905.chunk.css":"0df91d8cf13fdb6c79be5c0e8f8f9dfe7badccfdad72600c0ae33d7f8a9d34d5","/static/css/main.cd61aedf.css.map":"a0d46c0ae7fbeadf9cae69934763a2adfbccd12527d147c44e1a96f87055957e","/static/js/263.1c93bf92.chunk.js.map":"7b9b0eb9fd2b9dbf7293ce33bf533c283247da7a70744bd145c302d7901917d2","/static/css/296.28eb687f.chunk.css.map":"916309e9b2d757092eeb271ae9177740c8b8b15395b98c8c4b1b0e301f47543b","/static/css/296.28eb687f.chunk.css":"ca8acb34c71be13f0fffa9c46917c393d013241e7930e545b449f826d463bf91","/static/js/111.b2b96088.chunk.js":"9b194a3112ba58bd0fbd2ee43945a5e5d67b3fc36873b5af3a9dff5d9dbe87b0","/static/css/288.6f2d9f40.chunk.css.map":"541b9d46f94bb36d00691395e1a344712b013ddfff12b0d696cff4a0c08d5715","/static/css/288.6f2d9f40.chunk.css":"db51a1d5246cc0bef62483781db0be1dcb489d50556288e2e0bedd4aeb0a90a0","/static/css/269.76bad261.chunk.css":"4dc4f158aeb3538928157e8edd6a7dcf21222eac7670a002088f439da691298a","/static/css/269.76bad261.chunk.css.map":"b921982c9a5d599d58ff63d68e5223206251a71fe046258c3acf09913a120567","/static/css/265.e8b3f508.chunk.css.map":"68194589a678163c42cbf597f86e18754502489a3196b94a25b3d40a5426be40","/static/css/265.e8b3f508.chunk.css":"38309be7a909d0a52993dcf275c9cd8c9f3c4e6c57885414b2f1fe15b2a25f0d","/static/css/main.cd61aedf.css":"d9d629e68457d072d9ad4aa0a83b6db9b91253f62a9c2a13a4c594c2dc870679","/static/css/130.392a2e2d.chunk.css.map":"badac6b25807f9889883c3ec90dedd3544634f6deb6b9c2866a19677c12929e4","/static/css/130.392a2e2d.chunk.css":"59fa56e1e977bf04953b60ee51dca942e3d4daa4f52ada88ad7964f465677df0","/static/css/127.5025c5e8.chunk.css":"c18485914c2d084292d8ce20f091dbcde78c37398030b9dfd2fa46f8daceb0b4","/static/css/125.ffd2608f.chunk.css.map":"80350cbe09289026feffd177f1c2a6e8151efeaa6d494afdcc927975fc78328d","/static/css/125.ffd2608f.chunk.css":"5d5a8145595e927dd9f40a11e9893f7e4d7fa9891e47954c5a4f9c8f3abfc1d7","/hero-5/unnamed.jpg":"d0d5f07f3c7d421eb939d435e0d69c82352541204b0d7fc6fb9718404767fccd","/hero-5/apple-pay-logo-coopbank.webp":"2307d345345dcd54aef47e5eb63a1296f3c913d842bdbc663601546be8cc6428","/hero-5/Visa_Grey.avif":"c08fef8c80a87eca21fef3b2260d835ed8085303e2ab5132f64090ead128b8d7","/hero-5/Mastercard_2019_logo.svg":"383ef9f8a933f72f1a5fc35b7ab4a2f18ae974156d78794038b32fb6afdbebd4","/static/css/127.5025c5e8.chunk.css.map":"ffeb2055675c65ae614ea7075a1ad8f5255902e7436ef949b453e50c1f0804eb","/static/js/553.4c9df158.chunk.js.map":"c83fdb95faae53ebef419914ee9e2040dd46379fec872adef14c7c37a563c260","/hero-5/unnamed.webp":"053d2c1e8ff29c8f5f3c630136e4e1776a8c2231334a4b79912c25168e65031e","/hero-5/selma-logo-final.jpg":"1b9989229fde27bce3f5dcfabfeb08f0f15657b56812e1c8d7ea2ef3fb5639b3","/static/js/288.697f6044.chunk.js.map":"2c21db30dd4809c301b2d18279bba286dfeedc0e9a1ee24598db20dc239d27a6","/hero-5/physio-picture.jpg":"2d1249adc33d7929226cca9173fe87ac56487edc734806e3f51a246a37be8220","/static/js/111.b2b96088.chunk.js.map":"0f03848bd602093e6f5b87ba03c2c7588cab6fb8e25c8b38596e629871113571","/hero-5/MobilePay-1200x627.jpg":"e6dd51a6112a09aa33e67a27d1a3b6fbac19bdd3c2eeba7113497e80bcc04075","/static/js/698.5f4d90b6.chunk.js.map":"8161f04c3b3ff9789a0a103082884af6e5c7240cc5c4044bc0ee48630b145d9d","/hero-5/booking-hjemmeside.jpg":"a4de6fcd8b833421127bffe75ef3972653659c8e380a275156ce32e27d90fb26","/hero-5/insta-profil.jpg":"b4883fc86225c184d1c7936dc16f46dfd55784845a34862e9f1e97ed896964c9","/static/js/890.2ada8c02.chunk.js.map":"dba798692a7038d67fc69576b2cd5c4e5a870de72c325a074f144b16872e7467","/static/js/99.0341e4d8.chunk.js.map":"1dea4cf2a5b7d167bb3b8e140be7cbca67d61342e8fa00999c74ece546473efc","/hero-4/clinic-overview.png":"fc15885d0428a8a30ba6d317056de0869d40b2b5668dac7a938cef266556d5b0","/static/js/main.93b07b4c.js":"f72e448482ec0f8e9cebc27e9e9a958f7047290614c36709cfe7aaec864169c1","/hero-6/screen-3.png":"9a0551e4dd92e4a95ba99826a333237b3c3bb22e9247900418cc4f6e1127e2d0","/hero-4/calendar-week.png":"0343644df56057efa8951e2aae430cc7ae969cf41e7343495f942765ee07cef7","/hero-6/screen-6.png":"781f334972758d31c6e6302874f1b7bb05a19af54fb42a304c75dfabb2ab51e6","/hero-6/screen-5.png":"84514542bc84a327691323d2dc95cafe3187ff8ee6e56e5bae94a09877878b6d","/hero-6/screen-1.png":"676f001bddfd837bcb4c29adc8a802ddce3a583c0efd0e2a66db6d8e7a50315f","/hero-6/screen-4.png":"b0b0ddba66f251afc1a5e9873fb7dffcaf62766838da676d14ed764740ebeb70","/hero-6/screen-2.png":"6608d3035ed5f3ebe891a5822e31ed21d6d24ae9281914e371fed782e746d111","/assets/selmalogo.png":"a9d6a9f8fcb32340c9e0cc23f9a76b0010fe85cdd7ddd81d732aa11e5e66c15d","/hero-2/pexels-yankrukov-5793904.jpg":"ee985c25810015e60c1924102c304a7fc965152bd96cbe18883e3d84eb6d37f3","/static/js/main.93b07b4c.js.map":"a7b19799fc286516bc36d16bc503eb0474f2ebd01bb21a5b4f425889dd76bdb7"}}
[info] i  hosting: adding files to version [0/158] (0%) 
[debug] [2026-03-04T20:02:08.126Z] <<< [apiv2][status] POST https://firebasehosting.googleapis.com/v1beta1/projects/491793307002/sites/actualbackend-3b454/versions/8ca95b26aa2b53c0:populateFiles 200
[debug] [2026-03-04T20:02:08.127Z] <<< [apiv2][body] POST https://firebasehosting.googleapis.com/v1beta1/projects/491793307002/sites/actualbackend-3b454/versions/8ca95b26aa2b53c0:populateFiles {"uploadRequiredHashes":["72d15b627893dfbd77c614ef1670a064288a327891d93849b4fca8e7e336671e","a7b19799fc286516bc36d16bc503eb0474f2ebd01bb21a5b4f425889dd76bdb7","8161f04c3b3ff9789a0a103082884af6e5c7240cc5c4044bc0ee48630b145d9d","d9d629e68457d072d9ad4aa0a83b6db9b91253f62a9c2a13a4c594c2dc870679","6284f146eeaf00ee0bf4228dc6fba338011ea2a6b38dd9b1e7f088cd975dd3c4","75b20612f9d0336850b0e04e19cfaa6e8f8aead472891c8bb456b60293d90d80","f72e448482ec0f8e9cebc27e9e9a958f7047290614c36709cfe7aaec864169c1","0df2126f72fe884092131f79835966a5f765456c81d11ca5999e3aef598c70d5","861a1eb685002144d8b72f45e5bc35013c3b384380f791f738797e56b7e8516b","a0d46c0ae7fbeadf9cae69934763a2adfbccd12527d147c44e1a96f87055957e","614bd86bb940c98edab4aeeaa3e68d8e6f498d4902e5cd0a50f6a17227da69f9","7190c2594f4449ece3b7e69743f41a7288782597522874619e4ba3ba96b6d6ae","2c21db30dd4809c301b2d18279bba286dfeedc0e9a1ee24598db20dc239d27a6","d260ec72e485fa7e207e1e83bbfdc8d3560895923f66fcd893d466c0b38b9bca"],"uploadUrl":"https://upload-firebasehosting.googleapis.com/upload/sites/actualbackend-3b454/versions/8ca95b26aa2b53c0/files"}
[debug] [2026-03-04T20:02:08.128Z] Checked if tokens are valid: true, expires at: 1772655667319
[debug] [2026-03-04T20:02:08.128Z] Checked if tokens are valid: true, expires at: 1772655667319
[debug] [2026-03-04T20:02:08.129Z] Checked if tokens are valid: true, expires at: 1772655667319
[debug] [2026-03-04T20:02:08.129Z] Checked if tokens are valid: true, expires at: 1772655667319
[debug] [2026-03-04T20:02:08.130Z] Checked if tokens are valid: true, expires at: 1772655667319
[debug] [2026-03-04T20:02:08.130Z] Checked if tokens are valid: true, expires at: 1772655667319
[debug] [2026-03-04T20:02:08.130Z] Checked if tokens are valid: true, expires at: 1772655667319
[debug] [2026-03-04T20:02:08.130Z] Checked if tokens are valid: true, expires at: 1772655667319
[debug] [2026-03-04T20:02:08.131Z] Checked if tokens are valid: true, expires at: 1772655667319
[debug] [2026-03-04T20:02:08.131Z] Checked if tokens are valid: true, expires at: 1772655667319
[debug] [2026-03-04T20:02:08.131Z] Checked if tokens are valid: true, expires at: 1772655667319
[debug] [2026-03-04T20:02:08.131Z] Checked if tokens are valid: true, expires at: 1772655667319
[debug] [2026-03-04T20:02:08.132Z] Checked if tokens are valid: true, expires at: 1772655667319
[debug] [2026-03-04T20:02:08.132Z] Checked if tokens are valid: true, expires at: 1772655667319
[debug] [2026-03-04T20:02:08.132Z] Checked if tokens are valid: true, expires at: 1772655667319
[debug] [2026-03-04T20:02:08.132Z] Checked if tokens are valid: true, expires at: 1772655667319
[debug] [2026-03-04T20:02:08.133Z] Checked if tokens are valid: true, expires at: 1772655667319
[debug] [2026-03-04T20:02:08.133Z] Checked if tokens are valid: true, expires at: 1772655667319
[debug] [2026-03-04T20:02:08.133Z] Checked if tokens are valid: true, expires at: 1772655667319
[debug] [2026-03-04T20:02:08.133Z] Checked if tokens are valid: true, expires at: 1772655667319
[debug] [2026-03-04T20:02:08.134Z] Checked if tokens are valid: true, expires at: 1772655667319
[debug] [2026-03-04T20:02:08.134Z] Checked if tokens are valid: true, expires at: 1772655667319
[debug] [2026-03-04T20:02:08.134Z] Checked if tokens are valid: true, expires at: 1772655667319
[debug] [2026-03-04T20:02:08.134Z] Checked if tokens are valid: true, expires at: 1772655667319
[debug] [2026-03-04T20:02:08.135Z] Checked if tokens are valid: true, expires at: 1772655667319
[debug] [2026-03-04T20:02:08.135Z] Checked if tokens are valid: true, expires at: 1772655667319
[debug] [2026-03-04T20:02:08.135Z] Checked if tokens are valid: true, expires at: 1772655667319
[debug] [2026-03-04T20:02:08.135Z] Checked if tokens are valid: true, expires at: 1772655667319
[debug] [2026-03-04T20:02:08.136Z] >>> [apiv2][query] POST https://upload-firebasehosting.googleapis.com/upload/sites/actualbackend-3b454/versions/8ca95b26aa2b53c0/files/72d15b627893dfbd77c614ef1670a064288a327891d93849b4fca8e7e336671e [none]
[debug] [2026-03-04T20:02:08.136Z] >>> [apiv2][body] POST https://upload-firebasehosting.googleapis.com/upload/sites/actualbackend-3b454/versions/8ca95b26aa2b53c0/files/72d15b627893dfbd77c614ef1670a064288a327891d93849b4fca8e7e336671e [stream]
[debug] [2026-03-04T20:02:08.138Z] >>> [apiv2][query] POST https://upload-firebasehosting.googleapis.com/upload/sites/actualbackend-3b454/versions/8ca95b26aa2b53c0/files/a7b19799fc286516bc36d16bc503eb0474f2ebd01bb21a5b4f425889dd76bdb7 [none]
[debug] [2026-03-04T20:02:08.138Z] >>> [apiv2][body] POST https://upload-firebasehosting.googleapis.com/upload/sites/actualbackend-3b454/versions/8ca95b26aa2b53c0/files/a7b19799fc286516bc36d16bc503eb0474f2ebd01bb21a5b4f425889dd76bdb7 [stream]
[debug] [2026-03-04T20:02:08.140Z] >>> [apiv2][query] POST https://upload-firebasehosting.googleapis.com/upload/sites/actualbackend-3b454/versions/8ca95b26aa2b53c0/files/8161f04c3b3ff9789a0a103082884af6e5c7240cc5c4044bc0ee48630b145d9d [none]
[debug] [2026-03-04T20:02:08.140Z] >>> [apiv2][body] POST https://upload-firebasehosting.googleapis.com/upload/sites/actualbackend-3b454/versions/8ca95b26aa2b53c0/files/8161f04c3b3ff9789a0a103082884af6e5c7240cc5c4044bc0ee48630b145d9d [stream]
[debug] [2026-03-04T20:02:08.141Z] >>> [apiv2][query] POST https://upload-firebasehosting.googleapis.com/upload/sites/actualbackend-3b454/versions/8ca95b26aa2b53c0/files/d9d629e68457d072d9ad4aa0a83b6db9b91253f62a9c2a13a4c594c2dc870679 [none]
[debug] [2026-03-04T20:02:08.141Z] >>> [apiv2][body] POST https://upload-firebasehosting.googleapis.com/upload/sites/actualbackend-3b454/versions/8ca95b26aa2b53c0/files/d9d629e68457d072d9ad4aa0a83b6db9b91253f62a9c2a13a4c594c2dc870679 [stream]
[debug] [2026-03-04T20:02:08.142Z] >>> [apiv2][query] POST https://upload-firebasehosting.googleapis.com/upload/sites/actualbackend-3b454/versions/8ca95b26aa2b53c0/files/6284f146eeaf00ee0bf4228dc6fba338011ea2a6b38dd9b1e7f088cd975dd3c4 [none]
[debug] [2026-03-04T20:02:08.142Z] >>> [apiv2][body] POST https://upload-firebasehosting.googleapis.com/upload/sites/actualbackend-3b454/versions/8ca95b26aa2b53c0/files/6284f146eeaf00ee0bf4228dc6fba338011ea2a6b38dd9b1e7f088cd975dd3c4 [stream]
[debug] [2026-03-04T20:02:08.144Z] >>> [apiv2][query] POST https://upload-firebasehosting.googleapis.com/upload/sites/actualbackend-3b454/versions/8ca95b26aa2b53c0/files/75b20612f9d0336850b0e04e19cfaa6e8f8aead472891c8bb456b60293d90d80 [none]
[debug] [2026-03-04T20:02:08.144Z] >>> [apiv2][body] POST https://upload-firebasehosting.googleapis.com/upload/sites/actualbackend-3b454/versions/8ca95b26aa2b53c0/files/75b20612f9d0336850b0e04e19cfaa6e8f8aead472891c8bb456b60293d90d80 [stream]
[debug] [2026-03-04T20:02:08.145Z] >>> [apiv2][query] POST https://upload-firebasehosting.googleapis.com/upload/sites/actualbackend-3b454/versions/8ca95b26aa2b53c0/files/f72e448482ec0f8e9cebc27e9e9a958f7047290614c36709cfe7aaec864169c1 [none]
[debug] [2026-03-04T20:02:08.145Z] >>> [apiv2][body] POST https://upload-firebasehosting.googleapis.com/upload/sites/actualbackend-3b454/versions/8ca95b26aa2b53c0/files/f72e448482ec0f8e9cebc27e9e9a958f7047290614c36709cfe7aaec864169c1 [stream]
[debug] [2026-03-04T20:02:08.146Z] >>> [apiv2][query] POST https://upload-firebasehosting.googleapis.com/upload/sites/actualbackend-3b454/versions/8ca95b26aa2b53c0/files/0df2126f72fe884092131f79835966a5f765456c81d11ca5999e3aef598c70d5 [none]
[debug] [2026-03-04T20:02:08.146Z] >>> [apiv2][body] POST https://upload-firebasehosting.googleapis.com/upload/sites/actualbackend-3b454/versions/8ca95b26aa2b53c0/files/0df2126f72fe884092131f79835966a5f765456c81d11ca5999e3aef598c70d5 [stream]
[debug] [2026-03-04T20:02:08.147Z] >>> [apiv2][query] POST https://upload-firebasehosting.googleapis.com/upload/sites/actualbackend-3b454/versions/8ca95b26aa2b53c0/files/861a1eb685002144d8b72f45e5bc35013c3b384380f791f738797e56b7e8516b [none]
[debug] [2026-03-04T20:02:08.147Z] >>> [apiv2][body] POST https://upload-firebasehosting.googleapis.com/upload/sites/actualbackend-3b454/versions/8ca95b26aa2b53c0/files/861a1eb685002144d8b72f45e5bc35013c3b384380f791f738797e56b7e8516b [stream]
[debug] [2026-03-04T20:02:08.148Z] >>> [apiv2][query] POST https://upload-firebasehosting.googleapis.com/upload/sites/actualbackend-3b454/versions/8ca95b26aa2b53c0/files/a0d46c0ae7fbeadf9cae69934763a2adfbccd12527d147c44e1a96f87055957e [none]
[debug] [2026-03-04T20:02:08.148Z] >>> [apiv2][body] POST https://upload-firebasehosting.googleapis.com/upload/sites/actualbackend-3b454/versions/8ca95b26aa2b53c0/files/a0d46c0ae7fbeadf9cae69934763a2adfbccd12527d147c44e1a96f87055957e [stream]
[debug] [2026-03-04T20:02:08.149Z] >>> [apiv2][query] POST https://upload-firebasehosting.googleapis.com/upload/sites/actualbackend-3b454/versions/8ca95b26aa2b53c0/files/614bd86bb940c98edab4aeeaa3e68d8e6f498d4902e5cd0a50f6a17227da69f9 [none]
[debug] [2026-03-04T20:02:08.149Z] >>> [apiv2][body] POST https://upload-firebasehosting.googleapis.com/upload/sites/actualbackend-3b454/versions/8ca95b26aa2b53c0/files/614bd86bb940c98edab4aeeaa3e68d8e6f498d4902e5cd0a50f6a17227da69f9 [stream]
[debug] [2026-03-04T20:02:08.149Z] >>> [apiv2][query] POST https://upload-firebasehosting.googleapis.com/upload/sites/actualbackend-3b454/versions/8ca95b26aa2b53c0/files/7190c2594f4449ece3b7e69743f41a7288782597522874619e4ba3ba96b6d6ae [none]
[debug] [2026-03-04T20:02:08.149Z] >>> [apiv2][body] POST https://upload-firebasehosting.googleapis.com/upload/sites/actualbackend-3b454/versions/8ca95b26aa2b53c0/files/7190c2594f4449ece3b7e69743f41a7288782597522874619e4ba3ba96b6d6ae [stream]
[debug] [2026-03-04T20:02:08.150Z] >>> [apiv2][query] POST https://upload-firebasehosting.googleapis.com/upload/sites/actualbackend-3b454/versions/8ca95b26aa2b53c0/files/2c21db30dd4809c301b2d18279bba286dfeedc0e9a1ee24598db20dc239d27a6 [none]
[debug] [2026-03-04T20:02:08.150Z] >>> [apiv2][body] POST https://upload-firebasehosting.googleapis.com/upload/sites/actualbackend-3b454/versions/8ca95b26aa2b53c0/files/2c21db30dd4809c301b2d18279bba286dfeedc0e9a1ee24598db20dc239d27a6 [stream]
[debug] [2026-03-04T20:02:08.151Z] >>> [apiv2][query] POST https://upload-firebasehosting.googleapis.com/upload/sites/actualbackend-3b454/versions/8ca95b26aa2b53c0/files/d260ec72e485fa7e207e1e83bbfdc8d3560895923f66fcd893d466c0b38b9bca [none]
[debug] [2026-03-04T20:02:08.151Z] >>> [apiv2][body] POST https://upload-firebasehosting.googleapis.com/upload/sites/actualbackend-3b454/versions/8ca95b26aa2b53c0/files/d260ec72e485fa7e207e1e83bbfdc8d3560895923f66fcd893d466c0b38b9bca [stream]
[debug] [2026-03-04T20:02:08.152Z] [hosting][populate queue][FINAL] {"max":1777,"min":1777,"avg":1777,"active":0,"complete":1,"success":1,"errored":0,"retried":0,"total":1,"elapsed":1794}
[debug] [2026-03-04T20:02:08.152Z] [hosting] uploads queued: 14
[debug] [2026-03-04T20:02:09.464Z] <<< [apiv2][status] POST https://upload-firebasehosting.googleapis.com/upload/sites/actualbackend-3b454/versions/8ca95b26aa2b53c0/files/614bd86bb940c98edab4aeeaa3e68d8e6f498d4902e5cd0a50f6a17227da69f9 200
[debug] [2026-03-04T20:02:09.465Z] <<< [apiv2][body] POST https://upload-firebasehosting.googleapis.com/upload/sites/actualbackend-3b454/versions/8ca95b26aa2b53c0/files/614bd86bb940c98edab4aeeaa3e68d8e6f498d4902e5cd0a50f6a17227da69f9 [stream]
[debug] [2026-03-04T20:02:09.466Z] <<< [apiv2][status] POST https://upload-firebasehosting.googleapis.com/upload/sites/actualbackend-3b454/versions/8ca95b26aa2b53c0/files/6284f146eeaf00ee0bf4228dc6fba338011ea2a6b38dd9b1e7f088cd975dd3c4 200
[debug] [2026-03-04T20:02:09.466Z] <<< [apiv2][body] POST https://upload-firebasehosting.googleapis.com/upload/sites/actualbackend-3b454/versions/8ca95b26aa2b53c0/files/6284f146eeaf00ee0bf4228dc6fba338011ea2a6b38dd9b1e7f088cd975dd3c4 [stream]
[debug] [2026-03-04T20:02:09.500Z] <<< [apiv2][status] POST https://upload-firebasehosting.googleapis.com/upload/sites/actualbackend-3b454/versions/8ca95b26aa2b53c0/files/f72e448482ec0f8e9cebc27e9e9a958f7047290614c36709cfe7aaec864169c1 200
[debug] [2026-03-04T20:02:09.501Z] <<< [apiv2][body] POST https://upload-firebasehosting.googleapis.com/upload/sites/actualbackend-3b454/versions/8ca95b26aa2b53c0/files/f72e448482ec0f8e9cebc27e9e9a958f7047290614c36709cfe7aaec864169c1 [stream]
[debug] [2026-03-04T20:02:09.502Z] <<< [apiv2][status] POST https://upload-firebasehosting.googleapis.com/upload/sites/actualbackend-3b454/versions/8ca95b26aa2b53c0/files/861a1eb685002144d8b72f45e5bc35013c3b384380f791f738797e56b7e8516b 200
[debug] [2026-03-04T20:02:09.502Z] <<< [apiv2][body] POST https://upload-firebasehosting.googleapis.com/upload/sites/actualbackend-3b454/versions/8ca95b26aa2b53c0/files/861a1eb685002144d8b72f45e5bc35013c3b384380f791f738797e56b7e8516b [stream]
[debug] [2026-03-04T20:02:09.503Z] <<< [apiv2][status] POST https://upload-firebasehosting.googleapis.com/upload/sites/actualbackend-3b454/versions/8ca95b26aa2b53c0/files/d9d629e68457d072d9ad4aa0a83b6db9b91253f62a9c2a13a4c594c2dc870679 200
[debug] [2026-03-04T20:02:09.503Z] <<< [apiv2][body] POST https://upload-firebasehosting.googleapis.com/upload/sites/actualbackend-3b454/versions/8ca95b26aa2b53c0/files/d9d629e68457d072d9ad4aa0a83b6db9b91253f62a9c2a13a4c594c2dc870679 [stream]
[debug] [2026-03-04T20:02:09.556Z] <<< [apiv2][status] POST https://upload-firebasehosting.googleapis.com/upload/sites/actualbackend-3b454/versions/8ca95b26aa2b53c0/files/0df2126f72fe884092131f79835966a5f765456c81d11ca5999e3aef598c70d5 200
[debug] [2026-03-04T20:02:09.557Z] <<< [apiv2][body] POST https://upload-firebasehosting.googleapis.com/upload/sites/actualbackend-3b454/versions/8ca95b26aa2b53c0/files/0df2126f72fe884092131f79835966a5f765456c81d11ca5999e3aef598c70d5 [stream]
[debug] [2026-03-04T20:02:09.565Z] <<< [apiv2][status] POST https://upload-firebasehosting.googleapis.com/upload/sites/actualbackend-3b454/versions/8ca95b26aa2b53c0/files/d260ec72e485fa7e207e1e83bbfdc8d3560895923f66fcd893d466c0b38b9bca 200
[debug] [2026-03-04T20:02:09.566Z] <<< [apiv2][body] POST https://upload-firebasehosting.googleapis.com/upload/sites/actualbackend-3b454/versions/8ca95b26aa2b53c0/files/d260ec72e485fa7e207e1e83bbfdc8d3560895923f66fcd893d466c0b38b9bca [stream]
[debug] [2026-03-04T20:02:09.665Z] <<< [apiv2][status] POST https://upload-firebasehosting.googleapis.com/upload/sites/actualbackend-3b454/versions/8ca95b26aa2b53c0/files/8161f04c3b3ff9789a0a103082884af6e5c7240cc5c4044bc0ee48630b145d9d 200
[debug] [2026-03-04T20:02:09.666Z] <<< [apiv2][body] POST https://upload-firebasehosting.googleapis.com/upload/sites/actualbackend-3b454/versions/8ca95b26aa2b53c0/files/8161f04c3b3ff9789a0a103082884af6e5c7240cc5c4044bc0ee48630b145d9d [stream]
[debug] [2026-03-04T20:02:09.695Z] <<< [apiv2][status] POST https://upload-firebasehosting.googleapis.com/upload/sites/actualbackend-3b454/versions/8ca95b26aa2b53c0/files/a0d46c0ae7fbeadf9cae69934763a2adfbccd12527d147c44e1a96f87055957e 200
[debug] [2026-03-04T20:02:09.696Z] <<< [apiv2][body] POST https://upload-firebasehosting.googleapis.com/upload/sites/actualbackend-3b454/versions/8ca95b26aa2b53c0/files/a0d46c0ae7fbeadf9cae69934763a2adfbccd12527d147c44e1a96f87055957e [stream]
[debug] [2026-03-04T20:02:09.745Z] <<< [apiv2][status] POST https://upload-firebasehosting.googleapis.com/upload/sites/actualbackend-3b454/versions/8ca95b26aa2b53c0/files/75b20612f9d0336850b0e04e19cfaa6e8f8aead472891c8bb456b60293d90d80 200
[debug] [2026-03-04T20:02:09.745Z] <<< [apiv2][body] POST https://upload-firebasehosting.googleapis.com/upload/sites/actualbackend-3b454/versions/8ca95b26aa2b53c0/files/75b20612f9d0336850b0e04e19cfaa6e8f8aead472891c8bb456b60293d90d80 [stream]
[debug] [2026-03-04T20:02:09.747Z] <<< [apiv2][status] POST https://upload-firebasehosting.googleapis.com/upload/sites/actualbackend-3b454/versions/8ca95b26aa2b53c0/files/72d15b627893dfbd77c614ef1670a064288a327891d93849b4fca8e7e336671e 200
[debug] [2026-03-04T20:02:09.747Z] <<< [apiv2][body] POST https://upload-firebasehosting.googleapis.com/upload/sites/actualbackend-3b454/versions/8ca95b26aa2b53c0/files/72d15b627893dfbd77c614ef1670a064288a327891d93849b4fca8e7e336671e [stream]
[debug] [2026-03-04T20:02:09.873Z] <<< [apiv2][status] POST https://upload-firebasehosting.googleapis.com/upload/sites/actualbackend-3b454/versions/8ca95b26aa2b53c0/files/7190c2594f4449ece3b7e69743f41a7288782597522874619e4ba3ba96b6d6ae 200
[debug] [2026-03-04T20:02:09.873Z] <<< [apiv2][body] POST https://upload-firebasehosting.googleapis.com/upload/sites/actualbackend-3b454/versions/8ca95b26aa2b53c0/files/7190c2594f4449ece3b7e69743f41a7288782597522874619e4ba3ba96b6d6ae [stream]
[info] i  hosting: uploading new files [12/14] (85%) 
[debug] [2026-03-04T20:02:10.071Z] <<< [apiv2][status] POST https://upload-firebasehosting.googleapis.com/upload/sites/actualbackend-3b454/versions/8ca95b26aa2b53c0/files/2c21db30dd4809c301b2d18279bba286dfeedc0e9a1ee24598db20dc239d27a6 200
[debug] [2026-03-04T20:02:10.071Z] <<< [apiv2][body] POST https://upload-firebasehosting.googleapis.com/upload/sites/actualbackend-3b454/versions/8ca95b26aa2b53c0/files/2c21db30dd4809c301b2d18279bba286dfeedc0e9a1ee24598db20dc239d27a6 [stream]
[debug] [2026-03-04T20:02:10.946Z] <<< [apiv2][status] POST https://upload-firebasehosting.googleapis.com/upload/sites/actualbackend-3b454/versions/8ca95b26aa2b53c0/files/a7b19799fc286516bc36d16bc503eb0474f2ebd01bb21a5b4f425889dd76bdb7 200
[debug] [2026-03-04T20:02:10.946Z] <<< [apiv2][body] POST https://upload-firebasehosting.googleapis.com/upload/sites/actualbackend-3b454/versions/8ca95b26aa2b53c0/files/a7b19799fc286516bc36d16bc503eb0474f2ebd01bb21a5b4f425889dd76bdb7 [stream]
[debug] [2026-03-04T20:02:10.947Z] [hosting][upload queue][FINAL] {"max":2817,"min":1332,"avg":1604.5,"active":0,"complete":14,"success":14,"errored":0,"retried":0,"total":14,"elapsed":2820}
[info] i  hosting: upload complete 
[info] ✔  hosting[actualbackend-3b454]: file upload complete 
[debug] [2026-03-04T20:02:10.950Z] [hosting] deploy completed after 5102ms
[debug] [2026-03-04T20:02:10.951Z] [
  {
    "config": {
      "public": "build",
      "ignore": [
        "firebase.json",
        "**/.*",
        "**/node_modules/**"
      ],
      "rewrites": [
        {
          "source": "/api/corti/**",
          "run": {
            "serviceId": "actualbackend-api",
            "region": "us-central1"
          }
        },
        {
          "source": "/ws/corti/**",
          "run": {
            "serviceId": "actualbackend-api",
            "region": "us-central1"
          }
        },
        {
          "source": "/api/**",
          "run": {
            "serviceId": "actualbackend-api",
            "region": "us-central1"
          }
        },
        {
          "source": "/ws/**",
          "run": {
            "serviceId": "actualbackend-api",
            "region": "us-central1"
          }
        },
        {
          "source": "**",
          "destination": "/index.html"
        }
      ],
      "site": "actualbackend-3b454"
    },
    "version": "projects/491793307002/sites/actualbackend-3b454/versions/8ca95b26aa2b53c0"
  }
]
[info] i  hosting[actualbackend-3b454]: finalizing version... 
[debug] [2026-03-04T20:02:10.954Z] Checked if tokens are valid: true, expires at: 1772655667319
[debug] [2026-03-04T20:02:10.954Z] Checked if tokens are valid: true, expires at: 1772655667319
[debug] [2026-03-04T20:02:10.955Z] >>> [apiv2][query] GET https://cloudfunctions.googleapis.com/v1/projects/actualbackend-3b454/locations/-/functions [none]
[debug] [2026-03-04T20:02:11.975Z] <<< [apiv2][status] GET https://cloudfunctions.googleapis.com/v1/projects/actualbackend-3b454/locations/-/functions 200
[debug] [2026-03-04T20:02:11.975Z] <<< [apiv2][body] GET https://cloudfunctions.googleapis.com/v1/projects/actualbackend-3b454/locations/-/functions {}
[debug] [2026-03-04T20:02:11.976Z] Checked if tokens are valid: true, expires at: 1772655667319
[debug] [2026-03-04T20:02:11.976Z] Checked if tokens are valid: true, expires at: 1772655667319
[debug] [2026-03-04T20:02:11.977Z] >>> [apiv2][query] GET https://cloudfunctions.googleapis.com/v2/projects/actualbackend-3b454/locations/-/functions filter=environment%3D%22GEN_2%22
[debug] [2026-03-04T20:02:13.160Z] <<< [apiv2][status] GET https://cloudfunctions.googleapis.com/v2/projects/actualbackend-3b454/locations/-/functions 200
[debug] [2026-03-04T20:02:13.161Z] <<< [apiv2][body] GET https://cloudfunctions.googleapis.com/v2/projects/actualbackend-3b454/locations/-/functions {"functions":[{"name":"projects/actualbackend-3b454/locations/us-central1/functions/openai_completion","buildConfig":{"build":"projects/491793307002/locations/us-central1/builds/e52ddbfc-d142-4246-a18a-8c2cc49764cb","runtime":"python312","entryPoint":"openai_completion","source":{"storageSource":{"bucket":"gcf-v2-sources-491793307002-us-central1","object":"openai_completion/function-source.zip","generation":"1772537952441232"}},"environmentVariables":{"GOOGLE_NODE_RUN_SCRIPTS":""},"dockerRepository":"projects/actualbackend-3b454/locations/us-central1/repositories/gcf-artifacts","sourceProvenance":{"resolvedStorageSource":{"bucket":"gcf-v2-sources-491793307002-us-central1","object":"openai_completion/function-source.zip","generation":"1772537952441232"}},"dockerRegistry":"ARTIFACT_REGISTRY","serviceAccount":"projects/actualbackend-3b454/serviceAccounts/491793307002-compute@developer.gserviceaccount.com","automaticUpdatePolicy":{}},"serviceConfig":{"service":"projects/actualbackend-3b454/locations/us-central1/services/openai-completion","timeoutSeconds":60,"environmentVariables":{"BOOKING_CONFIRMATION_EMAIL_ENABLED":"true","BOOKING_CONFIRMATION_FROM_EMAIL":"Selma+ <booking@booking.selmaplus.tech>","BOOKING_CONFIRMATION_REPLY_TO_EMAIL":"","RESEND_API_KEY":"re_DE2YQdzb_NaRV2dczsNZmRCkDc4GYCNMJ","RESEND_API_BASE":"https://api.resend.com","FIREBASE_CONFIG":"{\"projectId\":\"actualbackend-3b454\",\"databaseURL\":\"https://actualbackend-3b454-default-rtdb.europe-west1.firebasedatabase.app\",\"storageBucket\":\"actualbackend-3b454.firebasestorage.app\"}","GCLOUD_PROJECT":"actualbackend-3b454","EVENTARC_CLOUD_EVENT_SOURCE":"projects/actualbackend-3b454/locations/us-central1/services/openai_completion","FUNCTION_TARGET":"openai_completion","LOG_EXECUTION_ID":"true","FUNCTION_SIGNATURE_TYPE":"http"},"maxInstanceCount":10,"ingressSettings":"ALLOW_ALL","uri":"https://openai-completion-cqj5vybxha-uc.a.run.app","serviceAccountEmail":"491793307002-compute@developer.gserviceaccount.com","availableMemory":"256Mi","allTrafficOnLatestRevision":true,"revision":"openai-completion-00013-yac","maxInstanceRequestConcurrency":1,"availableCpu":"0.1666"},"state":"ACTIVE","updateTime":"2026-03-03T11:39:31.929844115Z","labels":{"firebase-functions-codebase":"python_functions","firebase-functions-hash":"e5b42d5f304284a3d66d45887f56a36e9470ed68","deployment-tool":"cli-firebase"},"environment":"GEN_2","url":"https://us-central1-actualbackend-3b454.cloudfunctions.net/openai_completion","createTime":"2025-11-19T16:57:04.241899766Z","satisfiesPzi":true},{"name":"projects/actualbackend-3b454/locations/us-central1/functions/publicGetAvailability","buildConfig":{"build":"projects/491793307002/locations/us-central1/builds/e52ddbfc-d142-4246-a18a-8c2cc49764cb","runtime":"python312","entryPoint":"publicGetAvailability","source":{"storageSource":{"bucket":"gcf-v2-sources-491793307002-us-central1","object":"publicGetAvailability/function-source.zip","generation":"1772537952471214"}},"environmentVariables":{"GOOGLE_NODE_RUN_SCRIPTS":""},"dockerRepository":"projects/actualbackend-3b454/locations/us-central1/repositories/gcf-artifacts","sourceProvenance":{"resolvedStorageSource":{"bucket":"gcf-v2-sources-491793307002-us-central1","object":"publicGetAvailability/function-source.zip","generation":"1772537952471214"}},"dockerRegistry":"ARTIFACT_REGISTRY","serviceAccount":"projects/actualbackend-3b454/serviceAccounts/491793307002-compute@developer.gserviceaccount.com","automaticUpdatePolicy":{}},"serviceConfig":{"service":"projects/actualbackend-3b454/locations/us-central1/services/publicgetavailability","timeoutSeconds":60,"environmentVariables":{"BOOKING_CONFIRMATION_EMAIL_ENABLED":"true","BOOKING_CONFIRMATION_FROM_EMAIL":"Selma+ <booking@booking.selmaplus.tech>","BOOKING_CONFIRMATION_REPLY_TO_EMAIL":"","RESEND_API_KEY":"re_DE2YQdzb_NaRV2dczsNZmRCkDc4GYCNMJ","RESEND_API_BASE":"https://api.resend.com","FIREBASE_CONFIG":"{\"projectId\":\"actualbackend-3b454\",\"databaseURL\":\"https://actualbackend-3b454-default-rtdb.europe-west1.firebasedatabase.app\",\"storageBucket\":\"actualbackend-3b454.firebasestorage.app\"}","GCLOUD_PROJECT":"actualbackend-3b454","EVENTARC_CLOUD_EVENT_SOURCE":"projects/actualbackend-3b454/locations/us-central1/services/publicGetAvailability","FUNCTION_TARGET":"publicGetAvailability","LOG_EXECUTION_ID":"true","FUNCTION_SIGNATURE_TYPE":"http"},"maxInstanceCount":10,"ingressSettings":"ALLOW_ALL","uri":"https://publicgetavailability-cqj5vybxha-uc.a.run.app","serviceAccountEmail":"491793307002-compute@developer.gserviceaccount.com","availableMemory":"256Mi","allTrafficOnLatestRevision":true,"revision":"publicgetavailability-00014-roj","maxInstanceRequestConcurrency":1,"availableCpu":"0.1666"},"state":"ACTIVE","updateTime":"2026-03-03T11:39:31.704411340Z","labels":{"deployment-tool":"cli-firebase","firebase-functions-codebase":"python_functions","firebase-functions-hash":"e5b42d5f304284a3d66d45887f56a36e9470ed68"},"environment":"GEN_2","url":"https://us-central1-actualbackend-3b454.cloudfunctions.net/publicGetAvailability","createTime":"2025-12-28T14:58:27.013272596Z","satisfiesPzi":true},{"name":"projects/actualbackend-3b454/locations/us-central1/functions/getClinicStaffPublic","buildConfig":{"build":"projects/491793307002/locations/us-central1/builds/e52ddbfc-d142-4246-a18a-8c2cc49764cb","runtime":"python312","entryPoint":"getClinicStaffPublic","source":{"storageSource":{"bucket":"gcf-v2-sources-491793307002-us-central1","object":"getClinicStaffPublic/function-source.zip","generation":"1772537952439468"}},"environmentVariables":{"GOOGLE_NODE_RUN_SCRIPTS":""},"dockerRepository":"projects/actualbackend-3b454/locations/us-central1/repositories/gcf-artifacts","sourceProvenance":{"resolvedStorageSource":{"bucket":"gcf-v2-sources-491793307002-us-central1","object":"getClinicStaffPublic/function-source.zip","generation":"1772537952439468"}},"dockerRegistry":"ARTIFACT_REGISTRY","serviceAccount":"projects/actualbackend-3b454/serviceAccounts/491793307002-compute@developer.gserviceaccount.com","automaticUpdatePolicy":{}},"serviceConfig":{"service":"projects/actualbackend-3b454/locations/us-central1/services/getclinicstaffpublic","timeoutSeconds":60,"environmentVariables":{"BOOKING_CONFIRMATION_EMAIL_ENABLED":"true","BOOKING_CONFIRMATION_FROM_EMAIL":"Selma+ <booking@booking.selmaplus.tech>","BOOKING_CONFIRMATION_REPLY_TO_EMAIL":"","RESEND_API_KEY":"re_DE2YQdzb_NaRV2dczsNZmRCkDc4GYCNMJ","RESEND_API_BASE":"https://api.resend.com","FIREBASE_CONFIG":"{\"projectId\":\"actualbackend-3b454\",\"databaseURL\":\"https://actualbackend-3b454-default-rtdb.europe-west1.firebasedatabase.app\",\"storageBucket\":\"actualbackend-3b454.firebasestorage.app\"}","GCLOUD_PROJECT":"actualbackend-3b454","EVENTARC_CLOUD_EVENT_SOURCE":"projects/actualbackend-3b454/locations/us-central1/services/getClinicStaffPublic","FUNCTION_TARGET":"getClinicStaffPublic","LOG_EXECUTION_ID":"true","FUNCTION_SIGNATURE_TYPE":"http"},"maxInstanceCount":10,"ingressSettings":"ALLOW_ALL","uri":"https://getclinicstaffpublic-cqj5vybxha-uc.a.run.app","serviceAccountEmail":"491793307002-compute@developer.gserviceaccount.com","availableMemory":"256Mi","allTrafficOnLatestRevision":true,"revision":"getclinicstaffpublic-00013-cat","maxInstanceRequestConcurrency":1,"availableCpu":"0.1666"},"state":"ACTIVE","updateTime":"2026-03-03T11:39:31.554537600Z","labels":{"deployment-tool":"cli-firebase","firebase-functions-codebase":"python_functions","firebase-functions-hash":"e5b42d5f304284a3d66d45887f56a36e9470ed68"},"environment":"GEN_2","url":"https://us-central1-actualbackend-3b454.cloudfunctions.net/getClinicStaffPublic","createTime":"2025-12-28T14:58:26.872122923Z","satisfiesPzi":true},{"name":"projects/actualbackend-3b454/locations/us-central1/functions/transcribe_audio","buildConfig":{"build":"projects/491793307002/locations/us-central1/builds/e52ddbfc-d142-4246-a18a-8c2cc49764cb","runtime":"python312","entryPoint":"transcribe_audio","source":{"storageSource":{"bucket":"gcf-v2-sources-491793307002-us-central1","object":"transcribe_audio/function-source.zip","generation":"1772537952479068"}},"environmentVariables":{"GOOGLE_NODE_RUN_SCRIPTS":""},"dockerRepository":"projects/actualbackend-3b454/locations/us-central1/repositories/gcf-artifacts","sourceProvenance":{"resolvedStorageSource":{"bucket":"gcf-v2-sources-491793307002-us-central1","object":"transcribe_audio/function-source.zip","generation":"1772537952479068"}},"dockerRegistry":"ARTIFACT_REGISTRY","serviceAccount":"projects/actualbackend-3b454/serviceAccounts/491793307002-compute@developer.gserviceaccount.com","automaticUpdatePolicy":{}},"serviceConfig":{"service":"projects/actualbackend-3b454/locations/us-central1/services/transcribe-audio","timeoutSeconds":60,"environmentVariables":{"BOOKING_CONFIRMATION_EMAIL_ENABLED":"true","BOOKING_CONFIRMATION_FROM_EMAIL":"Selma+ <booking@booking.selmaplus.tech>","BOOKING_CONFIRMATION_REPLY_TO_EMAIL":"","RESEND_API_KEY":"re_DE2YQdzb_NaRV2dczsNZmRCkDc4GYCNMJ","RESEND_API_BASE":"https://api.resend.com","FIREBASE_CONFIG":"{\"projectId\":\"actualbackend-3b454\",\"databaseURL\":\"https://actualbackend-3b454-default-rtdb.europe-west1.firebasedatabase.app\",\"storageBucket\":\"actualbackend-3b454.firebasestorage.app\"}","GCLOUD_PROJECT":"actualbackend-3b454","EVENTARC_CLOUD_EVENT_SOURCE":"projects/actualbackend-3b454/locations/us-central1/services/transcribe_audio","FUNCTION_TARGET":"transcribe_audio","LOG_EXECUTION_ID":"true","FUNCTION_SIGNATURE_TYPE":"http"},"maxInstanceCount":10,"ingressSettings":"ALLOW_ALL","uri":"https://transcribe-audio-cqj5vybxha-uc.a.run.app","serviceAccountEmail":"491793307002-compute@developer.gserviceaccount.com","availableMemory":"256Mi","allTrafficOnLatestRevision":true,"revision":"transcribe-audio-00017-guz","maxInstanceRequestConcurrency":1,"availableCpu":"0.1666"},"state":"ACTIVE","updateTime":"2026-03-03T11:39:31.726544919Z","labels":{"firebase-functions-codebase":"python_functions","firebase-functions-hash":"e5b42d5f304284a3d66d45887f56a36e9470ed68","deployment-tool":"cli-firebase"},"environment":"GEN_2","url":"https://us-central1-actualbackend-3b454.cloudfunctions.net/transcribe_audio","createTime":"2025-11-16T22:33:27.153150969Z","satisfiesPzi":true},{"name":"projects/actualbackend-3b454/locations/us-central1/functions/suggest_next_appointment","buildConfig":{"build":"projects/491793307002/locations/us-central1/builds/e52ddbfc-d142-4246-a18a-8c2cc49764cb","runtime":"python312","entryPoint":"suggest_next_appointment","source":{"storageSource":{"bucket":"gcf-v2-sources-491793307002-us-central1","object":"suggest_next_appointment/function-source.zip","generation":"1772537952476419"}},"environmentVariables":{"GOOGLE_NODE_RUN_SCRIPTS":""},"dockerRepository":"projects/actualbackend-3b454/locations/us-central1/repositories/gcf-artifacts","sourceProvenance":{"resolvedStorageSource":{"bucket":"gcf-v2-sources-491793307002-us-central1","object":"suggest_next_appointment/function-source.zip","generation":"1772537952476419"}},"dockerRegistry":"ARTIFACT_REGISTRY","serviceAccount":"projects/actualbackend-3b454/serviceAccounts/491793307002-compute@developer.gserviceaccount.com","automaticUpdatePolicy":{}},"serviceConfig":{"service":"projects/actualbackend-3b454/locations/us-central1/services/suggest-next-appointment","timeoutSeconds":60,"environmentVariables":{"BOOKING_CONFIRMATION_EMAIL_ENABLED":"true","BOOKING_CONFIRMATION_FROM_EMAIL":"Selma+ <booking@booking.selmaplus.tech>","BOOKING_CONFIRMATION_REPLY_TO_EMAIL":"","RESEND_API_KEY":"re_DE2YQdzb_NaRV2dczsNZmRCkDc4GYCNMJ","RESEND_API_BASE":"https://api.resend.com","FIREBASE_CONFIG":"{\"projectId\":\"actualbackend-3b454\",\"databaseURL\":\"https://actualbackend-3b454-default-rtdb.europe-west1.firebasedatabase.app\",\"storageBucket\":\"actualbackend-3b454.firebasestorage.app\"}","GCLOUD_PROJECT":"actualbackend-3b454","EVENTARC_CLOUD_EVENT_SOURCE":"projects/actualbackend-3b454/locations/us-central1/services/suggest_next_appointment","FUNCTION_TARGET":"suggest_next_appointment","LOG_EXECUTION_ID":"true","FUNCTION_SIGNATURE_TYPE":"http"},"maxInstanceCount":10,"ingressSettings":"ALLOW_ALL","uri":"https://suggest-next-appointment-cqj5vybxha-uc.a.run.app","serviceAccountEmail":"491793307002-compute@developer.gserviceaccount.com","availableMemory":"256Mi","allTrafficOnLatestRevision":true,"revision":"suggest-next-appointment-00011-red","maxInstanceRequestConcurrency":1,"availableCpu":"0.1666"},"state":"ACTIVE","updateTime":"2026-03-03T11:39:31.918942285Z","labels":{"deployment-tool":"cli-firebase","firebase-functions-codebase":"python_functions","firebase-functions-hash":"e5b42d5f304284a3d66d45887f56a36e9470ed68"},"environment":"GEN_2","url":"https://us-central1-actualbackend-3b454.cloudfunctions.net/suggest_next_appointment","createTime":"2025-12-18T07:32:31.268175864Z","satisfiesPzi":true},{"name":"projects/actualbackend-3b454/locations/us-central1/functions/summarize_journal","buildConfig":{"build":"projects/491793307002/locations/us-central1/builds/e52ddbfc-d142-4246-a18a-8c2cc49764cb","runtime":"python312","entryPoint":"summarize_journal","source":{"storageSource":{"bucket":"gcf-v2-sources-491793307002-us-central1","object":"summarize_journal/function-source.zip","generation":"1772537952477383"}},"environmentVariables":{"GOOGLE_NODE_RUN_SCRIPTS":""},"dockerRepository":"projects/actualbackend-3b454/locations/us-central1/repositories/gcf-artifacts","sourceProvenance":{"resolvedStorageSource":{"bucket":"gcf-v2-sources-491793307002-us-central1","object":"summarize_journal/function-source.zip","generation":"1772537952477383"}},"dockerRegistry":"ARTIFACT_REGISTRY","serviceAccount":"projects/actualbackend-3b454/serviceAccounts/491793307002-compute@developer.gserviceaccount.com","automaticUpdatePolicy":{}},"serviceConfig":{"service":"projects/actualbackend-3b454/locations/us-central1/services/summarize-journal","timeoutSeconds":60,"environmentVariables":{"BOOKING_CONFIRMATION_EMAIL_ENABLED":"true","BOOKING_CONFIRMATION_FROM_EMAIL":"Selma+ <booking@booking.selmaplus.tech>","BOOKING_CONFIRMATION_REPLY_TO_EMAIL":"","RESEND_API_KEY":"re_DE2YQdzb_NaRV2dczsNZmRCkDc4GYCNMJ","RESEND_API_BASE":"https://api.resend.com","FIREBASE_CONFIG":"{\"projectId\":\"actualbackend-3b454\",\"databaseURL\":\"https://actualbackend-3b454-default-rtdb.europe-west1.firebasedatabase.app\",\"storageBucket\":\"actualbackend-3b454.firebasestorage.app\"}","GCLOUD_PROJECT":"actualbackend-3b454","EVENTARC_CLOUD_EVENT_SOURCE":"projects/actualbackend-3b454/locations/us-central1/services/summarize_journal","FUNCTION_TARGET":"summarize_journal","LOG_EXECUTION_ID":"true","FUNCTION_SIGNATURE_TYPE":"http"},"maxInstanceCount":10,"ingressSettings":"ALLOW_ALL","uri":"https://summarize-journal-cqj5vybxha-uc.a.run.app","serviceAccountEmail":"491793307002-compute@developer.gserviceaccount.com","availableMemory":"256Mi","allTrafficOnLatestRevision":true,"revision":"summarize-journal-00016-voj","maxInstanceRequestConcurrency":1,"availableCpu":"0.1666"},"state":"ACTIVE","updateTime":"2026-03-03T11:39:31.259876133Z","labels":{"firebase-functions-hash":"e5b42d5f304284a3d66d45887f56a36e9470ed68","deployment-tool":"cli-firebase","firebase-functions-codebase":"python_functions"},"environment":"GEN_2","url":"https://us-central1-actualbackend-3b454.cloudfunctions.net/summarize_journal","createTime":"2025-12-17T22:34:56.291579944Z","satisfiesPzi":true},{"name":"projects/actualbackend-3b454/locations/us-central1/functions/createClientFromBooking","buildConfig":{"build":"projects/491793307002/locations/us-central1/builds/e52ddbfc-d142-4246-a18a-8c2cc49764cb","runtime":"python312","entryPoint":"createClientFromBooking","source":{"storageSource":{"bucket":"gcf-v2-sources-491793307002-us-central1","object":"createClientFromBooking/function-source.zip","generation":"1772537952507856"}},"environmentVariables":{"GOOGLE_NODE_RUN_SCRIPTS":""},"dockerRepository":"projects/actualbackend-3b454/locations/us-central1/repositories/gcf-artifacts","sourceProvenance":{"resolvedStorageSource":{"bucket":"gcf-v2-sources-491793307002-us-central1","object":"createClientFromBooking/function-source.zip","generation":"1772537952507856"}},"dockerRegistry":"ARTIFACT_REGISTRY","serviceAccount":"projects/actualbackend-3b454/serviceAccounts/491793307002-compute@developer.gserviceaccount.com","automaticUpdatePolicy":{}},"serviceConfig":{"service":"projects/actualbackend-3b454/locations/us-central1/services/createclientfrombooking","timeoutSeconds":60,"environmentVariables":{"BOOKING_CONFIRMATION_EMAIL_ENABLED":"true","BOOKING_CONFIRMATION_FROM_EMAIL":"Selma+ <booking@booking.selmaplus.tech>","BOOKING_CONFIRMATION_REPLY_TO_EMAIL":"","RESEND_API_KEY":"re_DE2YQdzb_NaRV2dczsNZmRCkDc4GYCNMJ","RESEND_API_BASE":"https://api.resend.com","FIREBASE_CONFIG":"{\"projectId\":\"actualbackend-3b454\",\"databaseURL\":\"https://actualbackend-3b454-default-rtdb.europe-west1.firebasedatabase.app\",\"storageBucket\":\"actualbackend-3b454.firebasestorage.app\"}","GCLOUD_PROJECT":"actualbackend-3b454","EVENTARC_CLOUD_EVENT_SOURCE":"projects/actualbackend-3b454/locations/us-central1/services/createClientFromBooking","FUNCTION_TARGET":"createClientFromBooking","LOG_EXECUTION_ID":"true","FUNCTION_SIGNATURE_TYPE":"http"},"maxInstanceCount":10,"ingressSettings":"ALLOW_ALL","uri":"https://createclientfrombooking-cqj5vybxha-uc.a.run.app","serviceAccountEmail":"491793307002-compute@developer.gserviceaccount.com","availableMemory":"256Mi","allTrafficOnLatestRevision":true,"revision":"createclientfrombooking-00006-hep","maxInstanceRequestConcurrency":1,"availableCpu":"0.1666"},"state":"ACTIVE","updateTime":"2026-03-03T11:39:31.735155292Z","labels":{"firebase-functions-codebase":"python_functions","firebase-functions-hash":"e5b42d5f304284a3d66d45887f56a36e9470ed68","deployment-tool":"cli-firebase"},"environment":"GEN_2","url":"https://us-central1-actualbackend-3b454.cloudfunctions.net/createClientFromBooking","createTime":"2026-02-02T20:10:09.269992739Z","satisfiesPzi":true},{"name":"projects/actualbackend-3b454/locations/us-central1/functions/publicGetServices","buildConfig":{"build":"projects/491793307002/locations/us-central1/builds/e52ddbfc-d142-4246-a18a-8c2cc49764cb","runtime":"python312","entryPoint":"publicGetServices","source":{"storageSource":{"bucket":"gcf-v2-sources-491793307002-us-central1","object":"publicGetServices/function-source.zip","generation":"1772537952467118"}},"environmentVariables":{"GOOGLE_NODE_RUN_SCRIPTS":""},"dockerRepository":"projects/actualbackend-3b454/locations/us-central1/repositories/gcf-artifacts","sourceProvenance":{"resolvedStorageSource":{"bucket":"gcf-v2-sources-491793307002-us-central1","object":"publicGetServices/function-source.zip","generation":"1772537952467118"}},"dockerRegistry":"ARTIFACT_REGISTRY","serviceAccount":"projects/actualbackend-3b454/serviceAccounts/491793307002-compute@developer.gserviceaccount.com","automaticUpdatePolicy":{}},"serviceConfig":{"service":"projects/actualbackend-3b454/locations/us-central1/services/publicgetservices","timeoutSeconds":60,"environmentVariables":{"BOOKING_CONFIRMATION_EMAIL_ENABLED":"true","BOOKING_CONFIRMATION_FROM_EMAIL":"Selma+ <booking@booking.selmaplus.tech>","BOOKING_CONFIRMATION_REPLY_TO_EMAIL":"","RESEND_API_KEY":"re_DE2YQdzb_NaRV2dczsNZmRCkDc4GYCNMJ","RESEND_API_BASE":"https://api.resend.com","FIREBASE_CONFIG":"{\"projectId\":\"actualbackend-3b454\",\"databaseURL\":\"https://actualbackend-3b454-default-rtdb.europe-west1.firebasedatabase.app\",\"storageBucket\":\"actualbackend-3b454.firebasestorage.app\"}","GCLOUD_PROJECT":"actualbackend-3b454","EVENTARC_CLOUD_EVENT_SOURCE":"projects/actualbackend-3b454/locations/us-central1/services/publicGetServices","FUNCTION_TARGET":"publicGetServices","LOG_EXECUTION_ID":"true","FUNCTION_SIGNATURE_TYPE":"http"},"maxInstanceCount":10,"ingressSettings":"ALLOW_ALL","uri":"https://publicgetservices-cqj5vybxha-uc.a.run.app","serviceAccountEmail":"491793307002-compute@developer.gserviceaccount.com","availableMemory":"256Mi","allTrafficOnLatestRevision":true,"revision":"publicgetservices-00007-fad","maxInstanceRequestConcurrency":1,"availableCpu":"0.1666"},"state":"ACTIVE","updateTime":"2026-03-03T11:39:32.465471584Z","labels":{"firebase-functions-codebase":"python_functions","firebase-functions-hash":"e5b42d5f304284a3d66d45887f56a36e9470ed68","deployment-tool":"cli-firebase"},"environment":"GEN_2","url":"https://us-central1-actualbackend-3b454.cloudfunctions.net/publicGetServices","createTime":"2026-01-06T10:42:29.624371763Z","satisfiesPzi":true},{"name":"projects/actualbackend-3b454/locations/us-central1/functions/getClinicServicesPublic","buildConfig":{"build":"projects/491793307002/locations/us-central1/builds/e52ddbfc-d142-4246-a18a-8c2cc49764cb","runtime":"python312","entryPoint":"getClinicServicesPublic","source":{"storageSource":{"bucket":"gcf-v2-sources-491793307002-us-central1","object":"getClinicServicesPublic/function-source.zip","generation":"1772537952441649"}},"environmentVariables":{"GOOGLE_NODE_RUN_SCRIPTS":""},"dockerRepository":"projects/actualbackend-3b454/locations/us-central1/repositories/gcf-artifacts","sourceProvenance":{"resolvedStorageSource":{"bucket":"gcf-v2-sources-491793307002-us-central1","object":"getClinicServicesPublic/function-source.zip","generation":"1772537952441649"}},"dockerRegistry":"ARTIFACT_REGISTRY","serviceAccount":"projects/actualbackend-3b454/serviceAccounts/491793307002-compute@developer.gserviceaccount.com","automaticUpdatePolicy":{}},"serviceConfig":{"service":"projects/actualbackend-3b454/locations/us-central1/services/getclinicservicespublic","timeoutSeconds":60,"environmentVariables":{"BOOKING_CONFIRMATION_EMAIL_ENABLED":"true","BOOKING_CONFIRMATION_FROM_EMAIL":"Selma+ <booking@booking.selmaplus.tech>","BOOKING_CONFIRMATION_REPLY_TO_EMAIL":"","RESEND_API_KEY":"re_DE2YQdzb_NaRV2dczsNZmRCkDc4GYCNMJ","RESEND_API_BASE":"https://api.resend.com","FIREBASE_CONFIG":"{\"projectId\":\"actualbackend-3b454\",\"databaseURL\":\"https://actualbackend-3b454-default-rtdb.europe-west1.firebasedatabase.app\",\"storageBucket\":\"actualbackend-3b454.firebasestorage.app\"}","GCLOUD_PROJECT":"actualbackend-3b454","EVENTARC_CLOUD_EVENT_SOURCE":"projects/actualbackend-3b454/locations/us-central1/services/getClinicServicesPublic","FUNCTION_TARGET":"getClinicServicesPublic","LOG_EXECUTION_ID":"true","FUNCTION_SIGNATURE_TYPE":"http"},"maxInstanceCount":10,"ingressSettings":"ALLOW_ALL","uri":"https://getclinicservicespublic-cqj5vybxha-uc.a.run.app","serviceAccountEmail":"491793307002-compute@developer.gserviceaccount.com","availableMemory":"256Mi","allTrafficOnLatestRevision":true,"revision":"getclinicservicespublic-00007-hoc","maxInstanceRequestConcurrency":1,"availableCpu":"0.1666"},"state":"ACTIVE","updateTime":"2026-03-03T11:39:32.016307282Z","labels":{"deployment-tool":"cli-firebase","firebase-functions-codebase":"python_functions","firebase-functions-hash":"e5b42d5f304284a3d66d45887f56a36e9470ed68"},"environment":"GEN_2","url":"https://us-central1-actualbackend-3b454.cloudfunctions.net/getClinicServicesPublic","createTime":"2026-01-06T10:18:45.404135689Z","satisfiesPzi":true},{"name":"projects/actualbackend-3b454/locations/us-central1/functions/api","buildConfig":{"build":"projects/491793307002/locations/us-central1/builds/e52ddbfc-d142-4246-a18a-8c2cc49764cb","runtime":"python312","entryPoint":"api","source":{"storageSource":{"bucket":"gcf-v2-sources-491793307002-us-central1","object":"api/function-source.zip","generation":"1772537952468489"}},"environmentVariables":{"GOOGLE_NODE_RUN_SCRIPTS":""},"dockerRepository":"projects/actualbackend-3b454/locations/us-central1/repositories/gcf-artifacts","sourceProvenance":{"resolvedStorageSource":{"bucket":"gcf-v2-sources-491793307002-us-central1","object":"api/function-source.zip","generation":"1772537952468489"}},"dockerRegistry":"ARTIFACT_REGISTRY","serviceAccount":"projects/actualbackend-3b454/serviceAccounts/491793307002-compute@developer.gserviceaccount.com","automaticUpdatePolicy":{}},"serviceConfig":{"service":"projects/actualbackend-3b454/locations/us-central1/services/api","timeoutSeconds":60,"environmentVariables":{"BOOKING_CONFIRMATION_EMAIL_ENABLED":"true","BOOKING_CONFIRMATION_FROM_EMAIL":"Selma+ <booking@booking.selmaplus.tech>","BOOKING_CONFIRMATION_REPLY_TO_EMAIL":"","RESEND_API_KEY":"re_DE2YQdzb_NaRV2dczsNZmRCkDc4GYCNMJ","RESEND_API_BASE":"https://api.resend.com","FIREBASE_CONFIG":"{\"projectId\":\"actualbackend-3b454\",\"databaseURL\":\"https://actualbackend-3b454-default-rtdb.europe-west1.firebasedatabase.app\",\"storageBucket\":\"actualbackend-3b454.firebasestorage.app\"}","GCLOUD_PROJECT":"actualbackend-3b454","EVENTARC_CLOUD_EVENT_SOURCE":"projects/actualbackend-3b454/locations/us-central1/services/api","FUNCTION_TARGET":"api","LOG_EXECUTION_ID":"true","FUNCTION_SIGNATURE_TYPE":"http"},"maxInstanceCount":10,"ingressSettings":"ALLOW_ALL","uri":"https://api-cqj5vybxha-uc.a.run.app","serviceAccountEmail":"491793307002-compute@developer.gserviceaccount.com","availableMemory":"256Mi","allTrafficOnLatestRevision":true,"revision":"api-00005-dih","maxInstanceRequestConcurrency":1,"availableCpu":"0.1666"},"state":"ACTIVE","updateTime":"2026-03-03T11:39:31.322990278Z","labels":{"firebase-functions-codebase":"python_functions","firebase-functions-hash":"e5b42d5f304284a3d66d45887f56a36e9470ed68","deployment-tool":"cli-firebase"},"environment":"GEN_2","url":"https://us-central1-actualbackend-3b454.cloudfunctions.net/api","createTime":"2026-02-03T14:15:58.726484825Z","satisfiesPzi":true},{"name":"projects/actualbackend-3b454/locations/us-central1/functions/publicBookAppointment","buildConfig":{"build":"projects/491793307002/locations/us-central1/builds/e52ddbfc-d142-4246-a18a-8c2cc49764cb","runtime":"python312","entryPoint":"publicBookAppointment","source":{"storageSource":{"bucket":"gcf-v2-sources-491793307002-us-central1","object":"publicBookAppointment/function-source.zip","generation":"1772537952467639"}},"environmentVariables":{"GOOGLE_NODE_RUN_SCRIPTS":""},"dockerRepository":"projects/actualbackend-3b454/locations/us-central1/repositories/gcf-artifacts","sourceProvenance":{"resolvedStorageSource":{"bucket":"gcf-v2-sources-491793307002-us-central1","object":"publicBookAppointment/function-source.zip","generation":"1772537952467639"}},"dockerRegistry":"ARTIFACT_REGISTRY","serviceAccount":"projects/actualbackend-3b454/serviceAccounts/491793307002-compute@developer.gserviceaccount.com","automaticUpdatePolicy":{}},"serviceConfig":{"service":"projects/actualbackend-3b454/locations/us-central1/services/publicbookappointment","timeoutSeconds":60,"environmentVariables":{"BOOKING_CONFIRMATION_EMAIL_ENABLED":"true","BOOKING_CONFIRMATION_FROM_EMAIL":"Selma+ <booking@booking.selmaplus.tech>","BOOKING_CONFIRMATION_REPLY_TO_EMAIL":"","RESEND_API_KEY":"re_DE2YQdzb_NaRV2dczsNZmRCkDc4GYCNMJ","RESEND_API_BASE":"https://api.resend.com","FIREBASE_CONFIG":"{\"projectId\":\"actualbackend-3b454\",\"databaseURL\":\"https://actualbackend-3b454-default-rtdb.europe-west1.firebasedatabase.app\",\"storageBucket\":\"actualbackend-3b454.firebasestorage.app\"}","GCLOUD_PROJECT":"actualbackend-3b454","EVENTARC_CLOUD_EVENT_SOURCE":"projects/actualbackend-3b454/locations/us-central1/services/publicBookAppointment","FUNCTION_TARGET":"publicBookAppointment","LOG_EXECUTION_ID":"true","FUNCTION_SIGNATURE_TYPE":"http"},"maxInstanceCount":10,"ingressSettings":"ALLOW_ALL","uri":"https://publicbookappointment-cqj5vybxha-uc.a.run.app","serviceAccountEmail":"491793307002-compute@developer.gserviceaccount.com","availableMemory":"256Mi","allTrafficOnLatestRevision":true,"revision":"publicbookappointment-00015-ham","maxInstanceRequestConcurrency":1,"availableCpu":"0.1666"},"state":"ACTIVE","updateTime":"2026-03-03T11:39:32.248223231Z","labels":{"deployment-tool":"cli-firebase","firebase-functions-codebase":"python_functions","firebase-functions-hash":"e5b42d5f304284a3d66d45887f56a36e9470ed68"},"environment":"GEN_2","url":"https://us-central1-actualbackend-3b454.cloudfunctions.net/publicBookAppointment","createTime":"2025-12-28T14:58:26.888347279Z","satisfiesPzi":true},{"name":"projects/actualbackend-3b454/locations/us-central1/functions/agent_chat","buildConfig":{"build":"projects/491793307002/locations/us-central1/builds/e52ddbfc-d142-4246-a18a-8c2cc49764cb","runtime":"python312","entryPoint":"agent_chat","source":{"storageSource":{"bucket":"gcf-v2-sources-491793307002-us-central1","object":"agent_chat/function-source.zip","generation":"1772537875207042"}},"environmentVariables":{"GOOGLE_NODE_RUN_SCRIPTS":""},"dockerRepository":"projects/actualbackend-3b454/locations/us-central1/repositories/gcf-artifacts","sourceProvenance":{"resolvedStorageSource":{"bucket":"gcf-v2-sources-491793307002-us-central1","object":"agent_chat/function-source.zip","generation":"1772537875207042"}},"dockerRegistry":"ARTIFACT_REGISTRY","serviceAccount":"projects/actualbackend-3b454/serviceAccounts/491793307002-compute@developer.gserviceaccount.com","automaticUpdatePolicy":{}},"serviceConfig":{"service":"projects/actualbackend-3b454/locations/us-central1/services/agent-chat","timeoutSeconds":60,"environmentVariables":{"BOOKING_CONFIRMATION_EMAIL_ENABLED":"true","BOOKING_CONFIRMATION_FROM_EMAIL":"Selma+ <booking@booking.selmaplus.tech>","BOOKING_CONFIRMATION_REPLY_TO_EMAIL":"","RESEND_API_KEY":"re_DE2YQdzb_NaRV2dczsNZmRCkDc4GYCNMJ","RESEND_API_BASE":"https://api.resend.com","FIREBASE_CONFIG":"{\"projectId\":\"actualbackend-3b454\",\"databaseURL\":\"https://actualbackend-3b454-default-rtdb.europe-west1.firebasedatabase.app\",\"storageBucket\":\"actualbackend-3b454.firebasestorage.app\"}","GCLOUD_PROJECT":"actualbackend-3b454","EVENTARC_CLOUD_EVENT_SOURCE":"projects/actualbackend-3b454/locations/us-central1/services/agent_chat","FUNCTION_TARGET":"agent_chat","LOG_EXECUTION_ID":"true"},"maxInstanceCount":10,"ingressSettings":"ALLOW_ALL","uri":"https://agent-chat-cqj5vybxha-uc.a.run.app","serviceAccountEmail":"491793307002-compute@developer.gserviceaccount.com","availableMemory":"256Mi","allTrafficOnLatestRevision":true,"revision":"agent-chat-00012-don","maxInstanceRequestConcurrency":1,"availableCpu":"0.1666"},"state":"ACTIVE","updateTime":"2026-03-03T11:39:10.390821679Z","labels":{"deployment-tool":"cli-firebase","firebase-functions-codebase":"python_functions","firebase-functions-hash":"e5b42d5f304284a3d66d45887f56a36e9470ed68"},"environment":"GEN_2","url":"https://us-central1-actualbackend-3b454.cloudfunctions.net/agent_chat","createTime":"2025-12-18T10:07:58.450241518Z","satisfiesPzi":true}]}
[debug] [2026-03-04T20:02:13.166Z] Checked if tokens are valid: true, expires at: 1772655667319
[debug] [2026-03-04T20:02:13.166Z] Checked if tokens are valid: true, expires at: 1772655667319
[debug] [2026-03-04T20:02:13.166Z] >>> [apiv2][query] PATCH https://firebasehosting.googleapis.com/v1beta1/projects/-/sites/actualbackend-3b454/versions/8ca95b26aa2b53c0 updateMask=status%2Cconfig
[debug] [2026-03-04T20:02:13.166Z] >>> [apiv2][body] PATCH https://firebasehosting.googleapis.com/v1beta1/projects/-/sites/actualbackend-3b454/versions/8ca95b26aa2b53c0 {"status":"FINALIZED","config":{"rewrites":[{"glob":"/api/corti/**","run":{"serviceId":"actualbackend-api","region":"us-central1"}},{"glob":"/ws/corti/**","run":{"serviceId":"actualbackend-api","region":"us-central1"}},{"glob":"/api/**","run":{"serviceId":"actualbackend-api","region":"us-central1"}},{"glob":"/ws/**","run":{"serviceId":"actualbackend-api","region":"us-central1"}},{"glob":"**","path":"/index.html"}]}}
[debug] [2026-03-04T20:02:15.269Z] <<< [apiv2][status] PATCH https://firebasehosting.googleapis.com/v1beta1/projects/-/sites/actualbackend-3b454/versions/8ca95b26aa2b53c0 200
[debug] [2026-03-04T20:02:15.269Z] <<< [apiv2][body] PATCH https://firebasehosting.googleapis.com/v1beta1/projects/-/sites/actualbackend-3b454/versions/8ca95b26aa2b53c0 {"name":"projects/491793307002/sites/actualbackend-3b454/versions/8ca95b26aa2b53c0","status":"FINALIZED","config":{"rewrites":[{"glob":"/api/corti/**","run":{"serviceId":"actualbackend-api","region":"us-central1"}},{"glob":"/ws/corti/**","run":{"serviceId":"actualbackend-api","region":"us-central1"}},{"glob":"/api/**","run":{"serviceId":"actualbackend-api","region":"us-central1"}},{"glob":"/ws/**","run":{"serviceId":"actualbackend-api","region":"us-central1"}},{"glob":"**","path":"/index.html"}]},"labels":{"deployment-tool":"cli-firebase"},"createTime":"2026-03-04T20:02:03.819661Z","createUser":{"email":"jona223j@gmail.com"},"finalizeTime":"2026-03-04T20:02:15.083571Z","finalizeUser":{"email":"jona223j@gmail.com"}}
[debug] [2026-03-04T20:02:15.269Z] [hosting] finalized version for actualbackend-3b454:[object Object]
[info] ✔  hosting[actualbackend-3b454]: version finalized 
[info] i  hosting[actualbackend-3b454]: releasing new version... 
[debug] [2026-03-04T20:02:15.270Z] Checked if tokens are valid: true, expires at: 1772655667319
[debug] [2026-03-04T20:02:15.270Z] Checked if tokens are valid: true, expires at: 1772655667319
[debug] [2026-03-04T20:02:15.270Z] >>> [apiv2][query] POST https://firebasehosting.googleapis.com/v1beta1/projects/-/sites/actualbackend-3b454/channels/live/releases versionName=projects%2F491793307002%2Fsites%2Factualbackend-3b454%2Fversions%2F8ca95b26aa2b53c0
[debug] [2026-03-04T20:02:15.271Z] >>> [apiv2][body] POST https://firebasehosting.googleapis.com/v1beta1/projects/-/sites/actualbackend-3b454/channels/live/releases {}
[debug] [2026-03-04T20:02:17.327Z] <<< [apiv2][status] POST https://firebasehosting.googleapis.com/v1beta1/projects/-/sites/actualbackend-3b454/channels/live/releases 200
[debug] [2026-03-04T20:02:17.327Z] <<< [apiv2][body] POST https://firebasehosting.googleapis.com/v1beta1/projects/-/sites/actualbackend-3b454/channels/live/releases {"name":"projects/491793307002/sites/actualbackend-3b454/channels/live/releases/1772654536176000","version":{"name":"projects/491793307002/sites/actualbackend-3b454/versions/8ca95b26aa2b53c0","status":"FINALIZED","config":{"rewrites":[{"glob":"/api/corti/**","run":{"serviceId":"actualbackend-api","region":"us-central1"}},{"glob":"/ws/corti/**","run":{"serviceId":"actualbackend-api","region":"us-central1"}},{"glob":"/api/**","run":{"serviceId":"actualbackend-api","region":"us-central1"}},{"glob":"/ws/**","run":{"serviceId":"actualbackend-api","region":"us-central1"}},{"glob":"**","path":"/index.html"}]},"labels":{"deployment-tool":"cli-firebase"},"createTime":"2026-03-04T20:02:03.819661Z","createUser":{"email":"jona223j@gmail.com","imageUrl":"https://lh3.googleusercontent.com/a/ACg8ocLXu-GSlMQGsLeSp7YZi3J9YcWy-U4_QU-Cn-bxsJhFS6GQ=mo"},"finalizeTime":"2026-03-04T20:02:15.083571Z","finalizeUser":{"email":"jona223j@gmail.com","imageUrl":"https://lh3.googleusercontent.com/a/ACg8ocLXu-GSlMQGsLeSp7YZi3J9YcWy-U4_QU-Cn-bxsJhFS6GQ=mo"}},"type":"DEPLOY","releaseTime":"2026-03-04T20:02:16.176Z","releaseUser":{"email":"jona223j@gmail.com","imageUrl":"https://lh3.googleusercontent.com/a/ACg8ocLXu-GSlMQGsLeSp7YZi3J9YcWy-U4_QU-Cn-bxsJhFS6GQ=mo"}}
[debug] [2026-03-04T20:02:17.327Z] [hosting] release: {"name":"projects/491793307002/sites/actualbackend-3b454/channels/live/releases/1772654536176000","version":{"name":"projects/491793307002/sites/actualbackend-3b454/versions/8ca95b26aa2b53c0","status":"FINALIZED","config":{"rewrites":[{"glob":"/api/corti/**","run":{"serviceId":"actualbackend-api","region":"us-central1"}},{"glob":"/ws/corti/**","run":{"serviceId":"actualbackend-api","region":"us-central1"}},{"glob":"/api/**","run":{"serviceId":"actualbackend-api","region":"us-central1"}},{"glob":"/ws/**","run":{"serviceId":"actualbackend-api","region":"us-central1"}},{"glob":"**","path":"/index.html"}]},"labels":{"deployment-tool":"cli-firebase"},"createTime":"2026-03-04T20:02:03.819661Z","createUser":{"email":"jona223j@gmail.com","imageUrl":"https://lh3.googleusercontent.com/a/ACg8ocLXu-GSlMQGsLeSp7YZi3J9YcWy-U4_QU-Cn-bxsJhFS6GQ=mo"},"finalizeTime":"2026-03-04T20:02:15.083571Z","finalizeUser":{"email":"jona223j@gmail.com","imageUrl":"https://lh3.googleusercontent.com/a/ACg8ocLXu-GSlMQGsLeSp7YZi3J9YcWy-U4_QU-Cn-bxsJhFS6GQ=mo"}},"type":"DEPLOY","releaseTime":"2026-03-04T20:02:16.176Z","releaseUser":{"email":"jona223j@gmail.com","imageUrl":"https://lh3.googleusercontent.com/a/ACg8ocLXu-GSlMQGsLeSp7YZi3J9YcWy-U4_QU-Cn-bxsJhFS6GQ=mo"}}
[info] ✔  hosting[actualbackend-3b454]: release complete 
[info] 
[info] ✔  Deploy complete! 
[info] 
[info] Project Console: https://console.firebase.google.com/project/actualbackend-3b454/overview
[info] Hosting URL: https://actualbackend-3b454.web.app
[debug] [2026-03-04T20:45:37.521Z] ----------------------------------------------------------------------
[debug] [2026-03-04T20:45:37.523Z] Command:       /opt/homebrew/Cellar/node/25.6.0/bin/node /Users/jonasyaich/.npm/_npx/ba4f1959e38407b5/node_modules/.bin/firebase deploy --only hosting
[debug] [2026-03-04T20:45:37.523Z] CLI Version:   15.8.0
[debug] [2026-03-04T20:45:37.523Z] Platform:      darwin
[debug] [2026-03-04T20:45:37.523Z] Node Version:  v25.6.0
[debug] [2026-03-04T20:45:37.523Z] Time:          Wed Mar 04 2026 21:45:37 GMT+0100 (Central European Standard Time)
[debug] [2026-03-04T20:45:37.523Z] ----------------------------------------------------------------------
[debug] 
[debug] [2026-03-04T20:45:41.300Z] > command requires scopes: ["email","openid","https://www.googleapis.com/auth/cloudplatformprojects.readonly","https://www.googleapis.com/auth/firebase","https://www.googleapis.com/auth/cloud-platform"]
[debug] [2026-03-04T20:45:41.301Z] > authorizing via signed-in user (jona223j@gmail.com)
[debug] [2026-03-04T20:45:41.301Z] [iam] checking project actualbackend-3b454 for permissions ["firebase.projects.get","firebasehosting.sites.update"]
[debug] [2026-03-04T20:45:41.302Z] Checked if tokens are valid: false, expires at: 1772655667319
[debug] [2026-03-04T20:45:41.302Z] Checked if tokens are valid: false, expires at: 1772655667319
[debug] [2026-03-04T20:45:41.302Z] > refreshing access token with scopes: []
[debug] [2026-03-04T20:45:41.303Z] >>> [apiv2][query] POST https://www.googleapis.com/oauth2/v3/token [none]
[debug] [2026-03-04T20:45:41.303Z] >>> [apiv2][body] POST https://www.googleapis.com/oauth2/v3/token [omitted]
[debug] [2026-03-04T20:45:41.506Z] <<< [apiv2][status] POST https://www.googleapis.com/oauth2/v3/token 200
[debug] [2026-03-04T20:45:41.506Z] <<< [apiv2][body] POST https://www.googleapis.com/oauth2/v3/token [omitted]
[debug] [2026-03-04T20:45:41.521Z] >>> [apiv2][query] POST https://cloudresourcemanager.googleapis.com/v1/projects/actualbackend-3b454:testIamPermissions [none]
[debug] [2026-03-04T20:45:41.521Z] >>> [apiv2][(partial)header] POST https://cloudresourcemanager.googleapis.com/v1/projects/actualbackend-3b454:testIamPermissions  x-goog-user-project=actualbackend-3b454
[debug] [2026-03-04T20:45:41.521Z] >>> [apiv2][body] POST https://cloudresourcemanager.googleapis.com/v1/projects/actualbackend-3b454:testIamPermissions {"permissions":["firebase.projects.get","firebasehosting.sites.update"]}
[debug] [2026-03-04T20:45:41.856Z] <<< [apiv2][status] POST https://cloudresourcemanager.googleapis.com/v1/projects/actualbackend-3b454:testIamPermissions 200
[debug] [2026-03-04T20:45:41.856Z] <<< [apiv2][body] POST https://cloudresourcemanager.googleapis.com/v1/projects/actualbackend-3b454:testIamPermissions {"permissions":["firebase.projects.get","firebasehosting.sites.update"]}
[debug] [2026-03-04T20:45:41.858Z] Checked if tokens are valid: true, expires at: 1772660740506
[debug] [2026-03-04T20:45:41.859Z] Checked if tokens are valid: true, expires at: 1772660740506
[debug] [2026-03-04T20:45:41.860Z] >>> [apiv2][query] GET https://firebase.googleapis.com/v1beta1/projects/actualbackend-3b454 [none]
[debug] [2026-03-04T20:45:42.421Z] <<< [apiv2][status] GET https://firebase.googleapis.com/v1beta1/projects/actualbackend-3b454 200
[debug] [2026-03-04T20:45:42.422Z] <<< [apiv2][body] GET https://firebase.googleapis.com/v1beta1/projects/actualbackend-3b454 {"projectId":"actualbackend-3b454","projectNumber":"491793307002","displayName":"actualbackend","name":"projects/actualbackend-3b454","resources":{"hostingSite":"actualbackend-3b454","realtimeDatabaseInstance":"actualbackend-3b454-default-rtdb"},"state":"ACTIVE","etag":"1_63b84acb-4b65-4cb2-9484-4807c31e764b"}
[info] 
[info] === Deploying to 'actualbackend-3b454'...
[info] 
[info] i  deploying hosting 
[debug] [2026-03-04T20:45:42.430Z] Checked if tokens are valid: true, expires at: 1772660740506
[debug] [2026-03-04T20:45:42.430Z] Checked if tokens are valid: true, expires at: 1772660740506
[debug] [2026-03-04T20:45:42.430Z] >>> [apiv2][query] POST https://firebasehosting.googleapis.com/v1beta1/projects/-/sites/actualbackend-3b454/versions [none]
[debug] [2026-03-04T20:45:42.430Z] >>> [apiv2][body] POST https://firebasehosting.googleapis.com/v1beta1/projects/-/sites/actualbackend-3b454/versions {"status":"CREATED","labels":{"deployment-tool":"cli-firebase"}}
[debug] [2026-03-04T20:45:44.711Z] <<< [apiv2][status] POST https://firebasehosting.googleapis.com/v1beta1/projects/-/sites/actualbackend-3b454/versions 200
[debug] [2026-03-04T20:45:44.711Z] <<< [apiv2][body] POST https://firebasehosting.googleapis.com/v1beta1/projects/-/sites/actualbackend-3b454/versions {"name":"projects/491793307002/sites/actualbackend-3b454/versions/76ff3a90d4b14906","status":"CREATED","config":{},"labels":{"deployment-tool":"cli-firebase"}}
[info] i  hosting[actualbackend-3b454]: beginning deploy... 
[info] i  hosting[actualbackend-3b454]: found 158 files in build 
[debug] [2026-03-04T20:45:44.740Z] [hosting] uploading with 200 concurrency
[debug] [2026-03-04T20:45:45.226Z] Checked if tokens are valid: true, expires at: 1772660740506
[debug] [2026-03-04T20:45:45.226Z] Checked if tokens are valid: true, expires at: 1772660740506
[debug] [2026-03-04T20:45:45.227Z] [hosting] hash cache [YnVpbGQ] stored for 158 files
[debug] [2026-03-04T20:45:45.227Z] [hosting][hash queue][FINAL] {"max":483,"min":19,"avg":40.62658227848101,"active":0,"complete":158,"success":158,"errored":0,"retried":0,"total":158,"elapsed":486}
[debug] [2026-03-04T20:45:45.227Z] >>> [apiv2][query] POST https://firebasehosting.googleapis.com/v1beta1/projects/491793307002/sites/actualbackend-3b454/versions/76ff3a90d4b14906:populateFiles [none]
[debug] [2026-03-04T20:45:45.228Z] >>> [apiv2][body] POST https://firebasehosting.googleapis.com/v1beta1/projects/491793307002/sites/actualbackend-3b454/versions/76ff3a90d4b14906:populateFiles {"files":{"/manifest.json":"af4c60dfde4694552dbdd63592ddc540a3be2c5b5c4fca387ae80d45c3ce530e","/robots.txt":"391d14b3c2f8c9143a27a28c7399585142228d4d1bdbe2c87ac946de411fa9a2","/index.html":"3a3b2c64b8223eedae0abd8f8b9eacc3f586e22ed7adf551f7585d527b14b55f","/asset-manifest.json":"ff6decc661bca58525089b123892c7b7b5c9ace9b09d0b2495e9fa2610362b81","/logo512.png":"64aabb146fe7b27bc6f1501e9770db37a3e76e15ae9714cc37953f6c41efc80a","/static/js/996.0fea2cb8.chunk.js.LICENSE.txt":"15e2d48aa7cb934f45a93392e9882770f25beb22f98ac210b1eb942ff30a4917","/static/js/main.653fe12e.js.LICENSE.txt":"1b4d627902473c9cc92dbcdb7c9e9e6747b03e557e7252c7443694cac34beadc","/logo192.png":"4395bc4a7245fe22bfcbd5e44ed7fbb2b7e43d923da872b731c7411533a5f4d8","/static/js/99.0341e4d8.chunk.js.LICENSE.txt":"26f01abe96e2f2c8007d52aa1a5d66293132cc4ff5196720586e069a1659c52f","/static/js/996.0fea2cb8.chunk.js":"f3e78d74b2f56483298885de02b135ef4d8a0bc63177a053efb7e5748529840c","/static/js/98.c1c7134a.chunk.js.LICENSE.txt":"15e2d48aa7cb934f45a93392e9882770f25beb22f98ac210b1eb942ff30a4917","/static/js/996.0fea2cb8.chunk.js.map":"c2cad5dcd24d7d36bdc6a9ca06e562a218f0558d91e821e72e44c7199b2102d3","/static/js/98.c1c7134a.chunk.js.map":"d1427166b09e7379107d669bbc4fa7a4f13a3e42ae792ddd00e0d732e363a653","/static/js/98.c1c7134a.chunk.js":"9391aa02f6f40d45ae2b78447cb4e104be0b678abc20e0dae25af055318bc5ec","/static/js/943.1590b78c.chunk.js.LICENSE.txt":"15e2d48aa7cb934f45a93392e9882770f25beb22f98ac210b1eb942ff30a4917","/static/js/943.1590b78c.chunk.js":"211536a4673704797c0c6403656541f6e061cd61945859fe33cd945b8493f0fa","/static/js/943.1590b78c.chunk.js.map":"7fe8cd18fecd5655ed1403517cf8832f6655ac18f89373250d662dc06731f241","/static/js/907.27deefa2.chunk.js":"b133f1d37b7f9d1ba0e2abecebafbde1dc70d73673b3ab5e47289814103c0754","/static/js/890.2ada8c02.chunk.js.LICENSE.txt":"00ef89c487faa38ca54c1241c5e06e148a24c3b4b3549007273a145957ad125e","/static/js/847.8b3b2439.chunk.js.LICENSE.txt":"15e2d48aa7cb934f45a93392e9882770f25beb22f98ac210b1eb942ff30a4917","/static/js/807.0e598e3d.chunk.js.map":"6284f146eeaf00ee0bf4228dc6fba338011ea2a6b38dd9b1e7f088cd975dd3c4","/static/js/787.82a750a2.chunk.js.LICENSE.txt":"15e2d48aa7cb934f45a93392e9882770f25beb22f98ac210b1eb942ff30a4917","/static/js/787.82a750a2.chunk.js":"a4804bf00766fef9b8cf08494b1797a9f1c5347ead4d0e464ebaeb4629c47592","/static/js/807.0e598e3d.chunk.js":"614bd86bb940c98edab4aeeaa3e68d8e6f498d4902e5cd0a50f6a17227da69f9","/static/js/787.82a750a2.chunk.js.map":"8d55470f539f4cb3a729fc57a74e9b9829644f373815a51d2ff72b646e31fa57","/static/js/726.63e0b181.chunk.js.map":"e77e883dd09c29424c2a5f20c45c648bb309b1b3ba149d6fa8d996e66874b2b9","/static/js/726.63e0b181.chunk.js":"aebc4e2fd6a9b07fb63ff97cce14e2beea06412612a4fffb4c3553e07fd4463e","/static/js/688.454f7f32.chunk.js.map":"4e2178812c7d47a04d9359016c254ff1281c6895da880565c95bde11b05db010","/static/js/688.454f7f32.chunk.js":"e9382c633dd02d401be1f16d2c4208aba4123d6faed3a1caa3e1a5f6508c5240","/static/js/736.ba530f14.chunk.js":"f60edb9db2ade838ad2f202628fd6e2190091866268c2cc403070af289c2614c","/static/js/678.78a4a591.chunk.js.map":"16e64cc35b7ba59b15531be1cbae0460a5b4bd61a65a1a6fe8c8266357ca2aea","/static/js/678.78a4a591.chunk.js":"43c2a87a21d367d01ccb70147fe09f51a974fcb478aad9a5ae81065960a981d6","/static/js/685.7d930c59.chunk.js":"4cdc2a0233e956b43037f67257aeb0d9181314be51cd6294a9763bf2b30c1f0d","/static/js/642.4fd34104.chunk.js":"f1df37648885794e787a645944e1ca34652459fadad64fa33289132ed7a6fe57","/static/js/590.203f49d1.chunk.js.LICENSE.txt":"15e2d48aa7cb934f45a93392e9882770f25beb22f98ac210b1eb942ff30a4917","/static/js/590.203f49d1.chunk.js":"282767ce7ba25f0d8512440e2f41f3a103b720e6999e923dbd5527ce8c8ece78","/favicon.ico":"81b6fdb9e284828c8c0a50f0b6832dcbad8fbbeff9957e6821ad0ebb3c378bfe","/static/js/907.27deefa2.chunk.js.map":"65fa72bdf01997b3d6ab44b53472750741a8a721586ce0c2d1004d8ce15ab6bf","/static/js/685.7d930c59.chunk.js.map":"fa6d17948044922d9e0869219ea46bc99e7c1d7187b000de6e50f67a0b978da9","/static/js/642.4fd34104.chunk.js.map":"b4907b4f8ea00239daaba0ef6b796b56dde179ca7d8d517b432362e19ed89517","/static/js/736.ba530f14.chunk.js.map":"29e035c401849c8504ccc3b1dc8a4e143dc8730023ead8475c6af777d9ff7082","/static/js/590.203f49d1.chunk.js.map":"ab10734e49a190d4bbc5467203ab5877d72a6a73b489371dc7e658a44197b4fd","/static/js/890.2ada8c02.chunk.js":"4e3c3f2bb1d0a65922fd75a63e0d56be590bfedb697b690aebf62a1f1f6bf8e4","/static/js/847.8b3b2439.chunk.js":"29fa56ddfb1da22b851bf72bc487b3a3ccf916ad6bb68490882be01d627ffcdf","/static/js/564.b0c6fb88.chunk.js":"b141e4aa22c0e0b74ea78ff2a34f766db7265770fe6f2d20218847ae3f5e5f39","/static/js/553.4c9df158.chunk.js.LICENSE.txt":"15e2d48aa7cb934f45a93392e9882770f25beb22f98ac210b1eb942ff30a4917","/static/js/564.b0c6fb88.chunk.js.map":"1cf7c88c9f9f7280b64b786bfd4e0b20d399231d3c07cf4bdb5236850eecc380","/static/js/549.7be43e80.chunk.js":"af6a8d1d51ef8d859c006197d56ead4d557baf93d5d78a1e802cb9d2a72d0890","/static/js/495.2bc730e6.chunk.js.LICENSE.txt":"15e2d48aa7cb934f45a93392e9882770f25beb22f98ac210b1eb942ff30a4917","/static/js/495.2bc730e6.chunk.js":"252a8773a706c6fbce4016af2866202e72da1c317829405f71988ac45b0128ab","/static/js/495.2bc730e6.chunk.js.map":"dccddfe3de893110225091213e766315bcf6e7bbf72a92486e3a6b0b098d4139","/static/js/492.bf36c957.chunk.js.LICENSE.txt":"15e2d48aa7cb934f45a93392e9882770f25beb22f98ac210b1eb942ff30a4917","/static/js/492.bf36c957.chunk.js":"6b668e5541fdc5711b72a44303c1402a3cd26a170bbd7762b33a2e69b53c303f","/static/js/492.bf36c957.chunk.js.map":"e059e30f998e634b4cff62f3938da4ade26bf1ee76991eb3f63a394fe6cb9b8a","/static/js/464.3c7fec9e.chunk.js.LICENSE.txt":"15e2d48aa7cb934f45a93392e9882770f25beb22f98ac210b1eb942ff30a4917","/static/js/464.3c7fec9e.chunk.js":"0065d2b96a419d0229c7be7093cbaa3f0ed1a19ce0c28253a565dcf45f01339a","/static/js/464.3c7fec9e.chunk.js.map":"68716785616e25228a1f753fcfedfdf1648b673b18ac93cac1c62d50fda6a9f6","/static/js/453.d2cde605.chunk.js":"22998aacf99aaf14ad3e2bdb3fbb71f731aa7190c603cee85bc34b5892592175","/static/js/453.d2cde605.chunk.js.map":"25be544347546da4eb7fce5171d3bd11e9b11bb39224d62ccd8a1213e412ada0","/static/js/363.d93b9cff.chunk.js":"7190c2594f4449ece3b7e69743f41a7288782597522874619e4ba3ba96b6d6ae","/static/js/338.4dffaff2.chunk.js.LICENSE.txt":"15e2d48aa7cb934f45a93392e9882770f25beb22f98ac210b1eb942ff30a4917","/static/js/338.4dffaff2.chunk.js":"370c9ef4471cd982e3839afe2ee50bdfa8888e04bf59f4ed831af383954f65d6","/static/js/333.3218a2e8.chunk.js.LICENSE.txt":"15e2d48aa7cb934f45a93392e9882770f25beb22f98ac210b1eb942ff30a4917","/static/js/333.3218a2e8.chunk.js":"1526ef2f24d1b39e31ee544f9faa8887dfd9e0060cbed7d45cf53ebad1da1f85","/static/js/303.2b46552b.chunk.js.map":"12d21caa59577b9a9bc6fd78932458e18b4a8f9700d74dee9f6f41047c0f901c","/static/js/303.2b46552b.chunk.js.LICENSE.txt":"15e2d48aa7cb934f45a93392e9882770f25beb22f98ac210b1eb942ff30a4917","/static/js/303.2b46552b.chunk.js":"1aa37ba5a24ad1bf5edcd6b74f0f9180399448b0d2fdc8bf584b5c531d51280a","/static/js/296.37790df1.chunk.js.LICENSE.txt":"15e2d48aa7cb934f45a93392e9882770f25beb22f98ac210b1eb942ff30a4917","/static/js/296.37790df1.chunk.js":"885aa986c6a48ea4db03a059de9ad1203b5ef70899cec083128a8eb5e01d0ba9","/static/js/288.697f6044.chunk.js.LICENSE.txt":"15e2d48aa7cb934f45a93392e9882770f25beb22f98ac210b1eb942ff30a4917","/static/js/296.37790df1.chunk.js.map":"c89b58e50efb9e4dc106177eed2657dc43f11a253ab9589422a3948d6aaab7bf","/static/js/269.05944dcc.chunk.js":"fd5ca4ec8794ad322c5cf31a7f3863f179197d2709b830542833db799db7c73d","/static/js/553.4c9df158.chunk.js":"09fcb3f914e89cacc55fed975f4ea509ec1dd00d103fbe013bcbbd76174921b9","/static/js/549.7be43e80.chunk.js.map":"cb938089b5581cf3a56d33cef95f029d0d1a279dd493c36760ca274e509afe4d","/static/js/265.e09344b3.chunk.js.map":"8539842c29ddc40086137b813f3496723ceb75cf9fe546f6bc9e4f1cff605590","/static/js/333.3218a2e8.chunk.js.map":"4a4c699fffded725e7eae4aeb479d57ace2b53113ef979fa27057f1d3f4423f9","/static/js/265.e09344b3.chunk.js.LICENSE.txt":"15e2d48aa7cb934f45a93392e9882770f25beb22f98ac210b1eb942ff30a4917","/static/js/363.d93b9cff.chunk.js.map":"861a1eb685002144d8b72f45e5bc35013c3b384380f791f738797e56b7e8516b","/static/js/288.697f6044.chunk.js":"d260ec72e485fa7e207e1e83bbfdc8d3560895923f66fcd893d466c0b38b9bca","/static/js/338.4dffaff2.chunk.js.map":"b5ee6f86632eca7401f830cb6b068f34da6ed3f59c6f9eb45f0707c72901d256","/static/js/99.0341e4d8.chunk.js":"e2c837973c4a214d13e75ba42c4e25df358416277648f0df6a3a37b1db5fd831","/static/js/265.e09344b3.chunk.js":"e02a62400d84db75b8f9543b443b90d54e22d715f6dba6a030a9bbe225a7d255","/static/js/263.1c93bf92.chunk.js":"3a9809c5f11135edd7a224901191a964fe98bbae51157e32b29796f310e616d8","/static/js/233.1690ba19.chunk.js":"1ffc32abae04ba3a7422ffc5a5d64304681320cf04247910e367e340a5721e76","/static/js/233.1690ba19.chunk.js.map":"6c23ab8d1db1dde7b4c7448180318524c4423e1fe29fed057d95090cec3ae42f","/static/js/150.51ee49a7.chunk.js.LICENSE.txt":"15e2d48aa7cb934f45a93392e9882770f25beb22f98ac210b1eb942ff30a4917","/static/js/150.51ee49a7.chunk.js.map":"632aa4d6f2bc7a98ce2c6a2a85f357500f2f4c28c198459562e3685f466064a8","/static/js/150.51ee49a7.chunk.js":"e1ba92c43a35fb8904db3d78eae1b53c5e02b81718b7a20450d8551056ff98a9","/static/js/269.05944dcc.chunk.js.map":"5c40435c6e89cc65ded04ca2479103207f58db9e62b677c45ac1e46d307c7b62","/static/js/125.40b31da6.chunk.js.map":"87bd762252347156b7cabc093e502933cce328e30e9d8850e61ef4bb281a3160","/static/js/125.40b31da6.chunk.js":"f6c5ab37adafcf301adde38845de1cc288d72eb4f349f3ad4ccfa1bc57d801f5","/static/js/111.b2b96088.chunk.js.LICENSE.txt":"15e2d48aa7cb934f45a93392e9882770f25beb22f98ac210b1eb942ff30a4917","/static/css/996.0abfc4c7.chunk.css.map":"7df8ac8b935c3e83222da672129ff3d18187bab04e36fff37d33e23137b20d1d","/static/css/996.0abfc4c7.chunk.css":"61a535217995f6e3058e430b0ec92f12d34bc273144a788ed21f64d061a32f3b","/static/css/943.48d1088b.chunk.css.map":"42df84968151b5655bbab7b7cf2d021be436f3bb6b16f87d9a50c73e10d72860","/static/css/943.48d1088b.chunk.css":"c86341e6a1529bae35e07bc831d79deb97e59716016509920b013c555335fa8d","/static/css/807.b41774b7.chunk.css":"aa6eb10312eb8d448e90970c9847948665dba57822c888ade78f04a858eef280","/static/css/807.b41774b7.chunk.css.map":"c7bbdbef98a2e4a994c9ea5ad07a32b0f6680f6f4c833cb670a6f695a48b8e8a","/static/css/736.28ba2c84.chunk.css":"23f616354b50d20babf3647be146ad4c2ee92a0a4082b95addbe7a09ccd779aa","/static/css/688.30ef763c.chunk.css.map":"d42cc03fe01d12f302ca3329a7e8b9ed6f60d33fe1cf99bc5cedd3c442369af5","/static/css/688.30ef763c.chunk.css":"cb05c1668fb6ff27b5ab7ac4a4791c19a5a74bd2b6cd6640bc461ad2d8350f87","/static/css/736.28ba2c84.chunk.css.map":"76fb679ee114d45f023dfc5f0f2361429ba23b741b3d0d67f61fca7c1ae3ba7d","/static/css/685.2e672648.chunk.css.map":"e0e3934d644ff120649c4a93efcaa64792f257f9620a109ccdfb96c55ac87635","/static/css/685.2e672648.chunk.css":"b3d841ee1c7fc4411398566dff84901bf43ace942b86046157d562ff7a269415","/static/css/590.56fce157.chunk.css":"7676083a483b4a8b7c0d9ed55b52daec5c2bbe897b6c908a538706891176caa0","/static/css/338.44779294.chunk.css.map":"40e7ce3af3686e49edcba9624eeb3efdfb871a36380b536f5916d04c280eb0a8","/static/css/590.56fce157.chunk.css.map":"1e6b6f93df1c03c289117833cc86283f8109478eda37e0269e90ed8ce573e621","/static/css/564.cb854582.chunk.css":"d0316b2939f987291fa08c8f8193e0751809595fecf879be43de86953d144027","/static/css/564.cb854582.chunk.css.map":"60ded699ec67863b8b6b8c0fed2b4fd86ecf39599e42fd68bbb7c9a581e58c86","/static/css/338.44779294.chunk.css":"571552f44d0b1d5044e56175cb439f180d1863aea719697f8cee114ac775ad60","/static/css/333.8acaa905.chunk.css.map":"d9166296d53c86e125a4087695589b268d13ca2a6f86a3310e1f1a07d36e054b","/static/css/333.8acaa905.chunk.css":"0df91d8cf13fdb6c79be5c0e8f8f9dfe7badccfdad72600c0ae33d7f8a9d34d5","/static/css/main.cd61aedf.css.map":"a0d46c0ae7fbeadf9cae69934763a2adfbccd12527d147c44e1a96f87055957e","/static/css/296.28eb687f.chunk.css.map":"916309e9b2d757092eeb271ae9177740c8b8b15395b98c8c4b1b0e301f47543b","/static/js/263.1c93bf92.chunk.js.map":"7b9b0eb9fd2b9dbf7293ce33bf533c283247da7a70744bd145c302d7901917d2","/static/css/296.28eb687f.chunk.css":"ca8acb34c71be13f0fffa9c46917c393d013241e7930e545b449f826d463bf91","/static/css/288.6f2d9f40.chunk.css.map":"541b9d46f94bb36d00691395e1a344712b013ddfff12b0d696cff4a0c08d5715","/static/js/111.b2b96088.chunk.js":"9b194a3112ba58bd0fbd2ee43945a5e5d67b3fc36873b5af3a9dff5d9dbe87b0","/static/css/288.6f2d9f40.chunk.css":"db51a1d5246cc0bef62483781db0be1dcb489d50556288e2e0bedd4aeb0a90a0","/static/css/269.76bad261.chunk.css.map":"b921982c9a5d599d58ff63d68e5223206251a71fe046258c3acf09913a120567","/static/css/269.76bad261.chunk.css":"4dc4f158aeb3538928157e8edd6a7dcf21222eac7670a002088f439da691298a","/static/css/265.e8b3f508.chunk.css.map":"68194589a678163c42cbf597f86e18754502489a3196b94a25b3d40a5426be40","/static/css/265.e8b3f508.chunk.css":"38309be7a909d0a52993dcf275c9cd8c9f3c4e6c57885414b2f1fe15b2a25f0d","/static/css/130.392a2e2d.chunk.css.map":"badac6b25807f9889883c3ec90dedd3544634f6deb6b9c2866a19677c12929e4","/static/css/main.cd61aedf.css":"d9d629e68457d072d9ad4aa0a83b6db9b91253f62a9c2a13a4c594c2dc870679","/static/css/130.392a2e2d.chunk.css":"59fa56e1e977bf04953b60ee51dca942e3d4daa4f52ada88ad7964f465677df0","/static/css/125.ffd2608f.chunk.css.map":"80350cbe09289026feffd177f1c2a6e8151efeaa6d494afdcc927975fc78328d","/static/css/125.ffd2608f.chunk.css":"5d5a8145595e927dd9f40a11e9893f7e4d7fa9891e47954c5a4f9c8f3abfc1d7","/static/css/127.5025c5e8.chunk.css":"c18485914c2d084292d8ce20f091dbcde78c37398030b9dfd2fa46f8daceb0b4","/hero-5/unnamed.jpg":"d0d5f07f3c7d421eb939d435e0d69c82352541204b0d7fc6fb9718404767fccd","/hero-5/apple-pay-logo-coopbank.webp":"2307d345345dcd54aef47e5eb63a1296f3c913d842bdbc663601546be8cc6428","/hero-5/Visa_Grey.avif":"c08fef8c80a87eca21fef3b2260d835ed8085303e2ab5132f64090ead128b8d7","/hero-5/Mastercard_2019_logo.svg":"383ef9f8a933f72f1a5fc35b7ab4a2f18ae974156d78794038b32fb6afdbebd4","/static/css/127.5025c5e8.chunk.css.map":"ffeb2055675c65ae614ea7075a1ad8f5255902e7436ef949b453e50c1f0804eb","/static/js/288.697f6044.chunk.js.map":"2c21db30dd4809c301b2d18279bba286dfeedc0e9a1ee24598db20dc239d27a6","/static/js/553.4c9df158.chunk.js.map":"c83fdb95faae53ebef419914ee9e2040dd46379fec872adef14c7c37a563c260","/hero-5/unnamed.webp":"053d2c1e8ff29c8f5f3c630136e4e1776a8c2231334a4b79912c25168e65031e","/hero-5/physio-picture.jpg":"2d1249adc33d7929226cca9173fe87ac56487edc734806e3f51a246a37be8220","/hero-5/selma-logo-final.jpg":"1b9989229fde27bce3f5dcfabfeb08f0f15657b56812e1c8d7ea2ef3fb5639b3","/hero-5/MobilePay-1200x627.jpg":"e6dd51a6112a09aa33e67a27d1a3b6fbac19bdd3c2eeba7113497e80bcc04075","/static/js/111.b2b96088.chunk.js.map":"0f03848bd602093e6f5b87ba03c2c7588cab6fb8e25c8b38596e629871113571","/static/js/847.8b3b2439.chunk.js.map":"7aea5f1476ded7762416d744d4f2bd63b739ae7e89d1d5ee7ed7fd2a175dba75","/hero-5/booking-hjemmeside.jpg":"a4de6fcd8b833421127bffe75ef3972653659c8e380a275156ce32e27d90fb26","/static/js/890.2ada8c02.chunk.js.map":"dba798692a7038d67fc69576b2cd5c4e5a870de72c325a074f144b16872e7467","/hero-5/insta-profil.jpg":"b4883fc86225c184d1c7936dc16f46dfd55784845a34862e9f1e97ed896964c9","/static/js/99.0341e4d8.chunk.js.map":"1dea4cf2a5b7d167bb3b8e140be7cbca67d61342e8fa00999c74ece546473efc","/static/js/main.653fe12e.js":"e325c4c942c1a287c8ebba5c4519866e53ba3b91646b94d3f2e2c47ae229d79e","/hero-4/clinic-overview.png":"fc15885d0428a8a30ba6d317056de0869d40b2b5668dac7a938cef266556d5b0","/hero-6/screen-3.png":"9a0551e4dd92e4a95ba99826a333237b3c3bb22e9247900418cc4f6e1127e2d0","/hero-4/calendar-week.png":"0343644df56057efa8951e2aae430cc7ae969cf41e7343495f942765ee07cef7","/hero-6/screen-6.png":"781f334972758d31c6e6302874f1b7bb05a19af54fb42a304c75dfabb2ab51e6","/hero-6/screen-1.png":"676f001bddfd837bcb4c29adc8a802ddce3a583c0efd0e2a66db6d8e7a50315f","/hero-6/screen-5.png":"84514542bc84a327691323d2dc95cafe3187ff8ee6e56e5bae94a09877878b6d","/hero-6/screen-4.png":"b0b0ddba66f251afc1a5e9873fb7dffcaf62766838da676d14ed764740ebeb70","/hero-6/screen-2.png":"6608d3035ed5f3ebe891a5822e31ed21d6d24ae9281914e371fed782e746d111","/assets/selmalogo.png":"a9d6a9f8fcb32340c9e0cc23f9a76b0010fe85cdd7ddd81d732aa11e5e66c15d","/hero-2/pexels-yankrukov-5793904.jpg":"ee985c25810015e60c1924102c304a7fc965152bd96cbe18883e3d84eb6d37f3","/static/js/main.653fe12e.js.map":"4499b200a38e221acfc3a0e785fc21bbfe78806a674c36409b2d3d4f24342cd2"}}
[debug] [2026-03-04T20:45:46.603Z] <<< [apiv2][status] POST https://firebasehosting.googleapis.com/v1beta1/projects/491793307002/sites/actualbackend-3b454/versions/76ff3a90d4b14906:populateFiles 200
[debug] [2026-03-04T20:45:46.603Z] <<< [apiv2][body] POST https://firebasehosting.googleapis.com/v1beta1/projects/491793307002/sites/actualbackend-3b454/versions/76ff3a90d4b14906:populateFiles {"uploadRequiredHashes":["4499b200a38e221acfc3a0e785fc21bbfe78806a674c36409b2d3d4f24342cd2","3a3b2c64b8223eedae0abd8f8b9eacc3f586e22ed7adf551f7585d527b14b55f","ff6decc661bca58525089b123892c7b7b5c9ace9b09d0b2495e9fa2610362b81","29fa56ddfb1da22b851bf72bc487b3a3ccf916ad6bb68490882be01d627ffcdf","e325c4c942c1a287c8ebba5c4519866e53ba3b91646b94d3f2e2c47ae229d79e","7aea5f1476ded7762416d744d4f2bd63b739ae7e89d1d5ee7ed7fd2a175dba75"],"uploadUrl":"https://upload-firebasehosting.googleapis.com/upload/sites/actualbackend-3b454/versions/76ff3a90d4b14906/files"}
[debug] [2026-03-04T20:45:46.606Z] Checked if tokens are valid: true, expires at: 1772660740506
[debug] [2026-03-04T20:45:46.607Z] Checked if tokens are valid: true, expires at: 1772660740506
[debug] [2026-03-04T20:45:46.608Z] Checked if tokens are valid: true, expires at: 1772660740506
[debug] [2026-03-04T20:45:46.608Z] Checked if tokens are valid: true, expires at: 1772660740506
[debug] [2026-03-04T20:45:46.610Z] Checked if tokens are valid: true, expires at: 1772660740506
[debug] [2026-03-04T20:45:46.610Z] Checked if tokens are valid: true, expires at: 1772660740506
[debug] [2026-03-04T20:45:46.611Z] Checked if tokens are valid: true, expires at: 1772660740506
[debug] [2026-03-04T20:45:46.611Z] Checked if tokens are valid: true, expires at: 1772660740506
[debug] [2026-03-04T20:45:46.611Z] Checked if tokens are valid: true, expires at: 1772660740506
[debug] [2026-03-04T20:45:46.611Z] Checked if tokens are valid: true, expires at: 1772660740506
[debug] [2026-03-04T20:45:46.612Z] Checked if tokens are valid: true, expires at: 1772660740506
[debug] [2026-03-04T20:45:46.612Z] Checked if tokens are valid: true, expires at: 1772660740506
[debug] [2026-03-04T20:45:46.612Z] >>> [apiv2][query] POST https://upload-firebasehosting.googleapis.com/upload/sites/actualbackend-3b454/versions/76ff3a90d4b14906/files/4499b200a38e221acfc3a0e785fc21bbfe78806a674c36409b2d3d4f24342cd2 [none]
[debug] [2026-03-04T20:45:46.613Z] >>> [apiv2][body] POST https://upload-firebasehosting.googleapis.com/upload/sites/actualbackend-3b454/versions/76ff3a90d4b14906/files/4499b200a38e221acfc3a0e785fc21bbfe78806a674c36409b2d3d4f24342cd2 [stream]
[debug] [2026-03-04T20:45:46.614Z] >>> [apiv2][query] POST https://upload-firebasehosting.googleapis.com/upload/sites/actualbackend-3b454/versions/76ff3a90d4b14906/files/3a3b2c64b8223eedae0abd8f8b9eacc3f586e22ed7adf551f7585d527b14b55f [none]
[debug] [2026-03-04T20:45:46.614Z] >>> [apiv2][body] POST https://upload-firebasehosting.googleapis.com/upload/sites/actualbackend-3b454/versions/76ff3a90d4b14906/files/3a3b2c64b8223eedae0abd8f8b9eacc3f586e22ed7adf551f7585d527b14b55f [stream]
[debug] [2026-03-04T20:45:46.616Z] >>> [apiv2][query] POST https://upload-firebasehosting.googleapis.com/upload/sites/actualbackend-3b454/versions/76ff3a90d4b14906/files/ff6decc661bca58525089b123892c7b7b5c9ace9b09d0b2495e9fa2610362b81 [none]
[debug] [2026-03-04T20:45:46.616Z] >>> [apiv2][body] POST https://upload-firebasehosting.googleapis.com/upload/sites/actualbackend-3b454/versions/76ff3a90d4b14906/files/ff6decc661bca58525089b123892c7b7b5c9ace9b09d0b2495e9fa2610362b81 [stream]
[debug] [2026-03-04T20:45:46.617Z] >>> [apiv2][query] POST https://upload-firebasehosting.googleapis.com/upload/sites/actualbackend-3b454/versions/76ff3a90d4b14906/files/29fa56ddfb1da22b851bf72bc487b3a3ccf916ad6bb68490882be01d627ffcdf [none]
[debug] [2026-03-04T20:45:46.617Z] >>> [apiv2][body] POST https://upload-firebasehosting.googleapis.com/upload/sites/actualbackend-3b454/versions/76ff3a90d4b14906/files/29fa56ddfb1da22b851bf72bc487b3a3ccf916ad6bb68490882be01d627ffcdf [stream]
[debug] [2026-03-04T20:45:46.618Z] >>> [apiv2][query] POST https://upload-firebasehosting.googleapis.com/upload/sites/actualbackend-3b454/versions/76ff3a90d4b14906/files/e325c4c942c1a287c8ebba5c4519866e53ba3b91646b94d3f2e2c47ae229d79e [none]
[debug] [2026-03-04T20:45:46.619Z] >>> [apiv2][body] POST https://upload-firebasehosting.googleapis.com/upload/sites/actualbackend-3b454/versions/76ff3a90d4b14906/files/e325c4c942c1a287c8ebba5c4519866e53ba3b91646b94d3f2e2c47ae229d79e [stream]
[debug] [2026-03-04T20:45:46.619Z] >>> [apiv2][query] POST https://upload-firebasehosting.googleapis.com/upload/sites/actualbackend-3b454/versions/76ff3a90d4b14906/files/7aea5f1476ded7762416d744d4f2bd63b739ae7e89d1d5ee7ed7fd2a175dba75 [none]
[debug] [2026-03-04T20:45:46.620Z] >>> [apiv2][body] POST https://upload-firebasehosting.googleapis.com/upload/sites/actualbackend-3b454/versions/76ff3a90d4b14906/files/7aea5f1476ded7762416d744d4f2bd63b739ae7e89d1d5ee7ed7fd2a175dba75 [stream]
[debug] [2026-03-04T20:45:46.621Z] [hosting][populate queue][FINAL] {"max":1386,"min":1386,"avg":1386,"active":0,"complete":1,"success":1,"errored":0,"retried":0,"total":1,"elapsed":1395}
[debug] [2026-03-04T20:45:46.621Z] [hosting] uploads queued: 6
[info] i  hosting: uploading new files [0/6] (0%) 
[debug] [2026-03-04T20:45:47.840Z] <<< [apiv2][status] POST https://upload-firebasehosting.googleapis.com/upload/sites/actualbackend-3b454/versions/76ff3a90d4b14906/files/29fa56ddfb1da22b851bf72bc487b3a3ccf916ad6bb68490882be01d627ffcdf 200
[debug] [2026-03-04T20:45:47.840Z] <<< [apiv2][body] POST https://upload-firebasehosting.googleapis.com/upload/sites/actualbackend-3b454/versions/76ff3a90d4b14906/files/29fa56ddfb1da22b851bf72bc487b3a3ccf916ad6bb68490882be01d627ffcdf [stream]
[debug] [2026-03-04T20:45:47.844Z] <<< [apiv2][status] POST https://upload-firebasehosting.googleapis.com/upload/sites/actualbackend-3b454/versions/76ff3a90d4b14906/files/3a3b2c64b8223eedae0abd8f8b9eacc3f586e22ed7adf551f7585d527b14b55f 200
[debug] [2026-03-04T20:45:47.844Z] <<< [apiv2][body] POST https://upload-firebasehosting.googleapis.com/upload/sites/actualbackend-3b454/versions/76ff3a90d4b14906/files/3a3b2c64b8223eedae0abd8f8b9eacc3f586e22ed7adf551f7585d527b14b55f [stream]
[debug] [2026-03-04T20:45:47.969Z] <<< [apiv2][status] POST https://upload-firebasehosting.googleapis.com/upload/sites/actualbackend-3b454/versions/76ff3a90d4b14906/files/7aea5f1476ded7762416d744d4f2bd63b739ae7e89d1d5ee7ed7fd2a175dba75 200
[debug] [2026-03-04T20:45:47.970Z] <<< [apiv2][body] POST https://upload-firebasehosting.googleapis.com/upload/sites/actualbackend-3b454/versions/76ff3a90d4b14906/files/7aea5f1476ded7762416d744d4f2bd63b739ae7e89d1d5ee7ed7fd2a175dba75 [stream]
[debug] [2026-03-04T20:45:48.158Z] <<< [apiv2][status] POST https://upload-firebasehosting.googleapis.com/upload/sites/actualbackend-3b454/versions/76ff3a90d4b14906/files/ff6decc661bca58525089b123892c7b7b5c9ace9b09d0b2495e9fa2610362b81 200
[debug] [2026-03-04T20:45:48.158Z] <<< [apiv2][body] POST https://upload-firebasehosting.googleapis.com/upload/sites/actualbackend-3b454/versions/76ff3a90d4b14906/files/ff6decc661bca58525089b123892c7b7b5c9ace9b09d0b2495e9fa2610362b81 [stream]
[debug] [2026-03-04T20:45:48.566Z] <<< [apiv2][status] POST https://upload-firebasehosting.googleapis.com/upload/sites/actualbackend-3b454/versions/76ff3a90d4b14906/files/e325c4c942c1a287c8ebba5c4519866e53ba3b91646b94d3f2e2c47ae229d79e 200
[debug] [2026-03-04T20:45:48.567Z] <<< [apiv2][body] POST https://upload-firebasehosting.googleapis.com/upload/sites/actualbackend-3b454/versions/76ff3a90d4b14906/files/e325c4c942c1a287c8ebba5c4519866e53ba3b91646b94d3f2e2c47ae229d79e [stream]
[info] i  hosting: uploading new files [5/6] (83%) 
[debug] [2026-03-04T20:45:48.948Z] <<< [apiv2][status] POST https://upload-firebasehosting.googleapis.com/upload/sites/actualbackend-3b454/versions/76ff3a90d4b14906/files/4499b200a38e221acfc3a0e785fc21bbfe78806a674c36409b2d3d4f24342cd2 200
[debug] [2026-03-04T20:45:48.948Z] <<< [apiv2][body] POST https://upload-firebasehosting.googleapis.com/upload/sites/actualbackend-3b454/versions/76ff3a90d4b14906/files/4499b200a38e221acfc3a0e785fc21bbfe78806a674c36409b2d3d4f24342cd2 [stream]
[debug] [2026-03-04T20:45:48.949Z] [hosting][upload queue][FINAL] {"max":2344,"min":1231,"avg":1612.6666666666667,"active":0,"complete":6,"success":6,"errored":0,"retried":0,"total":6,"elapsed":2345}
[info] i  hosting: upload complete 
[info] ✔  hosting[actualbackend-3b454]: file upload complete 
[debug] [2026-03-04T20:45:48.951Z] [hosting] deploy completed after 4236ms
[debug] [2026-03-04T20:45:48.951Z] [
  {
    "config": {
      "public": "build",
      "ignore": [
        "firebase.json",
        "**/.*",
        "**/node_modules/**"
      ],
      "rewrites": [
        {
          "source": "/api/corti/**",
          "run": {
            "serviceId": "actualbackend-api",
            "region": "us-central1"
          }
        },
        {
          "source": "/ws/corti/**",
          "run": {
            "serviceId": "actualbackend-api",
            "region": "us-central1"
          }
        },
        {
          "source": "/api/**",
          "run": {
            "serviceId": "actualbackend-api",
            "region": "us-central1"
          }
        },
        {
          "source": "/ws/**",
          "run": {
            "serviceId": "actualbackend-api",
            "region": "us-central1"
          }
        },
        {
          "source": "**",
          "destination": "/index.html"
        }
      ],
      "site": "actualbackend-3b454"
    },
    "version": "projects/491793307002/sites/actualbackend-3b454/versions/76ff3a90d4b14906"
  }
]
[info] i  hosting[actualbackend-3b454]: finalizing version... 
[debug] [2026-03-04T20:45:48.954Z] Checked if tokens are valid: true, expires at: 1772660740506
[debug] [2026-03-04T20:45:48.954Z] Checked if tokens are valid: true, expires at: 1772660740506
[debug] [2026-03-04T20:45:48.954Z] >>> [apiv2][query] GET https://cloudfunctions.googleapis.com/v1/projects/actualbackend-3b454/locations/-/functions [none]
[debug] [2026-03-04T20:45:49.830Z] <<< [apiv2][status] GET https://cloudfunctions.googleapis.com/v1/projects/actualbackend-3b454/locations/-/functions 200
[debug] [2026-03-04T20:45:49.830Z] <<< [apiv2][body] GET https://cloudfunctions.googleapis.com/v1/projects/actualbackend-3b454/locations/-/functions {}
[debug] [2026-03-04T20:45:49.831Z] Checked if tokens are valid: true, expires at: 1772660740506
[debug] [2026-03-04T20:45:49.831Z] Checked if tokens are valid: true, expires at: 1772660740506
[debug] [2026-03-04T20:45:49.832Z] >>> [apiv2][query] GET https://cloudfunctions.googleapis.com/v2/projects/actualbackend-3b454/locations/-/functions filter=environment%3D%22GEN_2%22
[debug] [2026-03-04T20:45:51.071Z] <<< [apiv2][status] GET https://cloudfunctions.googleapis.com/v2/projects/actualbackend-3b454/locations/-/functions 200
[debug] [2026-03-04T20:45:51.072Z] <<< [apiv2][body] GET https://cloudfunctions.googleapis.com/v2/projects/actualbackend-3b454/locations/-/functions {"functions":[{"name":"projects/actualbackend-3b454/locations/us-central1/functions/openai_completion","buildConfig":{"build":"projects/491793307002/locations/us-central1/builds/e52ddbfc-d142-4246-a18a-8c2cc49764cb","runtime":"python312","entryPoint":"openai_completion","source":{"storageSource":{"bucket":"gcf-v2-sources-491793307002-us-central1","object":"openai_completion/function-source.zip","generation":"1772537952441232"}},"environmentVariables":{"GOOGLE_NODE_RUN_SCRIPTS":""},"dockerRepository":"projects/actualbackend-3b454/locations/us-central1/repositories/gcf-artifacts","sourceProvenance":{"resolvedStorageSource":{"bucket":"gcf-v2-sources-491793307002-us-central1","object":"openai_completion/function-source.zip","generation":"1772537952441232"}},"dockerRegistry":"ARTIFACT_REGISTRY","serviceAccount":"projects/actualbackend-3b454/serviceAccounts/491793307002-compute@developer.gserviceaccount.com","automaticUpdatePolicy":{}},"serviceConfig":{"service":"projects/actualbackend-3b454/locations/us-central1/services/openai-completion","timeoutSeconds":60,"environmentVariables":{"BOOKING_CONFIRMATION_EMAIL_ENABLED":"true","BOOKING_CONFIRMATION_FROM_EMAIL":"Selma+ <booking@booking.selmaplus.tech>","BOOKING_CONFIRMATION_REPLY_TO_EMAIL":"","RESEND_API_KEY":"re_DE2YQdzb_NaRV2dczsNZmRCkDc4GYCNMJ","RESEND_API_BASE":"https://api.resend.com","FIREBASE_CONFIG":"{\"projectId\":\"actualbackend-3b454\",\"databaseURL\":\"https://actualbackend-3b454-default-rtdb.europe-west1.firebasedatabase.app\",\"storageBucket\":\"actualbackend-3b454.firebasestorage.app\"}","GCLOUD_PROJECT":"actualbackend-3b454","EVENTARC_CLOUD_EVENT_SOURCE":"projects/actualbackend-3b454/locations/us-central1/services/openai_completion","FUNCTION_TARGET":"openai_completion","LOG_EXECUTION_ID":"true","FUNCTION_SIGNATURE_TYPE":"http"},"maxInstanceCount":10,"ingressSettings":"ALLOW_ALL","uri":"https://openai-completion-cqj5vybxha-uc.a.run.app","serviceAccountEmail":"491793307002-compute@developer.gserviceaccount.com","availableMemory":"256Mi","allTrafficOnLatestRevision":true,"revision":"openai-completion-00013-yac","maxInstanceRequestConcurrency":1,"availableCpu":"0.1666"},"state":"ACTIVE","updateTime":"2026-03-03T11:39:31.929844115Z","labels":{"firebase-functions-hash":"e5b42d5f304284a3d66d45887f56a36e9470ed68","deployment-tool":"cli-firebase","firebase-functions-codebase":"python_functions"},"environment":"GEN_2","url":"https://us-central1-actualbackend-3b454.cloudfunctions.net/openai_completion","createTime":"2025-11-19T16:57:04.241899766Z","satisfiesPzi":true},{"name":"projects/actualbackend-3b454/locations/us-central1/functions/publicGetAvailability","buildConfig":{"build":"projects/491793307002/locations/us-central1/builds/e52ddbfc-d142-4246-a18a-8c2cc49764cb","runtime":"python312","entryPoint":"publicGetAvailability","source":{"storageSource":{"bucket":"gcf-v2-sources-491793307002-us-central1","object":"publicGetAvailability/function-source.zip","generation":"1772537952471214"}},"environmentVariables":{"GOOGLE_NODE_RUN_SCRIPTS":""},"dockerRepository":"projects/actualbackend-3b454/locations/us-central1/repositories/gcf-artifacts","sourceProvenance":{"resolvedStorageSource":{"bucket":"gcf-v2-sources-491793307002-us-central1","object":"publicGetAvailability/function-source.zip","generation":"1772537952471214"}},"dockerRegistry":"ARTIFACT_REGISTRY","serviceAccount":"projects/actualbackend-3b454/serviceAccounts/491793307002-compute@developer.gserviceaccount.com","automaticUpdatePolicy":{}},"serviceConfig":{"service":"projects/actualbackend-3b454/locations/us-central1/services/publicgetavailability","timeoutSeconds":60,"environmentVariables":{"BOOKING_CONFIRMATION_EMAIL_ENABLED":"true","BOOKING_CONFIRMATION_FROM_EMAIL":"Selma+ <booking@booking.selmaplus.tech>","BOOKING_CONFIRMATION_REPLY_TO_EMAIL":"","RESEND_API_KEY":"re_DE2YQdzb_NaRV2dczsNZmRCkDc4GYCNMJ","RESEND_API_BASE":"https://api.resend.com","FIREBASE_CONFIG":"{\"projectId\":\"actualbackend-3b454\",\"databaseURL\":\"https://actualbackend-3b454-default-rtdb.europe-west1.firebasedatabase.app\",\"storageBucket\":\"actualbackend-3b454.firebasestorage.app\"}","GCLOUD_PROJECT":"actualbackend-3b454","EVENTARC_CLOUD_EVENT_SOURCE":"projects/actualbackend-3b454/locations/us-central1/services/publicGetAvailability","FUNCTION_TARGET":"publicGetAvailability","LOG_EXECUTION_ID":"true","FUNCTION_SIGNATURE_TYPE":"http"},"maxInstanceCount":10,"ingressSettings":"ALLOW_ALL","uri":"https://publicgetavailability-cqj5vybxha-uc.a.run.app","serviceAccountEmail":"491793307002-compute@developer.gserviceaccount.com","availableMemory":"256Mi","allTrafficOnLatestRevision":true,"revision":"publicgetavailability-00014-roj","maxInstanceRequestConcurrency":1,"availableCpu":"0.1666"},"state":"ACTIVE","updateTime":"2026-03-03T11:39:31.704411340Z","labels":{"firebase-functions-codebase":"python_functions","firebase-functions-hash":"e5b42d5f304284a3d66d45887f56a36e9470ed68","deployment-tool":"cli-firebase"},"environment":"GEN_2","url":"https://us-central1-actualbackend-3b454.cloudfunctions.net/publicGetAvailability","createTime":"2025-12-28T14:58:27.013272596Z","satisfiesPzi":true},{"name":"projects/actualbackend-3b454/locations/us-central1/functions/getClinicStaffPublic","buildConfig":{"build":"projects/491793307002/locations/us-central1/builds/e52ddbfc-d142-4246-a18a-8c2cc49764cb","runtime":"python312","entryPoint":"getClinicStaffPublic","source":{"storageSource":{"bucket":"gcf-v2-sources-491793307002-us-central1","object":"getClinicStaffPublic/function-source.zip","generation":"1772537952439468"}},"environmentVariables":{"GOOGLE_NODE_RUN_SCRIPTS":""},"dockerRepository":"projects/actualbackend-3b454/locations/us-central1/repositories/gcf-artifacts","sourceProvenance":{"resolvedStorageSource":{"bucket":"gcf-v2-sources-491793307002-us-central1","object":"getClinicStaffPublic/function-source.zip","generation":"1772537952439468"}},"dockerRegistry":"ARTIFACT_REGISTRY","serviceAccount":"projects/actualbackend-3b454/serviceAccounts/491793307002-compute@developer.gserviceaccount.com","automaticUpdatePolicy":{}},"serviceConfig":{"service":"projects/actualbackend-3b454/locations/us-central1/services/getclinicstaffpublic","timeoutSeconds":60,"environmentVariables":{"BOOKING_CONFIRMATION_EMAIL_ENABLED":"true","BOOKING_CONFIRMATION_FROM_EMAIL":"Selma+ <booking@booking.selmaplus.tech>","BOOKING_CONFIRMATION_REPLY_TO_EMAIL":"","RESEND_API_KEY":"re_DE2YQdzb_NaRV2dczsNZmRCkDc4GYCNMJ","RESEND_API_BASE":"https://api.resend.com","FIREBASE_CONFIG":"{\"projectId\":\"actualbackend-3b454\",\"databaseURL\":\"https://actualbackend-3b454-default-rtdb.europe-west1.firebasedatabase.app\",\"storageBucket\":\"actualbackend-3b454.firebasestorage.app\"}","GCLOUD_PROJECT":"actualbackend-3b454","EVENTARC_CLOUD_EVENT_SOURCE":"projects/actualbackend-3b454/locations/us-central1/services/getClinicStaffPublic","FUNCTION_TARGET":"getClinicStaffPublic","LOG_EXECUTION_ID":"true","FUNCTION_SIGNATURE_TYPE":"http"},"maxInstanceCount":10,"ingressSettings":"ALLOW_ALL","uri":"https://getclinicstaffpublic-cqj5vybxha-uc.a.run.app","serviceAccountEmail":"491793307002-compute@developer.gserviceaccount.com","availableMemory":"256Mi","allTrafficOnLatestRevision":true,"revision":"getclinicstaffpublic-00013-cat","maxInstanceRequestConcurrency":1,"availableCpu":"0.1666"},"state":"ACTIVE","updateTime":"2026-03-03T11:39:31.554537600Z","labels":{"deployment-tool":"cli-firebase","firebase-functions-codebase":"python_functions","firebase-functions-hash":"e5b42d5f304284a3d66d45887f56a36e9470ed68"},"environment":"GEN_2","url":"https://us-central1-actualbackend-3b454.cloudfunctions.net/getClinicStaffPublic","createTime":"2025-12-28T14:58:26.872122923Z","satisfiesPzi":true},{"name":"projects/actualbackend-3b454/locations/us-central1/functions/transcribe_audio","buildConfig":{"build":"projects/491793307002/locations/us-central1/builds/e52ddbfc-d142-4246-a18a-8c2cc49764cb","runtime":"python312","entryPoint":"transcribe_audio","source":{"storageSource":{"bucket":"gcf-v2-sources-491793307002-us-central1","object":"transcribe_audio/function-source.zip","generation":"1772537952479068"}},"environmentVariables":{"GOOGLE_NODE_RUN_SCRIPTS":""},"dockerRepository":"projects/actualbackend-3b454/locations/us-central1/repositories/gcf-artifacts","sourceProvenance":{"resolvedStorageSource":{"bucket":"gcf-v2-sources-491793307002-us-central1","object":"transcribe_audio/function-source.zip","generation":"1772537952479068"}},"dockerRegistry":"ARTIFACT_REGISTRY","serviceAccount":"projects/actualbackend-3b454/serviceAccounts/491793307002-compute@developer.gserviceaccount.com","automaticUpdatePolicy":{}},"serviceConfig":{"service":"projects/actualbackend-3b454/locations/us-central1/services/transcribe-audio","timeoutSeconds":60,"environmentVariables":{"BOOKING_CONFIRMATION_EMAIL_ENABLED":"true","BOOKING_CONFIRMATION_FROM_EMAIL":"Selma+ <booking@booking.selmaplus.tech>","BOOKING_CONFIRMATION_REPLY_TO_EMAIL":"","RESEND_API_KEY":"re_DE2YQdzb_NaRV2dczsNZmRCkDc4GYCNMJ","RESEND_API_BASE":"https://api.resend.com","FIREBASE_CONFIG":"{\"projectId\":\"actualbackend-3b454\",\"databaseURL\":\"https://actualbackend-3b454-default-rtdb.europe-west1.firebasedatabase.app\",\"storageBucket\":\"actualbackend-3b454.firebasestorage.app\"}","GCLOUD_PROJECT":"actualbackend-3b454","EVENTARC_CLOUD_EVENT_SOURCE":"projects/actualbackend-3b454/locations/us-central1/services/transcribe_audio","FUNCTION_TARGET":"transcribe_audio","LOG_EXECUTION_ID":"true","FUNCTION_SIGNATURE_TYPE":"http"},"maxInstanceCount":10,"ingressSettings":"ALLOW_ALL","uri":"https://transcribe-audio-cqj5vybxha-uc.a.run.app","serviceAccountEmail":"491793307002-compute@developer.gserviceaccount.com","availableMemory":"256Mi","allTrafficOnLatestRevision":true,"revision":"transcribe-audio-00017-guz","maxInstanceRequestConcurrency":1,"availableCpu":"0.1666"},"state":"ACTIVE","updateTime":"2026-03-03T11:39:31.726544919Z","labels":{"firebase-functions-codebase":"python_functions","firebase-functions-hash":"e5b42d5f304284a3d66d45887f56a36e9470ed68","deployment-tool":"cli-firebase"},"environment":"GEN_2","url":"https://us-central1-actualbackend-3b454.cloudfunctions.net/transcribe_audio","createTime":"2025-11-16T22:33:27.153150969Z","satisfiesPzi":true},{"name":"projects/actualbackend-3b454/locations/us-central1/functions/suggest_next_appointment","buildConfig":{"build":"projects/491793307002/locations/us-central1/builds/e52ddbfc-d142-4246-a18a-8c2cc49764cb","runtime":"python312","entryPoint":"suggest_next_appointment","source":{"storageSource":{"bucket":"gcf-v2-sources-491793307002-us-central1","object":"suggest_next_appointment/function-source.zip","generation":"1772537952476419"}},"environmentVariables":{"GOOGLE_NODE_RUN_SCRIPTS":""},"dockerRepository":"projects/actualbackend-3b454/locations/us-central1/repositories/gcf-artifacts","sourceProvenance":{"resolvedStorageSource":{"bucket":"gcf-v2-sources-491793307002-us-central1","object":"suggest_next_appointment/function-source.zip","generation":"1772537952476419"}},"dockerRegistry":"ARTIFACT_REGISTRY","serviceAccount":"projects/actualbackend-3b454/serviceAccounts/491793307002-compute@developer.gserviceaccount.com","automaticUpdatePolicy":{}},"serviceConfig":{"service":"projects/actualbackend-3b454/locations/us-central1/services/suggest-next-appointment","timeoutSeconds":60,"environmentVariables":{"BOOKING_CONFIRMATION_EMAIL_ENABLED":"true","BOOKING_CONFIRMATION_FROM_EMAIL":"Selma+ <booking@booking.selmaplus.tech>","BOOKING_CONFIRMATION_REPLY_TO_EMAIL":"","RESEND_API_KEY":"re_DE2YQdzb_NaRV2dczsNZmRCkDc4GYCNMJ","RESEND_API_BASE":"https://api.resend.com","FIREBASE_CONFIG":"{\"projectId\":\"actualbackend-3b454\",\"databaseURL\":\"https://actualbackend-3b454-default-rtdb.europe-west1.firebasedatabase.app\",\"storageBucket\":\"actualbackend-3b454.firebasestorage.app\"}","GCLOUD_PROJECT":"actualbackend-3b454","EVENTARC_CLOUD_EVENT_SOURCE":"projects/actualbackend-3b454/locations/us-central1/services/suggest_next_appointment","FUNCTION_TARGET":"suggest_next_appointment","LOG_EXECUTION_ID":"true","FUNCTION_SIGNATURE_TYPE":"http"},"maxInstanceCount":10,"ingressSettings":"ALLOW_ALL","uri":"https://suggest-next-appointment-cqj5vybxha-uc.a.run.app","serviceAccountEmail":"491793307002-compute@developer.gserviceaccount.com","availableMemory":"256Mi","allTrafficOnLatestRevision":true,"revision":"suggest-next-appointment-00011-red","maxInstanceRequestConcurrency":1,"availableCpu":"0.1666"},"state":"ACTIVE","updateTime":"2026-03-03T11:39:31.918942285Z","labels":{"firebase-functions-hash":"e5b42d5f304284a3d66d45887f56a36e9470ed68","deployment-tool":"cli-firebase","firebase-functions-codebase":"python_functions"},"environment":"GEN_2","url":"https://us-central1-actualbackend-3b454.cloudfunctions.net/suggest_next_appointment","createTime":"2025-12-18T07:32:31.268175864Z","satisfiesPzi":true},{"name":"projects/actualbackend-3b454/locations/us-central1/functions/summarize_journal","buildConfig":{"build":"projects/491793307002/locations/us-central1/builds/e52ddbfc-d142-4246-a18a-8c2cc49764cb","runtime":"python312","entryPoint":"summarize_journal","source":{"storageSource":{"bucket":"gcf-v2-sources-491793307002-us-central1","object":"summarize_journal/function-source.zip","generation":"1772537952477383"}},"environmentVariables":{"GOOGLE_NODE_RUN_SCRIPTS":""},"dockerRepository":"projects/actualbackend-3b454/locations/us-central1/repositories/gcf-artifacts","sourceProvenance":{"resolvedStorageSource":{"bucket":"gcf-v2-sources-491793307002-us-central1","object":"summarize_journal/function-source.zip","generation":"1772537952477383"}},"dockerRegistry":"ARTIFACT_REGISTRY","serviceAccount":"projects/actualbackend-3b454/serviceAccounts/491793307002-compute@developer.gserviceaccount.com","automaticUpdatePolicy":{}},"serviceConfig":{"service":"projects/actualbackend-3b454/locations/us-central1/services/summarize-journal","timeoutSeconds":60,"environmentVariables":{"BOOKING_CONFIRMATION_EMAIL_ENABLED":"true","BOOKING_CONFIRMATION_FROM_EMAIL":"Selma+ <booking@booking.selmaplus.tech>","BOOKING_CONFIRMATION_REPLY_TO_EMAIL":"","RESEND_API_KEY":"re_DE2YQdzb_NaRV2dczsNZmRCkDc4GYCNMJ","RESEND_API_BASE":"https://api.resend.com","FIREBASE_CONFIG":"{\"projectId\":\"actualbackend-3b454\",\"databaseURL\":\"https://actualbackend-3b454-default-rtdb.europe-west1.firebasedatabase.app\",\"storageBucket\":\"actualbackend-3b454.firebasestorage.app\"}","GCLOUD_PROJECT":"actualbackend-3b454","EVENTARC_CLOUD_EVENT_SOURCE":"projects/actualbackend-3b454/locations/us-central1/services/summarize_journal","FUNCTION_TARGET":"summarize_journal","LOG_EXECUTION_ID":"true","FUNCTION_SIGNATURE_TYPE":"http"},"maxInstanceCount":10,"ingressSettings":"ALLOW_ALL","uri":"https://summarize-journal-cqj5vybxha-uc.a.run.app","serviceAccountEmail":"491793307002-compute@developer.gserviceaccount.com","availableMemory":"256Mi","allTrafficOnLatestRevision":true,"revision":"summarize-journal-00016-voj","maxInstanceRequestConcurrency":1,"availableCpu":"0.1666"},"state":"ACTIVE","updateTime":"2026-03-03T11:39:31.259876133Z","labels":{"deployment-tool":"cli-firebase","firebase-functions-codebase":"python_functions","firebase-functions-hash":"e5b42d5f304284a3d66d45887f56a36e9470ed68"},"environment":"GEN_2","url":"https://us-central1-actualbackend-3b454.cloudfunctions.net/summarize_journal","createTime":"2025-12-17T22:34:56.291579944Z","satisfiesPzi":true},{"name":"projects/actualbackend-3b454/locations/us-central1/functions/createClientFromBooking","buildConfig":{"build":"projects/491793307002/locations/us-central1/builds/e52ddbfc-d142-4246-a18a-8c2cc49764cb","runtime":"python312","entryPoint":"createClientFromBooking","source":{"storageSource":{"bucket":"gcf-v2-sources-491793307002-us-central1","object":"createClientFromBooking/function-source.zip","generation":"1772537952507856"}},"environmentVariables":{"GOOGLE_NODE_RUN_SCRIPTS":""},"dockerRepository":"projects/actualbackend-3b454/locations/us-central1/repositories/gcf-artifacts","sourceProvenance":{"resolvedStorageSource":{"bucket":"gcf-v2-sources-491793307002-us-central1","object":"createClientFromBooking/function-source.zip","generation":"1772537952507856"}},"dockerRegistry":"ARTIFACT_REGISTRY","serviceAccount":"projects/actualbackend-3b454/serviceAccounts/491793307002-compute@developer.gserviceaccount.com","automaticUpdatePolicy":{}},"serviceConfig":{"service":"projects/actualbackend-3b454/locations/us-central1/services/createclientfrombooking","timeoutSeconds":60,"environmentVariables":{"BOOKING_CONFIRMATION_EMAIL_ENABLED":"true","BOOKING_CONFIRMATION_FROM_EMAIL":"Selma+ <booking@booking.selmaplus.tech>","BOOKING_CONFIRMATION_REPLY_TO_EMAIL":"","RESEND_API_KEY":"re_DE2YQdzb_NaRV2dczsNZmRCkDc4GYCNMJ","RESEND_API_BASE":"https://api.resend.com","FIREBASE_CONFIG":"{\"projectId\":\"actualbackend-3b454\",\"databaseURL\":\"https://actualbackend-3b454-default-rtdb.europe-west1.firebasedatabase.app\",\"storageBucket\":\"actualbackend-3b454.firebasestorage.app\"}","GCLOUD_PROJECT":"actualbackend-3b454","EVENTARC_CLOUD_EVENT_SOURCE":"projects/actualbackend-3b454/locations/us-central1/services/createClientFromBooking","FUNCTION_TARGET":"createClientFromBooking","LOG_EXECUTION_ID":"true","FUNCTION_SIGNATURE_TYPE":"http"},"maxInstanceCount":10,"ingressSettings":"ALLOW_ALL","uri":"https://createclientfrombooking-cqj5vybxha-uc.a.run.app","serviceAccountEmail":"491793307002-compute@developer.gserviceaccount.com","availableMemory":"256Mi","allTrafficOnLatestRevision":true,"revision":"createclientfrombooking-00006-hep","maxInstanceRequestConcurrency":1,"availableCpu":"0.1666"},"state":"ACTIVE","updateTime":"2026-03-03T11:39:31.735155292Z","labels":{"firebase-functions-codebase":"python_functions","firebase-functions-hash":"e5b42d5f304284a3d66d45887f56a36e9470ed68","deployment-tool":"cli-firebase"},"environment":"GEN_2","url":"https://us-central1-actualbackend-3b454.cloudfunctions.net/createClientFromBooking","createTime":"2026-02-02T20:10:09.269992739Z","satisfiesPzi":true},{"name":"projects/actualbackend-3b454/locations/us-central1/functions/publicGetServices","buildConfig":{"build":"projects/491793307002/locations/us-central1/builds/e52ddbfc-d142-4246-a18a-8c2cc49764cb","runtime":"python312","entryPoint":"publicGetServices","source":{"storageSource":{"bucket":"gcf-v2-sources-491793307002-us-central1","object":"publicGetServices/function-source.zip","generation":"1772537952467118"}},"environmentVariables":{"GOOGLE_NODE_RUN_SCRIPTS":""},"dockerRepository":"projects/actualbackend-3b454/locations/us-central1/repositories/gcf-artifacts","sourceProvenance":{"resolvedStorageSource":{"bucket":"gcf-v2-sources-491793307002-us-central1","object":"publicGetServices/function-source.zip","generation":"1772537952467118"}},"dockerRegistry":"ARTIFACT_REGISTRY","serviceAccount":"projects/actualbackend-3b454/serviceAccounts/491793307002-compute@developer.gserviceaccount.com","automaticUpdatePolicy":{}},"serviceConfig":{"service":"projects/actualbackend-3b454/locations/us-central1/services/publicgetservices","timeoutSeconds":60,"environmentVariables":{"BOOKING_CONFIRMATION_EMAIL_ENABLED":"true","BOOKING_CONFIRMATION_FROM_EMAIL":"Selma+ <booking@booking.selmaplus.tech>","BOOKING_CONFIRMATION_REPLY_TO_EMAIL":"","RESEND_API_KEY":"re_DE2YQdzb_NaRV2dczsNZmRCkDc4GYCNMJ","RESEND_API_BASE":"https://api.resend.com","FIREBASE_CONFIG":"{\"projectId\":\"actualbackend-3b454\",\"databaseURL\":\"https://actualbackend-3b454-default-rtdb.europe-west1.firebasedatabase.app\",\"storageBucket\":\"actualbackend-3b454.firebasestorage.app\"}","GCLOUD_PROJECT":"actualbackend-3b454","EVENTARC_CLOUD_EVENT_SOURCE":"projects/actualbackend-3b454/locations/us-central1/services/publicGetServices","FUNCTION_TARGET":"publicGetServices","LOG_EXECUTION_ID":"true","FUNCTION_SIGNATURE_TYPE":"http"},"maxInstanceCount":10,"ingressSettings":"ALLOW_ALL","uri":"https://publicgetservices-cqj5vybxha-uc.a.run.app","serviceAccountEmail":"491793307002-compute@developer.gserviceaccount.com","availableMemory":"256Mi","allTrafficOnLatestRevision":true,"revision":"publicgetservices-00007-fad","maxInstanceRequestConcurrency":1,"availableCpu":"0.1666"},"state":"ACTIVE","updateTime":"2026-03-03T11:39:32.465471584Z","labels":{"firebase-functions-hash":"e5b42d5f304284a3d66d45887f56a36e9470ed68","deployment-tool":"cli-firebase","firebase-functions-codebase":"python_functions"},"environment":"GEN_2","url":"https://us-central1-actualbackend-3b454.cloudfunctions.net/publicGetServices","createTime":"2026-01-06T10:42:29.624371763Z","satisfiesPzi":true},{"name":"projects/actualbackend-3b454/locations/us-central1/functions/getClinicServicesPublic","buildConfig":{"build":"projects/491793307002/locations/us-central1/builds/e52ddbfc-d142-4246-a18a-8c2cc49764cb","runtime":"python312","entryPoint":"getClinicServicesPublic","source":{"storageSource":{"bucket":"gcf-v2-sources-491793307002-us-central1","object":"getClinicServicesPublic/function-source.zip","generation":"1772537952441649"}},"environmentVariables":{"GOOGLE_NODE_RUN_SCRIPTS":""},"dockerRepository":"projects/actualbackend-3b454/locations/us-central1/repositories/gcf-artifacts","sourceProvenance":{"resolvedStorageSource":{"bucket":"gcf-v2-sources-491793307002-us-central1","object":"getClinicServicesPublic/function-source.zip","generation":"1772537952441649"}},"dockerRegistry":"ARTIFACT_REGISTRY","serviceAccount":"projects/actualbackend-3b454/serviceAccounts/491793307002-compute@developer.gserviceaccount.com","automaticUpdatePolicy":{}},"serviceConfig":{"service":"projects/actualbackend-3b454/locations/us-central1/services/getclinicservicespublic","timeoutSeconds":60,"environmentVariables":{"BOOKING_CONFIRMATION_EMAIL_ENABLED":"true","BOOKING_CONFIRMATION_FROM_EMAIL":"Selma+ <booking@booking.selmaplus.tech>","BOOKING_CONFIRMATION_REPLY_TO_EMAIL":"","RESEND_API_KEY":"re_DE2YQdzb_NaRV2dczsNZmRCkDc4GYCNMJ","RESEND_API_BASE":"https://api.resend.com","FIREBASE_CONFIG":"{\"projectId\":\"actualbackend-3b454\",\"databaseURL\":\"https://actualbackend-3b454-default-rtdb.europe-west1.firebasedatabase.app\",\"storageBucket\":\"actualbackend-3b454.firebasestorage.app\"}","GCLOUD_PROJECT":"actualbackend-3b454","EVENTARC_CLOUD_EVENT_SOURCE":"projects/actualbackend-3b454/locations/us-central1/services/getClinicServicesPublic","FUNCTION_TARGET":"getClinicServicesPublic","LOG_EXECUTION_ID":"true","FUNCTION_SIGNATURE_TYPE":"http"},"maxInstanceCount":10,"ingressSettings":"ALLOW_ALL","uri":"https://getclinicservicespublic-cqj5vybxha-uc.a.run.app","serviceAccountEmail":"491793307002-compute@developer.gserviceaccount.com","availableMemory":"256Mi","allTrafficOnLatestRevision":true,"revision":"getclinicservicespublic-00007-hoc","maxInstanceRequestConcurrency":1,"availableCpu":"0.1666"},"state":"ACTIVE","updateTime":"2026-03-03T11:39:32.016307282Z","labels":{"firebase-functions-hash":"e5b42d5f304284a3d66d45887f56a36e9470ed68","deployment-tool":"cli-firebase","firebase-functions-codebase":"python_functions"},"environment":"GEN_2","url":"https://us-central1-actualbackend-3b454.cloudfunctions.net/getClinicServicesPublic","createTime":"2026-01-06T10:18:45.404135689Z","satisfiesPzi":true},{"name":"projects/actualbackend-3b454/locations/us-central1/functions/api","buildConfig":{"build":"projects/491793307002/locations/us-central1/builds/e52ddbfc-d142-4246-a18a-8c2cc49764cb","runtime":"python312","entryPoint":"api","source":{"storageSource":{"bucket":"gcf-v2-sources-491793307002-us-central1","object":"api/function-source.zip","generation":"1772537952468489"}},"environmentVariables":{"GOOGLE_NODE_RUN_SCRIPTS":""},"dockerRepository":"projects/actualbackend-3b454/locations/us-central1/repositories/gcf-artifacts","sourceProvenance":{"resolvedStorageSource":{"bucket":"gcf-v2-sources-491793307002-us-central1","object":"api/function-source.zip","generation":"1772537952468489"}},"dockerRegistry":"ARTIFACT_REGISTRY","serviceAccount":"projects/actualbackend-3b454/serviceAccounts/491793307002-compute@developer.gserviceaccount.com","automaticUpdatePolicy":{}},"serviceConfig":{"service":"projects/actualbackend-3b454/locations/us-central1/services/api","timeoutSeconds":60,"environmentVariables":{"BOOKING_CONFIRMATION_EMAIL_ENABLED":"true","BOOKING_CONFIRMATION_FROM_EMAIL":"Selma+ <booking@booking.selmaplus.tech>","BOOKING_CONFIRMATION_REPLY_TO_EMAIL":"","RESEND_API_KEY":"re_DE2YQdzb_NaRV2dczsNZmRCkDc4GYCNMJ","RESEND_API_BASE":"https://api.resend.com","FIREBASE_CONFIG":"{\"projectId\":\"actualbackend-3b454\",\"databaseURL\":\"https://actualbackend-3b454-default-rtdb.europe-west1.firebasedatabase.app\",\"storageBucket\":\"actualbackend-3b454.firebasestorage.app\"}","GCLOUD_PROJECT":"actualbackend-3b454","EVENTARC_CLOUD_EVENT_SOURCE":"projects/actualbackend-3b454/locations/us-central1/services/api","FUNCTION_TARGET":"api","LOG_EXECUTION_ID":"true","FUNCTION_SIGNATURE_TYPE":"http"},"maxInstanceCount":10,"ingressSettings":"ALLOW_ALL","uri":"https://api-cqj5vybxha-uc.a.run.app","serviceAccountEmail":"491793307002-compute@developer.gserviceaccount.com","availableMemory":"256Mi","allTrafficOnLatestRevision":true,"revision":"api-00005-dih","maxInstanceRequestConcurrency":1,"availableCpu":"0.1666"},"state":"ACTIVE","updateTime":"2026-03-03T11:39:31.322990278Z","labels":{"firebase-functions-hash":"e5b42d5f304284a3d66d45887f56a36e9470ed68","deployment-tool":"cli-firebase","firebase-functions-codebase":"python_functions"},"environment":"GEN_2","url":"https://us-central1-actualbackend-3b454.cloudfunctions.net/api","createTime":"2026-02-03T14:15:58.726484825Z","satisfiesPzi":true},{"name":"projects/actualbackend-3b454/locations/us-central1/functions/publicBookAppointment","buildConfig":{"build":"projects/491793307002/locations/us-central1/builds/e52ddbfc-d142-4246-a18a-8c2cc49764cb","runtime":"python312","entryPoint":"publicBookAppointment","source":{"storageSource":{"bucket":"gcf-v2-sources-491793307002-us-central1","object":"publicBookAppointment/function-source.zip","generation":"1772537952467639"}},"environmentVariables":{"GOOGLE_NODE_RUN_SCRIPTS":""},"dockerRepository":"projects/actualbackend-3b454/locations/us-central1/repositories/gcf-artifacts","sourceProvenance":{"resolvedStorageSource":{"bucket":"gcf-v2-sources-491793307002-us-central1","object":"publicBookAppointment/function-source.zip","generation":"1772537952467639"}},"dockerRegistry":"ARTIFACT_REGISTRY","serviceAccount":"projects/actualbackend-3b454/serviceAccounts/491793307002-compute@developer.gserviceaccount.com","automaticUpdatePolicy":{}},"serviceConfig":{"service":"projects/actualbackend-3b454/locations/us-central1/services/publicbookappointment","timeoutSeconds":60,"environmentVariables":{"BOOKING_CONFIRMATION_EMAIL_ENABLED":"true","BOOKING_CONFIRMATION_FROM_EMAIL":"Selma+ <booking@booking.selmaplus.tech>","BOOKING_CONFIRMATION_REPLY_TO_EMAIL":"","RESEND_API_KEY":"re_DE2YQdzb_NaRV2dczsNZmRCkDc4GYCNMJ","RESEND_API_BASE":"https://api.resend.com","FIREBASE_CONFIG":"{\"projectId\":\"actualbackend-3b454\",\"databaseURL\":\"https://actualbackend-3b454-default-rtdb.europe-west1.firebasedatabase.app\",\"storageBucket\":\"actualbackend-3b454.firebasestorage.app\"}","GCLOUD_PROJECT":"actualbackend-3b454","EVENTARC_CLOUD_EVENT_SOURCE":"projects/actualbackend-3b454/locations/us-central1/services/publicBookAppointment","FUNCTION_TARGET":"publicBookAppointment","LOG_EXECUTION_ID":"true","FUNCTION_SIGNATURE_TYPE":"http"},"maxInstanceCount":10,"ingressSettings":"ALLOW_ALL","uri":"https://publicbookappointment-cqj5vybxha-uc.a.run.app","serviceAccountEmail":"491793307002-compute@developer.gserviceaccount.com","availableMemory":"256Mi","allTrafficOnLatestRevision":true,"revision":"publicbookappointment-00015-ham","maxInstanceRequestConcurrency":1,"availableCpu":"0.1666"},"state":"ACTIVE","updateTime":"2026-03-03T11:39:32.248223231Z","labels":{"firebase-functions-hash":"e5b42d5f304284a3d66d45887f56a36e9470ed68","deployment-tool":"cli-firebase","firebase-functions-codebase":"python_functions"},"environment":"GEN_2","url":"https://us-central1-actualbackend-3b454.cloudfunctions.net/publicBookAppointment","createTime":"2025-12-28T14:58:26.888347279Z","satisfiesPzi":true},{"name":"projects/actualbackend-3b454/locations/us-central1/functions/agent_chat","buildConfig":{"build":"projects/491793307002/locations/us-central1/builds/e52ddbfc-d142-4246-a18a-8c2cc49764cb","runtime":"python312","entryPoint":"agent_chat","source":{"storageSource":{"bucket":"gcf-v2-sources-491793307002-us-central1","object":"agent_chat/function-source.zip","generation":"1772537875207042"}},"environmentVariables":{"GOOGLE_NODE_RUN_SCRIPTS":""},"dockerRepository":"projects/actualbackend-3b454/locations/us-central1/repositories/gcf-artifacts","sourceProvenance":{"resolvedStorageSource":{"bucket":"gcf-v2-sources-491793307002-us-central1","object":"agent_chat/function-source.zip","generation":"1772537875207042"}},"dockerRegistry":"ARTIFACT_REGISTRY","serviceAccount":"projects/actualbackend-3b454/serviceAccounts/491793307002-compute@developer.gserviceaccount.com","automaticUpdatePolicy":{}},"serviceConfig":{"service":"projects/actualbackend-3b454/locations/us-central1/services/agent-chat","timeoutSeconds":60,"environmentVariables":{"BOOKING_CONFIRMATION_EMAIL_ENABLED":"true","BOOKING_CONFIRMATION_FROM_EMAIL":"Selma+ <booking@booking.selmaplus.tech>","BOOKING_CONFIRMATION_REPLY_TO_EMAIL":"","RESEND_API_KEY":"re_DE2YQdzb_NaRV2dczsNZmRCkDc4GYCNMJ","RESEND_API_BASE":"https://api.resend.com","FIREBASE_CONFIG":"{\"projectId\":\"actualbackend-3b454\",\"databaseURL\":\"https://actualbackend-3b454-default-rtdb.europe-west1.firebasedatabase.app\",\"storageBucket\":\"actualbackend-3b454.firebasestorage.app\"}","GCLOUD_PROJECT":"actualbackend-3b454","EVENTARC_CLOUD_EVENT_SOURCE":"projects/actualbackend-3b454/locations/us-central1/services/agent_chat","FUNCTION_TARGET":"agent_chat","LOG_EXECUTION_ID":"true"},"maxInstanceCount":10,"ingressSettings":"ALLOW_ALL","uri":"https://agent-chat-cqj5vybxha-uc.a.run.app","serviceAccountEmail":"491793307002-compute@developer.gserviceaccount.com","availableMemory":"256Mi","allTrafficOnLatestRevision":true,"revision":"agent-chat-00012-don","maxInstanceRequestConcurrency":1,"availableCpu":"0.1666"},"state":"ACTIVE","updateTime":"2026-03-03T11:39:10.390821679Z","labels":{"deployment-tool":"cli-firebase","firebase-functions-codebase":"python_functions","firebase-functions-hash":"e5b42d5f304284a3d66d45887f56a36e9470ed68"},"environment":"GEN_2","url":"https://us-central1-actualbackend-3b454.cloudfunctions.net/agent_chat","createTime":"2025-12-18T10:07:58.450241518Z","satisfiesPzi":true}]}
[debug] [2026-03-04T20:45:51.075Z] Checked if tokens are valid: true, expires at: 1772660740506
[debug] [2026-03-04T20:45:51.075Z] Checked if tokens are valid: true, expires at: 1772660740506
[debug] [2026-03-04T20:45:51.075Z] >>> [apiv2][query] PATCH https://firebasehosting.googleapis.com/v1beta1/projects/-/sites/actualbackend-3b454/versions/76ff3a90d4b14906 updateMask=status%2Cconfig
[debug] [2026-03-04T20:45:51.075Z] >>> [apiv2][body] PATCH https://firebasehosting.googleapis.com/v1beta1/projects/-/sites/actualbackend-3b454/versions/76ff3a90d4b14906 {"status":"FINALIZED","config":{"rewrites":[{"glob":"/api/corti/**","run":{"serviceId":"actualbackend-api","region":"us-central1"}},{"glob":"/ws/corti/**","run":{"serviceId":"actualbackend-api","region":"us-central1"}},{"glob":"/api/**","run":{"serviceId":"actualbackend-api","region":"us-central1"}},{"glob":"/ws/**","run":{"serviceId":"actualbackend-api","region":"us-central1"}},{"glob":"**","path":"/index.html"}]}}
[debug] [2026-03-04T20:45:53.382Z] <<< [apiv2][status] PATCH https://firebasehosting.googleapis.com/v1beta1/projects/-/sites/actualbackend-3b454/versions/76ff3a90d4b14906 200
[debug] [2026-03-04T20:45:53.382Z] <<< [apiv2][body] PATCH https://firebasehosting.googleapis.com/v1beta1/projects/-/sites/actualbackend-3b454/versions/76ff3a90d4b14906 {"name":"projects/491793307002/sites/actualbackend-3b454/versions/76ff3a90d4b14906","status":"FINALIZED","config":{"rewrites":[{"glob":"/api/corti/**","run":{"serviceId":"actualbackend-api","region":"us-central1"}},{"glob":"/ws/corti/**","run":{"serviceId":"actualbackend-api","region":"us-central1"}},{"glob":"/api/**","run":{"serviceId":"actualbackend-api","region":"us-central1"}},{"glob":"/ws/**","run":{"serviceId":"actualbackend-api","region":"us-central1"}},{"glob":"**","path":"/index.html"}]},"labels":{"deployment-tool":"cli-firebase"},"createTime":"2026-03-04T20:45:43.405125Z","createUser":{"email":"jona223j@gmail.com"},"finalizeTime":"2026-03-04T20:45:53.316448Z","finalizeUser":{"email":"jona223j@gmail.com"}}
[debug] [2026-03-04T20:45:53.382Z] [hosting] finalized version for actualbackend-3b454:[object Object]
[info] ✔  hosting[actualbackend-3b454]: version finalized 
[info] i  hosting[actualbackend-3b454]: releasing new version... 
[debug] [2026-03-04T20:45:53.383Z] Checked if tokens are valid: true, expires at: 1772660740506
[debug] [2026-03-04T20:45:53.383Z] Checked if tokens are valid: true, expires at: 1772660740506
[debug] [2026-03-04T20:45:53.383Z] >>> [apiv2][query] POST https://firebasehosting.googleapis.com/v1beta1/projects/-/sites/actualbackend-3b454/channels/live/releases versionName=projects%2F491793307002%2Fsites%2Factualbackend-3b454%2Fversions%2F76ff3a90d4b14906
[debug] [2026-03-04T20:45:53.383Z] >>> [apiv2][body] POST https://firebasehosting.googleapis.com/v1beta1/projects/-/sites/actualbackend-3b454/channels/live/releases {}
[debug] [2026-03-04T20:45:55.585Z] <<< [apiv2][status] POST https://firebasehosting.googleapis.com/v1beta1/projects/-/sites/actualbackend-3b454/channels/live/releases 200
[debug] [2026-03-04T20:45:55.586Z] <<< [apiv2][body] POST https://firebasehosting.googleapis.com/v1beta1/projects/-/sites/actualbackend-3b454/channels/live/releases {"name":"projects/491793307002/sites/actualbackend-3b454/channels/live/releases/1772657154529000","version":{"name":"projects/491793307002/sites/actualbackend-3b454/versions/76ff3a90d4b14906","status":"FINALIZED","config":{"rewrites":[{"glob":"/api/corti/**","run":{"serviceId":"actualbackend-api","region":"us-central1"}},{"glob":"/ws/corti/**","run":{"serviceId":"actualbackend-api","region":"us-central1"}},{"glob":"/api/**","run":{"serviceId":"actualbackend-api","region":"us-central1"}},{"glob":"/ws/**","run":{"serviceId":"actualbackend-api","region":"us-central1"}},{"glob":"**","path":"/index.html"}]},"labels":{"deployment-tool":"cli-firebase"},"createTime":"2026-03-04T20:45:43.405125Z","createUser":{"email":"jona223j@gmail.com","imageUrl":"https://lh3.googleusercontent.com/a/ACg8ocLXu-GSlMQGsLeSp7YZi3J9YcWy-U4_QU-Cn-bxsJhFS6GQ=mo"},"finalizeTime":"2026-03-04T20:45:53.316448Z","finalizeUser":{"email":"jona223j@gmail.com","imageUrl":"https://lh3.googleusercontent.com/a/ACg8ocLXu-GSlMQGsLeSp7YZi3J9YcWy-U4_QU-Cn-bxsJhFS6GQ=mo"}},"type":"DEPLOY","releaseTime":"2026-03-04T20:45:54.529Z","releaseUser":{"email":"jona223j@gmail.com","imageUrl":"https://lh3.googleusercontent.com/a/ACg8ocLXu-GSlMQGsLeSp7YZi3J9YcWy-U4_QU-Cn-bxsJhFS6GQ=mo"}}
[debug] [2026-03-04T20:45:55.586Z] [hosting] release: {"name":"projects/491793307002/sites/actualbackend-3b454/channels/live/releases/1772657154529000","version":{"name":"projects/491793307002/sites/actualbackend-3b454/versions/76ff3a90d4b14906","status":"FINALIZED","config":{"rewrites":[{"glob":"/api/corti/**","run":{"serviceId":"actualbackend-api","region":"us-central1"}},{"glob":"/ws/corti/**","run":{"serviceId":"actualbackend-api","region":"us-central1"}},{"glob":"/api/**","run":{"serviceId":"actualbackend-api","region":"us-central1"}},{"glob":"/ws/**","run":{"serviceId":"actualbackend-api","region":"us-central1"}},{"glob":"**","path":"/index.html"}]},"labels":{"deployment-tool":"cli-firebase"},"createTime":"2026-03-04T20:45:43.405125Z","createUser":{"email":"jona223j@gmail.com","imageUrl":"https://lh3.googleusercontent.com/a/ACg8ocLXu-GSlMQGsLeSp7YZi3J9YcWy-U4_QU-Cn-bxsJhFS6GQ=mo"},"finalizeTime":"2026-03-04T20:45:53.316448Z","finalizeUser":{"email":"jona223j@gmail.com","imageUrl":"https://lh3.googleusercontent.com/a/ACg8ocLXu-GSlMQGsLeSp7YZi3J9YcWy-U4_QU-Cn-bxsJhFS6GQ=mo"}},"type":"DEPLOY","releaseTime":"2026-03-04T20:45:54.529Z","releaseUser":{"email":"jona223j@gmail.com","imageUrl":"https://lh3.googleusercontent.com/a/ACg8ocLXu-GSlMQGsLeSp7YZi3J9YcWy-U4_QU-Cn-bxsJhFS6GQ=mo"}}
[info] ✔  hosting[actualbackend-3b454]: release complete 
[info] 
[info] ✔  Deploy complete! 
[info] 
[info] Project Console: https://console.firebase.google.com/project/actualbackend-3b454/overview
[info] Hosting URL: https://actualbackend-3b454.web.app
[debug] [2026-03-04T21:11:50.787Z] ----------------------------------------------------------------------
[debug] [2026-03-04T21:11:50.788Z] Command:       /opt/homebrew/Cellar/node/25.6.0/bin/node /Users/jonasyaich/.npm/_npx/ba4f1959e38407b5/node_modules/.bin/firebase deploy --only hosting
[debug] [2026-03-04T21:11:50.789Z] CLI Version:   15.8.0
[debug] [2026-03-04T21:11:50.789Z] Platform:      darwin
[debug] [2026-03-04T21:11:50.789Z] Node Version:  v25.6.0
[debug] [2026-03-04T21:11:50.789Z] Time:          Wed Mar 04 2026 22:11:50 GMT+0100 (Central European Standard Time)
[debug] [2026-03-04T21:11:50.789Z] ----------------------------------------------------------------------
[debug] 
[debug] [2026-03-04T21:11:51.839Z] > command requires scopes: ["email","openid","https://www.googleapis.com/auth/cloudplatformprojects.readonly","https://www.googleapis.com/auth/firebase","https://www.googleapis.com/auth/cloud-platform"]
[debug] [2026-03-04T21:11:51.840Z] > authorizing via signed-in user (jona223j@gmail.com)
[debug] [2026-03-04T21:11:51.840Z] [iam] checking project actualbackend-3b454 for permissions ["firebase.projects.get","firebasehosting.sites.update"]
[debug] [2026-03-04T21:11:51.841Z] Checked if tokens are valid: true, expires at: 1772660740506
[debug] [2026-03-04T21:11:51.841Z] Checked if tokens are valid: true, expires at: 1772660740506
[debug] [2026-03-04T21:11:51.842Z] >>> [apiv2][query] POST https://cloudresourcemanager.googleapis.com/v1/projects/actualbackend-3b454:testIamPermissions [none]
[debug] [2026-03-04T21:11:51.842Z] >>> [apiv2][(partial)header] POST https://cloudresourcemanager.googleapis.com/v1/projects/actualbackend-3b454:testIamPermissions  x-goog-user-project=actualbackend-3b454
[debug] [2026-03-04T21:11:51.842Z] >>> [apiv2][body] POST https://cloudresourcemanager.googleapis.com/v1/projects/actualbackend-3b454:testIamPermissions {"permissions":["firebase.projects.get","firebasehosting.sites.update"]}
[debug] [2026-03-04T21:11:52.742Z] <<< [apiv2][status] POST https://cloudresourcemanager.googleapis.com/v1/projects/actualbackend-3b454:testIamPermissions 200
[debug] [2026-03-04T21:11:52.742Z] <<< [apiv2][body] POST https://cloudresourcemanager.googleapis.com/v1/projects/actualbackend-3b454:testIamPermissions {"permissions":["firebase.projects.get","firebasehosting.sites.update"]}
[debug] [2026-03-04T21:11:52.743Z] Checked if tokens are valid: true, expires at: 1772660740506
[debug] [2026-03-04T21:11:52.743Z] Checked if tokens are valid: true, expires at: 1772660740506
[debug] [2026-03-04T21:11:52.743Z] >>> [apiv2][query] GET https://firebase.googleapis.com/v1beta1/projects/actualbackend-3b454 [none]
[debug] [2026-03-04T21:11:53.308Z] <<< [apiv2][status] GET https://firebase.googleapis.com/v1beta1/projects/actualbackend-3b454 200
[debug] [2026-03-04T21:11:53.309Z] <<< [apiv2][body] GET https://firebase.googleapis.com/v1beta1/projects/actualbackend-3b454 {"projectId":"actualbackend-3b454","projectNumber":"491793307002","displayName":"actualbackend","name":"projects/actualbackend-3b454","resources":{"hostingSite":"actualbackend-3b454","realtimeDatabaseInstance":"actualbackend-3b454-default-rtdb"},"state":"ACTIVE","etag":"1_63b84acb-4b65-4cb2-9484-4807c31e764b"}
[info] 
[info] === Deploying to 'actualbackend-3b454'...
[info] 
[info] i  deploying hosting 
[debug] [2026-03-04T21:11:53.316Z] Checked if tokens are valid: true, expires at: 1772660740506
[debug] [2026-03-04T21:11:53.317Z] Checked if tokens are valid: true, expires at: 1772660740506
[debug] [2026-03-04T21:11:53.317Z] >>> [apiv2][query] POST https://firebasehosting.googleapis.com/v1beta1/projects/-/sites/actualbackend-3b454/versions [none]
[debug] [2026-03-04T21:11:53.317Z] >>> [apiv2][body] POST https://firebasehosting.googleapis.com/v1beta1/projects/-/sites/actualbackend-3b454/versions {"status":"CREATED","labels":{"deployment-tool":"cli-firebase"}}
[debug] [2026-03-04T21:11:57.744Z] <<< [apiv2][status] POST https://firebasehosting.googleapis.com/v1beta1/projects/-/sites/actualbackend-3b454/versions 200
[debug] [2026-03-04T21:11:57.745Z] <<< [apiv2][body] POST https://firebasehosting.googleapis.com/v1beta1/projects/-/sites/actualbackend-3b454/versions {"name":"projects/491793307002/sites/actualbackend-3b454/versions/7f2ae5b22b79c73b","status":"CREATED","config":{},"labels":{"deployment-tool":"cli-firebase"}}
[info] i  hosting[actualbackend-3b454]: beginning deploy... 
[info] i  hosting[actualbackend-3b454]: found 160 files in build 
[debug] [2026-03-04T21:11:57.768Z] [hosting] uploading with 200 concurrency
[debug] [2026-03-04T21:11:58.249Z] Checked if tokens are valid: true, expires at: 1772660740506
[debug] [2026-03-04T21:11:58.249Z] Checked if tokens are valid: true, expires at: 1772660740506
[debug] [2026-03-04T21:11:58.250Z] [hosting] hash cache [YnVpbGQ] stored for 160 files
[debug] [2026-03-04T21:11:58.250Z] [hosting][hash queue][FINAL] {"max":478,"min":18,"avg":38.825,"active":0,"complete":160,"success":160,"errored":0,"retried":0,"total":160,"elapsed":480}
[debug] [2026-03-04T21:11:58.250Z] >>> [apiv2][query] POST https://firebasehosting.googleapis.com/v1beta1/projects/491793307002/sites/actualbackend-3b454/versions/7f2ae5b22b79c73b:populateFiles [none]
[debug] [2026-03-04T21:11:58.251Z] >>> [apiv2][body] POST https://firebasehosting.googleapis.com/v1beta1/projects/491793307002/sites/actualbackend-3b454/versions/7f2ae5b22b79c73b:populateFiles {"files":{"/robots.txt":"391d14b3c2f8c9143a27a28c7399585142228d4d1bdbe2c87ac946de411fa9a2","/manifest.json":"af4c60dfde4694552dbdd63592ddc540a3be2c5b5c4fca387ae80d45c3ce530e","/index.html":"6013b7158ea88192bdc5bad4d33aa5f1cb48b6a6d1382b3efedf88602f9eea60","/static/js/main.81f76776.js.LICENSE.txt":"1b4d627902473c9cc92dbcdb7c9e9e6747b03e557e7252c7443694cac34beadc","/logo192.png":"4395bc4a7245fe22bfcbd5e44ed7fbb2b7e43d923da872b731c7411533a5f4d8","/asset-manifest.json":"761b6097b3ea7b4bdf8b0da50d48d4083b518e115410609fdef8ec6e75b8d57a","/logo512.png":"64aabb146fe7b27bc6f1501e9770db37a3e76e15ae9714cc37953f6c41efc80a","/static/js/996.0fea2cb8.chunk.js.LICENSE.txt":"15e2d48aa7cb934f45a93392e9882770f25beb22f98ac210b1eb942ff30a4917","/static/js/99.0341e4d8.chunk.js.LICENSE.txt":"26f01abe96e2f2c8007d52aa1a5d66293132cc4ff5196720586e069a1659c52f","/static/js/996.0fea2cb8.chunk.js":"f3e78d74b2f56483298885de02b135ef4d8a0bc63177a053efb7e5748529840c","/static/js/996.0fea2cb8.chunk.js.map":"c2cad5dcd24d7d36bdc6a9ca06e562a218f0558d91e821e72e44c7199b2102d3","/static/js/98.c1c7134a.chunk.js.map":"d1427166b09e7379107d669bbc4fa7a4f13a3e42ae792ddd00e0d732e363a653","/static/js/98.c1c7134a.chunk.js.LICENSE.txt":"15e2d48aa7cb934f45a93392e9882770f25beb22f98ac210b1eb942ff30a4917","/static/js/98.c1c7134a.chunk.js":"9391aa02f6f40d45ae2b78447cb4e104be0b678abc20e0dae25af055318bc5ec","/static/js/943.1590b78c.chunk.js.LICENSE.txt":"15e2d48aa7cb934f45a93392e9882770f25beb22f98ac210b1eb942ff30a4917","/static/js/943.1590b78c.chunk.js.map":"7fe8cd18fecd5655ed1403517cf8832f6655ac18f89373250d662dc06731f241","/static/js/943.1590b78c.chunk.js":"211536a4673704797c0c6403656541f6e061cd61945859fe33cd945b8493f0fa","/static/js/907.27deefa2.chunk.js":"b133f1d37b7f9d1ba0e2abecebafbde1dc70d73673b3ab5e47289814103c0754","/static/js/890.2ada8c02.chunk.js.LICENSE.txt":"00ef89c487faa38ca54c1241c5e06e148a24c3b4b3549007273a145957ad125e","/static/js/847.59742d32.chunk.js.LICENSE.txt":"15e2d48aa7cb934f45a93392e9882770f25beb22f98ac210b1eb942ff30a4917","/static/js/807.0e598e3d.chunk.js.map":"6284f146eeaf00ee0bf4228dc6fba338011ea2a6b38dd9b1e7f088cd975dd3c4","/static/js/807.0e598e3d.chunk.js":"614bd86bb940c98edab4aeeaa3e68d8e6f498d4902e5cd0a50f6a17227da69f9","/static/js/787.82a750a2.chunk.js":"a4804bf00766fef9b8cf08494b1797a9f1c5347ead4d0e464ebaeb4629c47592","/static/js/787.82a750a2.chunk.js.LICENSE.txt":"15e2d48aa7cb934f45a93392e9882770f25beb22f98ac210b1eb942ff30a4917","/static/js/787.82a750a2.chunk.js.map":"8d55470f539f4cb3a729fc57a74e9b9829644f373815a51d2ff72b646e31fa57","/static/js/726.63e0b181.chunk.js.map":"e77e883dd09c29424c2a5f20c45c648bb309b1b3ba149d6fa8d996e66874b2b9","/static/js/726.63e0b181.chunk.js":"aebc4e2fd6a9b07fb63ff97cce14e2beea06412612a4fffb4c3553e07fd4463e","/static/js/688.454f7f32.chunk.js":"e9382c633dd02d401be1f16d2c4208aba4123d6faed3a1caa3e1a5f6508c5240","/static/js/688.454f7f32.chunk.js.map":"4e2178812c7d47a04d9359016c254ff1281c6895da880565c95bde11b05db010","/static/js/736.ba530f14.chunk.js":"f60edb9db2ade838ad2f202628fd6e2190091866268c2cc403070af289c2614c","/static/js/678.78a4a591.chunk.js.map":"16e64cc35b7ba59b15531be1cbae0460a5b4bd61a65a1a6fe8c8266357ca2aea","/static/js/678.78a4a591.chunk.js":"43c2a87a21d367d01ccb70147fe09f51a974fcb478aad9a5ae81065960a981d6","/static/js/685.7d930c59.chunk.js":"4cdc2a0233e956b43037f67257aeb0d9181314be51cd6294a9763bf2b30c1f0d","/static/js/642.4fd34104.chunk.js":"f1df37648885794e787a645944e1ca34652459fadad64fa33289132ed7a6fe57","/static/js/590.203f49d1.chunk.js.LICENSE.txt":"15e2d48aa7cb934f45a93392e9882770f25beb22f98ac210b1eb942ff30a4917","/static/js/590.203f49d1.chunk.js":"282767ce7ba25f0d8512440e2f41f3a103b720e6999e923dbd5527ce8c8ece78","/favicon.ico":"81b6fdb9e284828c8c0a50f0b6832dcbad8fbbeff9957e6821ad0ebb3c378bfe","/static/js/907.27deefa2.chunk.js.map":"65fa72bdf01997b3d6ab44b53472750741a8a721586ce0c2d1004d8ce15ab6bf","/static/js/685.7d930c59.chunk.js.map":"fa6d17948044922d9e0869219ea46bc99e7c1d7187b000de6e50f67a0b978da9","/static/js/736.ba530f14.chunk.js.map":"29e035c401849c8504ccc3b1dc8a4e143dc8730023ead8475c6af777d9ff7082","/static/js/642.4fd34104.chunk.js.map":"b4907b4f8ea00239daaba0ef6b796b56dde179ca7d8d517b432362e19ed89517","/static/js/590.203f49d1.chunk.js.map":"ab10734e49a190d4bbc5467203ab5877d72a6a73b489371dc7e658a44197b4fd","/static/js/890.2ada8c02.chunk.js":"4e3c3f2bb1d0a65922fd75a63e0d56be590bfedb697b690aebf62a1f1f6bf8e4","/static/js/847.59742d32.chunk.js":"c646ba70e12b8818aa7b142abff590356230195c6cffaf429c920715c5c012cb","/static/js/564.b0c6fb88.chunk.js":"b141e4aa22c0e0b74ea78ff2a34f766db7265770fe6f2d20218847ae3f5e5f39","/static/js/553.4c9df158.chunk.js.LICENSE.txt":"15e2d48aa7cb934f45a93392e9882770f25beb22f98ac210b1eb942ff30a4917","/static/js/564.b0c6fb88.chunk.js.map":"1cf7c88c9f9f7280b64b786bfd4e0b20d399231d3c07cf4bdb5236850eecc380","/static/js/549.7be43e80.chunk.js":"af6a8d1d51ef8d859c006197d56ead4d557baf93d5d78a1e802cb9d2a72d0890","/static/js/495.2bc730e6.chunk.js.LICENSE.txt":"15e2d48aa7cb934f45a93392e9882770f25beb22f98ac210b1eb942ff30a4917","/static/js/495.2bc730e6.chunk.js":"252a8773a706c6fbce4016af2866202e72da1c317829405f71988ac45b0128ab","/static/js/495.2bc730e6.chunk.js.map":"dccddfe3de893110225091213e766315bcf6e7bbf72a92486e3a6b0b098d4139","/static/js/492.bf36c957.chunk.js.LICENSE.txt":"15e2d48aa7cb934f45a93392e9882770f25beb22f98ac210b1eb942ff30a4917","/static/js/492.bf36c957.chunk.js":"6b668e5541fdc5711b72a44303c1402a3cd26a170bbd7762b33a2e69b53c303f","/static/js/464.3c7fec9e.chunk.js.LICENSE.txt":"15e2d48aa7cb934f45a93392e9882770f25beb22f98ac210b1eb942ff30a4917","/static/js/464.3c7fec9e.chunk.js":"0065d2b96a419d0229c7be7093cbaa3f0ed1a19ce0c28253a565dcf45f01339a","/static/js/453.d2cde605.chunk.js":"22998aacf99aaf14ad3e2bdb3fbb71f731aa7190c603cee85bc34b5892592175","/static/js/464.3c7fec9e.chunk.js.map":"68716785616e25228a1f753fcfedfdf1648b673b18ac93cac1c62d50fda6a9f6","/static/js/453.d2cde605.chunk.js.map":"25be544347546da4eb7fce5171d3bd11e9b11bb39224d62ccd8a1213e412ada0","/static/js/492.bf36c957.chunk.js.map":"e059e30f998e634b4cff62f3938da4ade26bf1ee76991eb3f63a394fe6cb9b8a","/static/js/363.2218568f.chunk.js":"ffde8cd5003fc97da3eb9ba4a67c9e8b47927d4a7da1d846184865279325fdc4","/static/js/338.4dffaff2.chunk.js.LICENSE.txt":"15e2d48aa7cb934f45a93392e9882770f25beb22f98ac210b1eb942ff30a4917","/static/js/338.4dffaff2.chunk.js":"370c9ef4471cd982e3839afe2ee50bdfa8888e04bf59f4ed831af383954f65d6","/static/js/333.3218a2e8.chunk.js.LICENSE.txt":"15e2d48aa7cb934f45a93392e9882770f25beb22f98ac210b1eb942ff30a4917","/static/js/333.3218a2e8.chunk.js":"1526ef2f24d1b39e31ee544f9faa8887dfd9e0060cbed7d45cf53ebad1da1f85","/static/js/303.2b46552b.chunk.js.LICENSE.txt":"15e2d48aa7cb934f45a93392e9882770f25beb22f98ac210b1eb942ff30a4917","/static/js/303.2b46552b.chunk.js":"1aa37ba5a24ad1bf5edcd6b74f0f9180399448b0d2fdc8bf584b5c531d51280a","/static/js/303.2b46552b.chunk.js.map":"12d21caa59577b9a9bc6fd78932458e18b4a8f9700d74dee9f6f41047c0f901c","/static/js/296.37790df1.chunk.js.LICENSE.txt":"15e2d48aa7cb934f45a93392e9882770f25beb22f98ac210b1eb942ff30a4917","/static/js/296.37790df1.chunk.js":"885aa986c6a48ea4db03a059de9ad1203b5ef70899cec083128a8eb5e01d0ba9","/static/js/288.697f6044.chunk.js.LICENSE.txt":"15e2d48aa7cb934f45a93392e9882770f25beb22f98ac210b1eb942ff30a4917","/static/js/296.37790df1.chunk.js.map":"c89b58e50efb9e4dc106177eed2657dc43f11a253ab9589422a3948d6aaab7bf","/static/js/553.4c9df158.chunk.js":"09fcb3f914e89cacc55fed975f4ea509ec1dd00d103fbe013bcbbd76174921b9","/static/js/269.05944dcc.chunk.js":"fd5ca4ec8794ad322c5cf31a7f3863f179197d2709b830542833db799db7c73d","/static/js/549.7be43e80.chunk.js.map":"cb938089b5581cf3a56d33cef95f029d0d1a279dd493c36760ca274e509afe4d","/static/js/265.e09344b3.chunk.js.map":"8539842c29ddc40086137b813f3496723ceb75cf9fe546f6bc9e4f1cff605590","/static/js/333.3218a2e8.chunk.js.map":"4a4c699fffded725e7eae4aeb479d57ace2b53113ef979fa27057f1d3f4423f9","/static/js/265.e09344b3.chunk.js.LICENSE.txt":"15e2d48aa7cb934f45a93392e9882770f25beb22f98ac210b1eb942ff30a4917","/static/js/363.2218568f.chunk.js.map":"7bf2f1c879eeb7fa217f8fa53ec87604d8206f4de49a02323a818b8240e1f395","/static/js/99.0341e4d8.chunk.js":"e2c837973c4a214d13e75ba42c4e25df358416277648f0df6a3a37b1db5fd831","/static/js/288.697f6044.chunk.js":"d260ec72e485fa7e207e1e83bbfdc8d3560895923f66fcd893d466c0b38b9bca","/static/js/265.e09344b3.chunk.js":"e02a62400d84db75b8f9543b443b90d54e22d715f6dba6a030a9bbe225a7d255","/static/js/338.4dffaff2.chunk.js.map":"b5ee6f86632eca7401f830cb6b068f34da6ed3f59c6f9eb45f0707c72901d256","/static/js/263.1c93bf92.chunk.js":"3a9809c5f11135edd7a224901191a964fe98bbae51157e32b29796f310e616d8","/static/js/233.1690ba19.chunk.js":"1ffc32abae04ba3a7422ffc5a5d64304681320cf04247910e367e340a5721e76","/static/js/176.31de50a0.chunk.js.map":"438eca756408babbd52101a86743c8692a6b829aa1bf297e4523221e84d83906","/static/js/269.05944dcc.chunk.js.map":"5c40435c6e89cc65ded04ca2479103207f58db9e62b677c45ac1e46d307c7b62","/static/js/176.31de50a0.chunk.js":"399d82632cbd50f7e00e6b94f247ddb272372516f30cb462f470fbcf23ce89f9","/static/js/150.51ee49a7.chunk.js.LICENSE.txt":"15e2d48aa7cb934f45a93392e9882770f25beb22f98ac210b1eb942ff30a4917","/static/js/150.51ee49a7.chunk.js":"e1ba92c43a35fb8904db3d78eae1b53c5e02b81718b7a20450d8551056ff98a9","/static/js/150.51ee49a7.chunk.js.map":"632aa4d6f2bc7a98ce2c6a2a85f357500f2f4c28c198459562e3685f466064a8","/static/js/233.1690ba19.chunk.js.map":"6c23ab8d1db1dde7b4c7448180318524c4423e1fe29fed057d95090cec3ae42f","/static/js/125.40b31da6.chunk.js":"f6c5ab37adafcf301adde38845de1cc288d72eb4f349f3ad4ccfa1bc57d801f5","/static/js/111.b2b96088.chunk.js.LICENSE.txt":"15e2d48aa7cb934f45a93392e9882770f25beb22f98ac210b1eb942ff30a4917","/static/js/125.40b31da6.chunk.js.map":"87bd762252347156b7cabc093e502933cce328e30e9d8850e61ef4bb281a3160","/static/css/996.0abfc4c7.chunk.css.map":"7df8ac8b935c3e83222da672129ff3d18187bab04e36fff37d33e23137b20d1d","/static/css/996.0abfc4c7.chunk.css":"61a535217995f6e3058e430b0ec92f12d34bc273144a788ed21f64d061a32f3b","/static/css/943.48d1088b.chunk.css.map":"42df84968151b5655bbab7b7cf2d021be436f3bb6b16f87d9a50c73e10d72860","/static/css/943.48d1088b.chunk.css":"c86341e6a1529bae35e07bc831d79deb97e59716016509920b013c555335fa8d","/static/css/807.b41774b7.chunk.css.map":"c7bbdbef98a2e4a994c9ea5ad07a32b0f6680f6f4c833cb670a6f695a48b8e8a","/static/css/807.b41774b7.chunk.css":"aa6eb10312eb8d448e90970c9847948665dba57822c888ade78f04a858eef280","/static/css/736.28ba2c84.chunk.css":"23f616354b50d20babf3647be146ad4c2ee92a0a4082b95addbe7a09ccd779aa","/static/css/688.30ef763c.chunk.css":"cb05c1668fb6ff27b5ab7ac4a4791c19a5a74bd2b6cd6640bc461ad2d8350f87","/static/css/688.30ef763c.chunk.css.map":"d42cc03fe01d12f302ca3329a7e8b9ed6f60d33fe1cf99bc5cedd3c442369af5","/static/css/685.2e672648.chunk.css":"b3d841ee1c7fc4411398566dff84901bf43ace942b86046157d562ff7a269415","/static/css/590.56fce157.chunk.css.map":"1e6b6f93df1c03c289117833cc86283f8109478eda37e0269e90ed8ce573e621","/static/css/590.56fce157.chunk.css":"7676083a483b4a8b7c0d9ed55b52daec5c2bbe897b6c908a538706891176caa0","/static/css/736.28ba2c84.chunk.css.map":"76fb679ee114d45f023dfc5f0f2361429ba23b741b3d0d67f61fca7c1ae3ba7d","/static/css/564.cb854582.chunk.css.map":"60ded699ec67863b8b6b8c0fed2b4fd86ecf39599e42fd68bbb7c9a581e58c86","/static/css/685.2e672648.chunk.css.map":"e0e3934d644ff120649c4a93efcaa64792f257f9620a109ccdfb96c55ac87635","/static/css/564.cb854582.chunk.css":"d0316b2939f987291fa08c8f8193e0751809595fecf879be43de86953d144027","/static/css/338.44779294.chunk.css.map":"40e7ce3af3686e49edcba9624eeb3efdfb871a36380b536f5916d04c280eb0a8","/static/css/338.44779294.chunk.css":"571552f44d0b1d5044e56175cb439f180d1863aea719697f8cee114ac775ad60","/static/css/main.45ab513d.css.map":"fb147f747af8b2fb188ee99d7328293043b0a2e795a8ac0d69a7f6536878e0a3","/static/css/333.8acaa905.chunk.css.map":"d9166296d53c86e125a4087695589b268d13ca2a6f86a3310e1f1a07d36e054b","/static/js/263.1c93bf92.chunk.js.map":"7b9b0eb9fd2b9dbf7293ce33bf533c283247da7a70744bd145c302d7901917d2","/static/css/333.8acaa905.chunk.css":"0df91d8cf13fdb6c79be5c0e8f8f9dfe7badccfdad72600c0ae33d7f8a9d34d5","/static/css/296.28eb687f.chunk.css.map":"916309e9b2d757092eeb271ae9177740c8b8b15395b98c8c4b1b0e301f47543b","/static/js/111.b2b96088.chunk.js":"9b194a3112ba58bd0fbd2ee43945a5e5d67b3fc36873b5af3a9dff5d9dbe87b0","/static/css/296.28eb687f.chunk.css":"ca8acb34c71be13f0fffa9c46917c393d013241e7930e545b449f826d463bf91","/static/css/288.6f2d9f40.chunk.css":"db51a1d5246cc0bef62483781db0be1dcb489d50556288e2e0bedd4aeb0a90a0","/static/css/288.6f2d9f40.chunk.css.map":"541b9d46f94bb36d00691395e1a344712b013ddfff12b0d696cff4a0c08d5715","/static/css/269.76bad261.chunk.css":"4dc4f158aeb3538928157e8edd6a7dcf21222eac7670a002088f439da691298a","/static/css/269.76bad261.chunk.css.map":"b921982c9a5d599d58ff63d68e5223206251a71fe046258c3acf09913a120567","/static/css/main.45ab513d.css":"1299e8d374ca5b4834ddbde8a39351b20854d7457bc291e0a7c7dc6651cb9eaf","/static/css/265.e8b3f508.chunk.css.map":"68194589a678163c42cbf597f86e18754502489a3196b94a25b3d40a5426be40","/static/css/265.e8b3f508.chunk.css":"38309be7a909d0a52993dcf275c9cd8c9f3c4e6c57885414b2f1fe15b2a25f0d","/static/css/130.392a2e2d.chunk.css":"59fa56e1e977bf04953b60ee51dca942e3d4daa4f52ada88ad7964f465677df0","/static/css/127.5025c5e8.chunk.css":"c18485914c2d084292d8ce20f091dbcde78c37398030b9dfd2fa46f8daceb0b4","/static/css/130.392a2e2d.chunk.css.map":"badac6b25807f9889883c3ec90dedd3544634f6deb6b9c2866a19677c12929e4","/static/css/125.ffd2608f.chunk.css":"5d5a8145595e927dd9f40a11e9893f7e4d7fa9891e47954c5a4f9c8f3abfc1d7","/static/css/125.ffd2608f.chunk.css.map":"80350cbe09289026feffd177f1c2a6e8151efeaa6d494afdcc927975fc78328d","/hero-5/unnamed.jpg":"d0d5f07f3c7d421eb939d435e0d69c82352541204b0d7fc6fb9718404767fccd","/hero-5/apple-pay-logo-coopbank.webp":"2307d345345dcd54aef47e5eb63a1296f3c913d842bdbc663601546be8cc6428","/hero-5/Visa_Grey.avif":"c08fef8c80a87eca21fef3b2260d835ed8085303e2ab5132f64090ead128b8d7","/hero-5/Mastercard_2019_logo.svg":"383ef9f8a933f72f1a5fc35b7ab4a2f18ae974156d78794038b32fb6afdbebd4","/static/css/127.5025c5e8.chunk.css.map":"ffeb2055675c65ae614ea7075a1ad8f5255902e7436ef949b453e50c1f0804eb","/static/js/553.4c9df158.chunk.js.map":"c83fdb95faae53ebef419914ee9e2040dd46379fec872adef14c7c37a563c260","/static/js/288.697f6044.chunk.js.map":"2c21db30dd4809c301b2d18279bba286dfeedc0e9a1ee24598db20dc239d27a6","/hero-5/unnamed.webp":"053d2c1e8ff29c8f5f3c630136e4e1776a8c2231334a4b79912c25168e65031e","/hero-5/selma-logo-final.jpg":"1b9989229fde27bce3f5dcfabfeb08f0f15657b56812e1c8d7ea2ef3fb5639b3","/hero-5/physio-picture.jpg":"2d1249adc33d7929226cca9173fe87ac56487edc734806e3f51a246a37be8220","/static/js/111.b2b96088.chunk.js.map":"0f03848bd602093e6f5b87ba03c2c7588cab6fb8e25c8b38596e629871113571","/static/js/847.59742d32.chunk.js.map":"e8c77468995dae8c025917e9bb4095a5c51731dcecfc721aa95be19d010aad19","/hero-5/MobilePay-1200x627.jpg":"e6dd51a6112a09aa33e67a27d1a3b6fbac19bdd3c2eeba7113497e80bcc04075","/hero-5/booking-hjemmeside.jpg":"a4de6fcd8b833421127bffe75ef3972653659c8e380a275156ce32e27d90fb26","/hero-5/insta-profil.jpg":"b4883fc86225c184d1c7936dc16f46dfd55784845a34862e9f1e97ed896964c9","/static/js/890.2ada8c02.chunk.js.map":"dba798692a7038d67fc69576b2cd5c4e5a870de72c325a074f144b16872e7467","/static/js/99.0341e4d8.chunk.js.map":"1dea4cf2a5b7d167bb3b8e140be7cbca67d61342e8fa00999c74ece546473efc","/static/js/main.81f76776.js":"7e50818e0cc34a72af2a15e5347f75f8338cc348322a041d58618866b7c0624b","/hero-4/clinic-overview.png":"fc15885d0428a8a30ba6d317056de0869d40b2b5668dac7a938cef266556d5b0","/hero-6/screen-3.png":"9a0551e4dd92e4a95ba99826a333237b3c3bb22e9247900418cc4f6e1127e2d0","/hero-4/calendar-week.png":"0343644df56057efa8951e2aae430cc7ae969cf41e7343495f942765ee07cef7","/hero-6/screen-6.png":"781f334972758d31c6e6302874f1b7bb05a19af54fb42a304c75dfabb2ab51e6","/hero-6/screen-1.png":"676f001bddfd837bcb4c29adc8a802ddce3a583c0efd0e2a66db6d8e7a50315f","/hero-6/screen-5.png":"84514542bc84a327691323d2dc95cafe3187ff8ee6e56e5bae94a09877878b6d","/hero-6/screen-4.png":"b0b0ddba66f251afc1a5e9873fb7dffcaf62766838da676d14ed764740ebeb70","/hero-6/screen-2.png":"6608d3035ed5f3ebe891a5822e31ed21d6d24ae9281914e371fed782e746d111","/assets/selmalogo.png":"a9d6a9f8fcb32340c9e0cc23f9a76b0010fe85cdd7ddd81d732aa11e5e66c15d","/hero-2/pexels-yankrukov-5793904.jpg":"ee985c25810015e60c1924102c304a7fc965152bd96cbe18883e3d84eb6d37f3","/static/js/main.81f76776.js.map":"3f3246d25001b135ee7ae0a5b9bf23e66a626aae1f37202bde104d2b253df292"}}
[info] i  hosting: adding files to version [0/160] (0%) 
[info] i  hosting: adding files to version [0/160] (0%) 
[debug] [2026-03-04T21:12:02.048Z] <<< [apiv2][status] POST https://firebasehosting.googleapis.com/v1beta1/projects/491793307002/sites/actualbackend-3b454/versions/7f2ae5b22b79c73b:populateFiles 200
[debug] [2026-03-04T21:12:02.048Z] <<< [apiv2][body] POST https://firebasehosting.googleapis.com/v1beta1/projects/491793307002/sites/actualbackend-3b454/versions/7f2ae5b22b79c73b:populateFiles {"uploadRequiredHashes":["c646ba70e12b8818aa7b142abff590356230195c6cffaf429c920715c5c012cb","3f3246d25001b135ee7ae0a5b9bf23e66a626aae1f37202bde104d2b253df292","399d82632cbd50f7e00e6b94f247ddb272372516f30cb462f470fbcf23ce89f9","7bf2f1c879eeb7fa217f8fa53ec87604d8206f4de49a02323a818b8240e1f395","761b6097b3ea7b4bdf8b0da50d48d4083b518e115410609fdef8ec6e75b8d57a","6013b7158ea88192bdc5bad4d33aa5f1cb48b6a6d1382b3efedf88602f9eea60","438eca756408babbd52101a86743c8692a6b829aa1bf297e4523221e84d83906","1299e8d374ca5b4834ddbde8a39351b20854d7457bc291e0a7c7dc6651cb9eaf","e8c77468995dae8c025917e9bb4095a5c51731dcecfc721aa95be19d010aad19","ffde8cd5003fc97da3eb9ba4a67c9e8b47927d4a7da1d846184865279325fdc4","fb147f747af8b2fb188ee99d7328293043b0a2e795a8ac0d69a7f6536878e0a3","7e50818e0cc34a72af2a15e5347f75f8338cc348322a041d58618866b7c0624b"],"uploadUrl":"https://upload-firebasehosting.googleapis.com/upload/sites/actualbackend-3b454/versions/7f2ae5b22b79c73b/files"}
[debug] [2026-03-04T21:12:02.049Z] Checked if tokens are valid: true, expires at: 1772660740506
[debug] [2026-03-04T21:12:02.049Z] Checked if tokens are valid: true, expires at: 1772660740506
[debug] [2026-03-04T21:12:02.049Z] Checked if tokens are valid: true, expires at: 1772660740506
[debug] [2026-03-04T21:12:02.049Z] Checked if tokens are valid: true, expires at: 1772660740506
[debug] [2026-03-04T21:12:02.049Z] Checked if tokens are valid: true, expires at: 1772660740506
[debug] [2026-03-04T21:12:02.050Z] Checked if tokens are valid: true, expires at: 1772660740506
[debug] [2026-03-04T21:12:02.050Z] Checked if tokens are valid: true, expires at: 1772660740506
[debug] [2026-03-04T21:12:02.050Z] Checked if tokens are valid: true, expires at: 1772660740506
[debug] [2026-03-04T21:12:02.051Z] Checked if tokens are valid: true, expires at: 1772660740506
[debug] [2026-03-04T21:12:02.051Z] Checked if tokens are valid: true, expires at: 1772660740506
[debug] [2026-03-04T21:12:02.051Z] Checked if tokens are valid: true, expires at: 1772660740506
[debug] [2026-03-04T21:12:02.051Z] Checked if tokens are valid: true, expires at: 1772660740506
[debug] [2026-03-04T21:12:02.051Z] Checked if tokens are valid: true, expires at: 1772660740506
[debug] [2026-03-04T21:12:02.052Z] Checked if tokens are valid: true, expires at: 1772660740506
[debug] [2026-03-04T21:12:02.052Z] Checked if tokens are valid: true, expires at: 1772660740506
[debug] [2026-03-04T21:12:02.052Z] Checked if tokens are valid: true, expires at: 1772660740506
[debug] [2026-03-04T21:12:02.052Z] Checked if tokens are valid: true, expires at: 1772660740506
[debug] [2026-03-04T21:12:02.052Z] Checked if tokens are valid: true, expires at: 1772660740506
[debug] [2026-03-04T21:12:02.052Z] Checked if tokens are valid: true, expires at: 1772660740506
[debug] [2026-03-04T21:12:02.052Z] Checked if tokens are valid: true, expires at: 1772660740506
[debug] [2026-03-04T21:12:02.053Z] Checked if tokens are valid: true, expires at: 1772660740506
[debug] [2026-03-04T21:12:02.053Z] Checked if tokens are valid: true, expires at: 1772660740506
[debug] [2026-03-04T21:12:02.053Z] Checked if tokens are valid: true, expires at: 1772660740506
[debug] [2026-03-04T21:12:02.053Z] Checked if tokens are valid: true, expires at: 1772660740506
[debug] [2026-03-04T21:12:02.053Z] >>> [apiv2][query] POST https://upload-firebasehosting.googleapis.com/upload/sites/actualbackend-3b454/versions/7f2ae5b22b79c73b/files/c646ba70e12b8818aa7b142abff590356230195c6cffaf429c920715c5c012cb [none]
[debug] [2026-03-04T21:12:02.053Z] >>> [apiv2][body] POST https://upload-firebasehosting.googleapis.com/upload/sites/actualbackend-3b454/versions/7f2ae5b22b79c73b/files/c646ba70e12b8818aa7b142abff590356230195c6cffaf429c920715c5c012cb [stream]
[debug] [2026-03-04T21:12:02.055Z] >>> [apiv2][query] POST https://upload-firebasehosting.googleapis.com/upload/sites/actualbackend-3b454/versions/7f2ae5b22b79c73b/files/3f3246d25001b135ee7ae0a5b9bf23e66a626aae1f37202bde104d2b253df292 [none]
[debug] [2026-03-04T21:12:02.055Z] >>> [apiv2][body] POST https://upload-firebasehosting.googleapis.com/upload/sites/actualbackend-3b454/versions/7f2ae5b22b79c73b/files/3f3246d25001b135ee7ae0a5b9bf23e66a626aae1f37202bde104d2b253df292 [stream]
[debug] [2026-03-04T21:12:02.057Z] >>> [apiv2][query] POST https://upload-firebasehosting.googleapis.com/upload/sites/actualbackend-3b454/versions/7f2ae5b22b79c73b/files/399d82632cbd50f7e00e6b94f247ddb272372516f30cb462f470fbcf23ce89f9 [none]
[debug] [2026-03-04T21:12:02.057Z] >>> [apiv2][body] POST https://upload-firebasehosting.googleapis.com/upload/sites/actualbackend-3b454/versions/7f2ae5b22b79c73b/files/399d82632cbd50f7e00e6b94f247ddb272372516f30cb462f470fbcf23ce89f9 [stream]
[debug] [2026-03-04T21:12:02.058Z] >>> [apiv2][query] POST https://upload-firebasehosting.googleapis.com/upload/sites/actualbackend-3b454/versions/7f2ae5b22b79c73b/files/7bf2f1c879eeb7fa217f8fa53ec87604d8206f4de49a02323a818b8240e1f395 [none]
[debug] [2026-03-04T21:12:02.058Z] >>> [apiv2][body] POST https://upload-firebasehosting.googleapis.com/upload/sites/actualbackend-3b454/versions/7f2ae5b22b79c73b/files/7bf2f1c879eeb7fa217f8fa53ec87604d8206f4de49a02323a818b8240e1f395 [stream]
[debug] [2026-03-04T21:12:02.059Z] >>> [apiv2][query] POST https://upload-firebasehosting.googleapis.com/upload/sites/actualbackend-3b454/versions/7f2ae5b22b79c73b/files/761b6097b3ea7b4bdf8b0da50d48d4083b518e115410609fdef8ec6e75b8d57a [none]
[debug] [2026-03-04T21:12:02.059Z] >>> [apiv2][body] POST https://upload-firebasehosting.googleapis.com/upload/sites/actualbackend-3b454/versions/7f2ae5b22b79c73b/files/761b6097b3ea7b4bdf8b0da50d48d4083b518e115410609fdef8ec6e75b8d57a [stream]
[debug] [2026-03-04T21:12:02.060Z] >>> [apiv2][query] POST https://upload-firebasehosting.googleapis.com/upload/sites/actualbackend-3b454/versions/7f2ae5b22b79c73b/files/6013b7158ea88192bdc5bad4d33aa5f1cb48b6a6d1382b3efedf88602f9eea60 [none]
[debug] [2026-03-04T21:12:02.060Z] >>> [apiv2][body] POST https://upload-firebasehosting.googleapis.com/upload/sites/actualbackend-3b454/versions/7f2ae5b22b79c73b/files/6013b7158ea88192bdc5bad4d33aa5f1cb48b6a6d1382b3efedf88602f9eea60 [stream]
[debug] [2026-03-04T21:12:02.061Z] >>> [apiv2][query] POST https://upload-firebasehosting.googleapis.com/upload/sites/actualbackend-3b454/versions/7f2ae5b22b79c73b/files/438eca756408babbd52101a86743c8692a6b829aa1bf297e4523221e84d83906 [none]
[debug] [2026-03-04T21:12:02.061Z] >>> [apiv2][body] POST https://upload-firebasehosting.googleapis.com/upload/sites/actualbackend-3b454/versions/7f2ae5b22b79c73b/files/438eca756408babbd52101a86743c8692a6b829aa1bf297e4523221e84d83906 [stream]
[debug] [2026-03-04T21:12:02.062Z] >>> [apiv2][query] POST https://upload-firebasehosting.googleapis.com/upload/sites/actualbackend-3b454/versions/7f2ae5b22b79c73b/files/1299e8d374ca5b4834ddbde8a39351b20854d7457bc291e0a7c7dc6651cb9eaf [none]
[debug] [2026-03-04T21:12:02.062Z] >>> [apiv2][body] POST https://upload-firebasehosting.googleapis.com/upload/sites/actualbackend-3b454/versions/7f2ae5b22b79c73b/files/1299e8d374ca5b4834ddbde8a39351b20854d7457bc291e0a7c7dc6651cb9eaf [stream]
[debug] [2026-03-04T21:12:02.063Z] >>> [apiv2][query] POST https://upload-firebasehosting.googleapis.com/upload/sites/actualbackend-3b454/versions/7f2ae5b22b79c73b/files/e8c77468995dae8c025917e9bb4095a5c51731dcecfc721aa95be19d010aad19 [none]
[debug] [2026-03-04T21:12:02.063Z] >>> [apiv2][body] POST https://upload-firebasehosting.googleapis.com/upload/sites/actualbackend-3b454/versions/7f2ae5b22b79c73b/files/e8c77468995dae8c025917e9bb4095a5c51731dcecfc721aa95be19d010aad19 [stream]
[debug] [2026-03-04T21:12:02.063Z] >>> [apiv2][query] POST https://upload-firebasehosting.googleapis.com/upload/sites/actualbackend-3b454/versions/7f2ae5b22b79c73b/files/ffde8cd5003fc97da3eb9ba4a67c9e8b47927d4a7da1d846184865279325fdc4 [none]
[debug] [2026-03-04T21:12:02.063Z] >>> [apiv2][body] POST https://upload-firebasehosting.googleapis.com/upload/sites/actualbackend-3b454/versions/7f2ae5b22b79c73b/files/ffde8cd5003fc97da3eb9ba4a67c9e8b47927d4a7da1d846184865279325fdc4 [stream]
[debug] [2026-03-04T21:12:02.064Z] >>> [apiv2][query] POST https://upload-firebasehosting.googleapis.com/upload/sites/actualbackend-3b454/versions/7f2ae5b22b79c73b/files/fb147f747af8b2fb188ee99d7328293043b0a2e795a8ac0d69a7f6536878e0a3 [none]
[debug] [2026-03-04T21:12:02.064Z] >>> [apiv2][body] POST https://upload-firebasehosting.googleapis.com/upload/sites/actualbackend-3b454/versions/7f2ae5b22b79c73b/files/fb147f747af8b2fb188ee99d7328293043b0a2e795a8ac0d69a7f6536878e0a3 [stream]
[debug] [2026-03-04T21:12:02.065Z] >>> [apiv2][query] POST https://upload-firebasehosting.googleapis.com/upload/sites/actualbackend-3b454/versions/7f2ae5b22b79c73b/files/7e50818e0cc34a72af2a15e5347f75f8338cc348322a041d58618866b7c0624b [none]
[debug] [2026-03-04T21:12:02.065Z] >>> [apiv2][body] POST https://upload-firebasehosting.googleapis.com/upload/sites/actualbackend-3b454/versions/7f2ae5b22b79c73b/files/7e50818e0cc34a72af2a15e5347f75f8338cc348322a041d58618866b7c0624b [stream]
[debug] [2026-03-04T21:12:02.066Z] [hosting][populate queue][FINAL] {"max":3804,"min":3804,"avg":3804,"active":0,"complete":1,"success":1,"errored":0,"retried":0,"total":1,"elapsed":3817}
[debug] [2026-03-04T21:12:02.066Z] [hosting] uploads queued: 12
[info] i  hosting: uploading new files [0/12] (0%) 
[debug] [2026-03-04T21:12:05.372Z] <<< [apiv2][status] POST https://upload-firebasehosting.googleapis.com/upload/sites/actualbackend-3b454/versions/7f2ae5b22b79c73b/files/438eca756408babbd52101a86743c8692a6b829aa1bf297e4523221e84d83906 200
[debug] [2026-03-04T21:12:05.372Z] <<< [apiv2][body] POST https://upload-firebasehosting.googleapis.com/upload/sites/actualbackend-3b454/versions/7f2ae5b22b79c73b/files/438eca756408babbd52101a86743c8692a6b829aa1bf297e4523221e84d83906 [stream]
[debug] [2026-03-04T21:12:05.372Z] <<< [apiv2][status] POST https://upload-firebasehosting.googleapis.com/upload/sites/actualbackend-3b454/versions/7f2ae5b22b79c73b/files/6013b7158ea88192bdc5bad4d33aa5f1cb48b6a6d1382b3efedf88602f9eea60 200
[debug] [2026-03-04T21:12:05.372Z] <<< [apiv2][body] POST https://upload-firebasehosting.googleapis.com/upload/sites/actualbackend-3b454/versions/7f2ae5b22b79c73b/files/6013b7158ea88192bdc5bad4d33aa5f1cb48b6a6d1382b3efedf88602f9eea60 [stream]
[debug] [2026-03-04T21:12:05.373Z] <<< [apiv2][status] POST https://upload-firebasehosting.googleapis.com/upload/sites/actualbackend-3b454/versions/7f2ae5b22b79c73b/files/fb147f747af8b2fb188ee99d7328293043b0a2e795a8ac0d69a7f6536878e0a3 200
[debug] [2026-03-04T21:12:05.373Z] <<< [apiv2][body] POST https://upload-firebasehosting.googleapis.com/upload/sites/actualbackend-3b454/versions/7f2ae5b22b79c73b/files/fb147f747af8b2fb188ee99d7328293043b0a2e795a8ac0d69a7f6536878e0a3 [stream]
[debug] [2026-03-04T21:12:05.475Z] <<< [apiv2][status] POST https://upload-firebasehosting.googleapis.com/upload/sites/actualbackend-3b454/versions/7f2ae5b22b79c73b/files/c646ba70e12b8818aa7b142abff590356230195c6cffaf429c920715c5c012cb 200
[debug] [2026-03-04T21:12:05.476Z] <<< [apiv2][body] POST https://upload-firebasehosting.googleapis.com/upload/sites/actualbackend-3b454/versions/7f2ae5b22b79c73b/files/c646ba70e12b8818aa7b142abff590356230195c6cffaf429c920715c5c012cb [stream]
[debug] [2026-03-04T21:12:05.486Z] <<< [apiv2][status] POST https://upload-firebasehosting.googleapis.com/upload/sites/actualbackend-3b454/versions/7f2ae5b22b79c73b/files/ffde8cd5003fc97da3eb9ba4a67c9e8b47927d4a7da1d846184865279325fdc4 200
[debug] [2026-03-04T21:12:05.486Z] <<< [apiv2][body] POST https://upload-firebasehosting.googleapis.com/upload/sites/actualbackend-3b454/versions/7f2ae5b22b79c73b/files/ffde8cd5003fc97da3eb9ba4a67c9e8b47927d4a7da1d846184865279325fdc4 [stream]
[debug] [2026-03-04T21:12:05.487Z] <<< [apiv2][status] POST https://upload-firebasehosting.googleapis.com/upload/sites/actualbackend-3b454/versions/7f2ae5b22b79c73b/files/3f3246d25001b135ee7ae0a5b9bf23e66a626aae1f37202bde104d2b253df292 200
[debug] [2026-03-04T21:12:05.487Z] <<< [apiv2][body] POST https://upload-firebasehosting.googleapis.com/upload/sites/actualbackend-3b454/versions/7f2ae5b22b79c73b/files/3f3246d25001b135ee7ae0a5b9bf23e66a626aae1f37202bde104d2b253df292 [stream]
[debug] [2026-03-04T21:12:05.504Z] <<< [apiv2][status] POST https://upload-firebasehosting.googleapis.com/upload/sites/actualbackend-3b454/versions/7f2ae5b22b79c73b/files/7bf2f1c879eeb7fa217f8fa53ec87604d8206f4de49a02323a818b8240e1f395 200
[debug] [2026-03-04T21:12:05.504Z] <<< [apiv2][body] POST https://upload-firebasehosting.googleapis.com/upload/sites/actualbackend-3b454/versions/7f2ae5b22b79c73b/files/7bf2f1c879eeb7fa217f8fa53ec87604d8206f4de49a02323a818b8240e1f395 [stream]
[debug] [2026-03-04T21:12:05.508Z] <<< [apiv2][status] POST https://upload-firebasehosting.googleapis.com/upload/sites/actualbackend-3b454/versions/7f2ae5b22b79c73b/files/399d82632cbd50f7e00e6b94f247ddb272372516f30cb462f470fbcf23ce89f9 200
[debug] [2026-03-04T21:12:05.508Z] <<< [apiv2][body] POST https://upload-firebasehosting.googleapis.com/upload/sites/actualbackend-3b454/versions/7f2ae5b22b79c73b/files/399d82632cbd50f7e00e6b94f247ddb272372516f30cb462f470fbcf23ce89f9 [stream]
[debug] [2026-03-04T21:12:05.509Z] <<< [apiv2][status] POST https://upload-firebasehosting.googleapis.com/upload/sites/actualbackend-3b454/versions/7f2ae5b22b79c73b/files/7e50818e0cc34a72af2a15e5347f75f8338cc348322a041d58618866b7c0624b 200
[debug] [2026-03-04T21:12:05.509Z] <<< [apiv2][body] POST https://upload-firebasehosting.googleapis.com/upload/sites/actualbackend-3b454/versions/7f2ae5b22b79c73b/files/7e50818e0cc34a72af2a15e5347f75f8338cc348322a041d58618866b7c0624b [stream]
[debug] [2026-03-04T21:12:05.510Z] <<< [apiv2][status] POST https://upload-firebasehosting.googleapis.com/upload/sites/actualbackend-3b454/versions/7f2ae5b22b79c73b/files/761b6097b3ea7b4bdf8b0da50d48d4083b518e115410609fdef8ec6e75b8d57a 200
[debug] [2026-03-04T21:12:05.510Z] <<< [apiv2][body] POST https://upload-firebasehosting.googleapis.com/upload/sites/actualbackend-3b454/versions/7f2ae5b22b79c73b/files/761b6097b3ea7b4bdf8b0da50d48d4083b518e115410609fdef8ec6e75b8d57a [stream]
[debug] [2026-03-04T21:12:05.613Z] <<< [apiv2][status] POST https://upload-firebasehosting.googleapis.com/upload/sites/actualbackend-3b454/versions/7f2ae5b22b79c73b/files/1299e8d374ca5b4834ddbde8a39351b20854d7457bc291e0a7c7dc6651cb9eaf 200
[debug] [2026-03-04T21:12:05.614Z] <<< [apiv2][body] POST https://upload-firebasehosting.googleapis.com/upload/sites/actualbackend-3b454/versions/7f2ae5b22b79c73b/files/1299e8d374ca5b4834ddbde8a39351b20854d7457bc291e0a7c7dc6651cb9eaf [stream]
[debug] [2026-03-04T21:12:05.674Z] <<< [apiv2][status] POST https://upload-firebasehosting.googleapis.com/upload/sites/actualbackend-3b454/versions/7f2ae5b22b79c73b/files/e8c77468995dae8c025917e9bb4095a5c51731dcecfc721aa95be19d010aad19 200
[debug] [2026-03-04T21:12:05.675Z] <<< [apiv2][body] POST https://upload-firebasehosting.googleapis.com/upload/sites/actualbackend-3b454/versions/7f2ae5b22b79c73b/files/e8c77468995dae8c025917e9bb4095a5c51731dcecfc721aa95be19d010aad19 [stream]
[debug] [2026-03-04T21:12:05.675Z] [hosting][upload queue][FINAL] {"max":3623,"min":3321,"avg":3439.8333333333335,"active":0,"complete":12,"success":12,"errored":0,"retried":0,"total":12,"elapsed":3627}
[info] i  hosting: upload complete 
[info] ✔  hosting[actualbackend-3b454]: file upload complete 
[debug] [2026-03-04T21:12:05.679Z] [hosting] deploy completed after 7931ms
[debug] [2026-03-04T21:12:05.679Z] [
  {
    "config": {
      "public": "build",
      "ignore": [
        "firebase.json",
        "**/.*",
        "**/node_modules/**"
      ],
      "rewrites": [
        {
          "source": "/api/corti/**",
          "run": {
            "serviceId": "actualbackend-api",
            "region": "us-central1"
          }
        },
        {
          "source": "/ws/corti/**",
          "run": {
            "serviceId": "actualbackend-api",
            "region": "us-central1"
          }
        },
        {
          "source": "/api/**",
          "run": {
            "serviceId": "actualbackend-api",
            "region": "us-central1"
          }
        },
        {
          "source": "/ws/**",
          "run": {
            "serviceId": "actualbackend-api",
            "region": "us-central1"
          }
        },
        {
          "source": "**",
          "destination": "/index.html"
        }
      ],
      "site": "actualbackend-3b454"
    },
    "version": "projects/491793307002/sites/actualbackend-3b454/versions/7f2ae5b22b79c73b"
  }
]
[info] i  hosting[actualbackend-3b454]: finalizing version... 
[debug] [2026-03-04T21:12:05.683Z] Checked if tokens are valid: true, expires at: 1772660740506
[debug] [2026-03-04T21:12:05.683Z] Checked if tokens are valid: true, expires at: 1772660740506
[debug] [2026-03-04T21:12:05.683Z] >>> [apiv2][query] GET https://cloudfunctions.googleapis.com/v1/projects/actualbackend-3b454/locations/-/functions [none]
[debug] [2026-03-04T21:12:06.557Z] <<< [apiv2][status] GET https://cloudfunctions.googleapis.com/v1/projects/actualbackend-3b454/locations/-/functions 200
[debug] [2026-03-04T21:12:06.557Z] <<< [apiv2][body] GET https://cloudfunctions.googleapis.com/v1/projects/actualbackend-3b454/locations/-/functions {}
[debug] [2026-03-04T21:12:06.558Z] Checked if tokens are valid: true, expires at: 1772660740506
[debug] [2026-03-04T21:12:06.558Z] Checked if tokens are valid: true, expires at: 1772660740506
[debug] [2026-03-04T21:12:06.559Z] >>> [apiv2][query] GET https://cloudfunctions.googleapis.com/v2/projects/actualbackend-3b454/locations/-/functions filter=environment%3D%22GEN_2%22
[debug] [2026-03-04T21:12:07.766Z] <<< [apiv2][status] GET https://cloudfunctions.googleapis.com/v2/projects/actualbackend-3b454/locations/-/functions 200
[debug] [2026-03-04T21:12:07.766Z] <<< [apiv2][body] GET https://cloudfunctions.googleapis.com/v2/projects/actualbackend-3b454/locations/-/functions {"functions":[{"name":"projects/actualbackend-3b454/locations/us-central1/functions/openai_completion","buildConfig":{"build":"projects/491793307002/locations/us-central1/builds/e52ddbfc-d142-4246-a18a-8c2cc49764cb","runtime":"python312","entryPoint":"openai_completion","source":{"storageSource":{"bucket":"gcf-v2-sources-491793307002-us-central1","object":"openai_completion/function-source.zip","generation":"1772537952441232"}},"environmentVariables":{"GOOGLE_NODE_RUN_SCRIPTS":""},"dockerRepository":"projects/actualbackend-3b454/locations/us-central1/repositories/gcf-artifacts","sourceProvenance":{"resolvedStorageSource":{"bucket":"gcf-v2-sources-491793307002-us-central1","object":"openai_completion/function-source.zip","generation":"1772537952441232"}},"dockerRegistry":"ARTIFACT_REGISTRY","serviceAccount":"projects/actualbackend-3b454/serviceAccounts/491793307002-compute@developer.gserviceaccount.com","automaticUpdatePolicy":{}},"serviceConfig":{"service":"projects/actualbackend-3b454/locations/us-central1/services/openai-completion","timeoutSeconds":60,"environmentVariables":{"BOOKING_CONFIRMATION_EMAIL_ENABLED":"true","BOOKING_CONFIRMATION_FROM_EMAIL":"Selma+ <booking@booking.selmaplus.tech>","BOOKING_CONFIRMATION_REPLY_TO_EMAIL":"","RESEND_API_KEY":"re_DE2YQdzb_NaRV2dczsNZmRCkDc4GYCNMJ","RESEND_API_BASE":"https://api.resend.com","FIREBASE_CONFIG":"{\"projectId\":\"actualbackend-3b454\",\"databaseURL\":\"https://actualbackend-3b454-default-rtdb.europe-west1.firebasedatabase.app\",\"storageBucket\":\"actualbackend-3b454.firebasestorage.app\"}","GCLOUD_PROJECT":"actualbackend-3b454","EVENTARC_CLOUD_EVENT_SOURCE":"projects/actualbackend-3b454/locations/us-central1/services/openai_completion","FUNCTION_TARGET":"openai_completion","LOG_EXECUTION_ID":"true","FUNCTION_SIGNATURE_TYPE":"http"},"maxInstanceCount":10,"ingressSettings":"ALLOW_ALL","uri":"https://openai-completion-cqj5vybxha-uc.a.run.app","serviceAccountEmail":"491793307002-compute@developer.gserviceaccount.com","availableMemory":"256Mi","allTrafficOnLatestRevision":true,"revision":"openai-completion-00013-yac","maxInstanceRequestConcurrency":1,"availableCpu":"0.1666"},"state":"ACTIVE","updateTime":"2026-03-03T11:39:31.929844115Z","labels":{"firebase-functions-hash":"e5b42d5f304284a3d66d45887f56a36e9470ed68","deployment-tool":"cli-firebase","firebase-functions-codebase":"python_functions"},"environment":"GEN_2","url":"https://us-central1-actualbackend-3b454.cloudfunctions.net/openai_completion","createTime":"2025-11-19T16:57:04.241899766Z","satisfiesPzi":true},{"name":"projects/actualbackend-3b454/locations/us-central1/functions/publicGetAvailability","buildConfig":{"build":"projects/491793307002/locations/us-central1/builds/e52ddbfc-d142-4246-a18a-8c2cc49764cb","runtime":"python312","entryPoint":"publicGetAvailability","source":{"storageSource":{"bucket":"gcf-v2-sources-491793307002-us-central1","object":"publicGetAvailability/function-source.zip","generation":"1772537952471214"}},"environmentVariables":{"GOOGLE_NODE_RUN_SCRIPTS":""},"dockerRepository":"projects/actualbackend-3b454/locations/us-central1/repositories/gcf-artifacts","sourceProvenance":{"resolvedStorageSource":{"bucket":"gcf-v2-sources-491793307002-us-central1","object":"publicGetAvailability/function-source.zip","generation":"1772537952471214"}},"dockerRegistry":"ARTIFACT_REGISTRY","serviceAccount":"projects/actualbackend-3b454/serviceAccounts/491793307002-compute@developer.gserviceaccount.com","automaticUpdatePolicy":{}},"serviceConfig":{"service":"projects/actualbackend-3b454/locations/us-central1/services/publicgetavailability","timeoutSeconds":60,"environmentVariables":{"BOOKING_CONFIRMATION_EMAIL_ENABLED":"true","BOOKING_CONFIRMATION_FROM_EMAIL":"Selma+ <booking@booking.selmaplus.tech>","BOOKING_CONFIRMATION_REPLY_TO_EMAIL":"","RESEND_API_KEY":"re_DE2YQdzb_NaRV2dczsNZmRCkDc4GYCNMJ","RESEND_API_BASE":"https://api.resend.com","FIREBASE_CONFIG":"{\"projectId\":\"actualbackend-3b454\",\"databaseURL\":\"https://actualbackend-3b454-default-rtdb.europe-west1.firebasedatabase.app\",\"storageBucket\":\"actualbackend-3b454.firebasestorage.app\"}","GCLOUD_PROJECT":"actualbackend-3b454","EVENTARC_CLOUD_EVENT_SOURCE":"projects/actualbackend-3b454/locations/us-central1/services/publicGetAvailability","FUNCTION_TARGET":"publicGetAvailability","LOG_EXECUTION_ID":"true","FUNCTION_SIGNATURE_TYPE":"http"},"maxInstanceCount":10,"ingressSettings":"ALLOW_ALL","uri":"https://publicgetavailability-cqj5vybxha-uc.a.run.app","serviceAccountEmail":"491793307002-compute@developer.gserviceaccount.com","availableMemory":"256Mi","allTrafficOnLatestRevision":true,"revision":"publicgetavailability-00014-roj","maxInstanceRequestConcurrency":1,"availableCpu":"0.1666"},"state":"ACTIVE","updateTime":"2026-03-03T11:39:31.704411340Z","labels":{"firebase-functions-codebase":"python_functions","firebase-functions-hash":"e5b42d5f304284a3d66d45887f56a36e9470ed68","deployment-tool":"cli-firebase"},"environment":"GEN_2","url":"https://us-central1-actualbackend-3b454.cloudfunctions.net/publicGetAvailability","createTime":"2025-12-28T14:58:27.013272596Z","satisfiesPzi":true},{"name":"projects/actualbackend-3b454/locations/us-central1/functions/getClinicStaffPublic","buildConfig":{"build":"projects/491793307002/locations/us-central1/builds/e52ddbfc-d142-4246-a18a-8c2cc49764cb","runtime":"python312","entryPoint":"getClinicStaffPublic","source":{"storageSource":{"bucket":"gcf-v2-sources-491793307002-us-central1","object":"getClinicStaffPublic/function-source.zip","generation":"1772537952439468"}},"environmentVariables":{"GOOGLE_NODE_RUN_SCRIPTS":""},"dockerRepository":"projects/actualbackend-3b454/locations/us-central1/repositories/gcf-artifacts","sourceProvenance":{"resolvedStorageSource":{"bucket":"gcf-v2-sources-491793307002-us-central1","object":"getClinicStaffPublic/function-source.zip","generation":"1772537952439468"}},"dockerRegistry":"ARTIFACT_REGISTRY","serviceAccount":"projects/actualbackend-3b454/serviceAccounts/491793307002-compute@developer.gserviceaccount.com","automaticUpdatePolicy":{}},"serviceConfig":{"service":"projects/actualbackend-3b454/locations/us-central1/services/getclinicstaffpublic","timeoutSeconds":60,"environmentVariables":{"BOOKING_CONFIRMATION_EMAIL_ENABLED":"true","BOOKING_CONFIRMATION_FROM_EMAIL":"Selma+ <booking@booking.selmaplus.tech>","BOOKING_CONFIRMATION_REPLY_TO_EMAIL":"","RESEND_API_KEY":"re_DE2YQdzb_NaRV2dczsNZmRCkDc4GYCNMJ","RESEND_API_BASE":"https://api.resend.com","FIREBASE_CONFIG":"{\"projectId\":\"actualbackend-3b454\",\"databaseURL\":\"https://actualbackend-3b454-default-rtdb.europe-west1.firebasedatabase.app\",\"storageBucket\":\"actualbackend-3b454.firebasestorage.app\"}","GCLOUD_PROJECT":"actualbackend-3b454","EVENTARC_CLOUD_EVENT_SOURCE":"projects/actualbackend-3b454/locations/us-central1/services/getClinicStaffPublic","FUNCTION_TARGET":"getClinicStaffPublic","LOG_EXECUTION_ID":"true","FUNCTION_SIGNATURE_TYPE":"http"},"maxInstanceCount":10,"ingressSettings":"ALLOW_ALL","uri":"https://getclinicstaffpublic-cqj5vybxha-uc.a.run.app","serviceAccountEmail":"491793307002-compute@developer.gserviceaccount.com","availableMemory":"256Mi","allTrafficOnLatestRevision":true,"revision":"getclinicstaffpublic-00013-cat","maxInstanceRequestConcurrency":1,"availableCpu":"0.1666"},"state":"ACTIVE","updateTime":"2026-03-03T11:39:31.554537600Z","labels":{"deployment-tool":"cli-firebase","firebase-functions-codebase":"python_functions","firebase-functions-hash":"e5b42d5f304284a3d66d45887f56a36e9470ed68"},"environment":"GEN_2","url":"https://us-central1-actualbackend-3b454.cloudfunctions.net/getClinicStaffPublic","createTime":"2025-12-28T14:58:26.872122923Z","satisfiesPzi":true},{"name":"projects/actualbackend-3b454/locations/us-central1/functions/transcribe_audio","buildConfig":{"build":"projects/491793307002/locations/us-central1/builds/e52ddbfc-d142-4246-a18a-8c2cc49764cb","runtime":"python312","entryPoint":"transcribe_audio","source":{"storageSource":{"bucket":"gcf-v2-sources-491793307002-us-central1","object":"transcribe_audio/function-source.zip","generation":"1772537952479068"}},"environmentVariables":{"GOOGLE_NODE_RUN_SCRIPTS":""},"dockerRepository":"projects/actualbackend-3b454/locations/us-central1/repositories/gcf-artifacts","sourceProvenance":{"resolvedStorageSource":{"bucket":"gcf-v2-sources-491793307002-us-central1","object":"transcribe_audio/function-source.zip","generation":"1772537952479068"}},"dockerRegistry":"ARTIFACT_REGISTRY","serviceAccount":"projects/actualbackend-3b454/serviceAccounts/491793307002-compute@developer.gserviceaccount.com","automaticUpdatePolicy":{}},"serviceConfig":{"service":"projects/actualbackend-3b454/locations/us-central1/services/transcribe-audio","timeoutSeconds":60,"environmentVariables":{"BOOKING_CONFIRMATION_EMAIL_ENABLED":"true","BOOKING_CONFIRMATION_FROM_EMAIL":"Selma+ <booking@booking.selmaplus.tech>","BOOKING_CONFIRMATION_REPLY_TO_EMAIL":"","RESEND_API_KEY":"re_DE2YQdzb_NaRV2dczsNZmRCkDc4GYCNMJ","RESEND_API_BASE":"https://api.resend.com","FIREBASE_CONFIG":"{\"projectId\":\"actualbackend-3b454\",\"databaseURL\":\"https://actualbackend-3b454-default-rtdb.europe-west1.firebasedatabase.app\",\"storageBucket\":\"actualbackend-3b454.firebasestorage.app\"}","GCLOUD_PROJECT":"actualbackend-3b454","EVENTARC_CLOUD_EVENT_SOURCE":"projects/actualbackend-3b454/locations/us-central1/services/transcribe_audio","FUNCTION_TARGET":"transcribe_audio","LOG_EXECUTION_ID":"true","FUNCTION_SIGNATURE_TYPE":"http"},"maxInstanceCount":10,"ingressSettings":"ALLOW_ALL","uri":"https://transcribe-audio-cqj5vybxha-uc.a.run.app","serviceAccountEmail":"491793307002-compute@developer.gserviceaccount.com","availableMemory":"256Mi","allTrafficOnLatestRevision":true,"revision":"transcribe-audio-00017-guz","maxInstanceRequestConcurrency":1,"availableCpu":"0.1666"},"state":"ACTIVE","updateTime":"2026-03-03T11:39:31.726544919Z","labels":{"firebase-functions-codebase":"python_functions","firebase-functions-hash":"e5b42d5f304284a3d66d45887f56a36e9470ed68","deployment-tool":"cli-firebase"},"environment":"GEN_2","url":"https://us-central1-actualbackend-3b454.cloudfunctions.net/transcribe_audio","createTime":"2025-11-16T22:33:27.153150969Z","satisfiesPzi":true},{"name":"projects/actualbackend-3b454/locations/us-central1/functions/suggest_next_appointment","buildConfig":{"build":"projects/491793307002/locations/us-central1/builds/e52ddbfc-d142-4246-a18a-8c2cc49764cb","runtime":"python312","entryPoint":"suggest_next_appointment","source":{"storageSource":{"bucket":"gcf-v2-sources-491793307002-us-central1","object":"suggest_next_appointment/function-source.zip","generation":"1772537952476419"}},"environmentVariables":{"GOOGLE_NODE_RUN_SCRIPTS":""},"dockerRepository":"projects/actualbackend-3b454/locations/us-central1/repositories/gcf-artifacts","sourceProvenance":{"resolvedStorageSource":{"bucket":"gcf-v2-sources-491793307002-us-central1","object":"suggest_next_appointment/function-source.zip","generation":"1772537952476419"}},"dockerRegistry":"ARTIFACT_REGISTRY","serviceAccount":"projects/actualbackend-3b454/serviceAccounts/491793307002-compute@developer.gserviceaccount.com","automaticUpdatePolicy":{}},"serviceConfig":{"service":"projects/actualbackend-3b454/locations/us-central1/services/suggest-next-appointment","timeoutSeconds":60,"environmentVariables":{"BOOKING_CONFIRMATION_EMAIL_ENABLED":"true","BOOKING_CONFIRMATION_FROM_EMAIL":"Selma+ <booking@booking.selmaplus.tech>","BOOKING_CONFIRMATION_REPLY_TO_EMAIL":"","RESEND_API_KEY":"re_DE2YQdzb_NaRV2dczsNZmRCkDc4GYCNMJ","RESEND_API_BASE":"https://api.resend.com","FIREBASE_CONFIG":"{\"projectId\":\"actualbackend-3b454\",\"databaseURL\":\"https://actualbackend-3b454-default-rtdb.europe-west1.firebasedatabase.app\",\"storageBucket\":\"actualbackend-3b454.firebasestorage.app\"}","GCLOUD_PROJECT":"actualbackend-3b454","EVENTARC_CLOUD_EVENT_SOURCE":"projects/actualbackend-3b454/locations/us-central1/services/suggest_next_appointment","FUNCTION_TARGET":"suggest_next_appointment","LOG_EXECUTION_ID":"true","FUNCTION_SIGNATURE_TYPE":"http"},"maxInstanceCount":10,"ingressSettings":"ALLOW_ALL","uri":"https://suggest-next-appointment-cqj5vybxha-uc.a.run.app","serviceAccountEmail":"491793307002-compute@developer.gserviceaccount.com","availableMemory":"256Mi","allTrafficOnLatestRevision":true,"revision":"suggest-next-appointment-00011-red","maxInstanceRequestConcurrency":1,"availableCpu":"0.1666"},"state":"ACTIVE","updateTime":"2026-03-03T11:39:31.918942285Z","labels":{"firebase-functions-codebase":"python_functions","firebase-functions-hash":"e5b42d5f304284a3d66d45887f56a36e9470ed68","deployment-tool":"cli-firebase"},"environment":"GEN_2","url":"https://us-central1-actualbackend-3b454.cloudfunctions.net/suggest_next_appointment","createTime":"2025-12-18T07:32:31.268175864Z","satisfiesPzi":true},{"name":"projects/actualbackend-3b454/locations/us-central1/functions/summarize_journal","buildConfig":{"build":"projects/491793307002/locations/us-central1/builds/e52ddbfc-d142-4246-a18a-8c2cc49764cb","runtime":"python312","entryPoint":"summarize_journal","source":{"storageSource":{"bucket":"gcf-v2-sources-491793307002-us-central1","object":"summarize_journal/function-source.zip","generation":"1772537952477383"}},"environmentVariables":{"GOOGLE_NODE_RUN_SCRIPTS":""},"dockerRepository":"projects/actualbackend-3b454/locations/us-central1/repositories/gcf-artifacts","sourceProvenance":{"resolvedStorageSource":{"bucket":"gcf-v2-sources-491793307002-us-central1","object":"summarize_journal/function-source.zip","generation":"1772537952477383"}},"dockerRegistry":"ARTIFACT_REGISTRY","serviceAccount":"projects/actualbackend-3b454/serviceAccounts/491793307002-compute@developer.gserviceaccount.com","automaticUpdatePolicy":{}},"serviceConfig":{"service":"projects/actualbackend-3b454/locations/us-central1/services/summarize-journal","timeoutSeconds":60,"environmentVariables":{"BOOKING_CONFIRMATION_EMAIL_ENABLED":"true","BOOKING_CONFIRMATION_FROM_EMAIL":"Selma+ <booking@booking.selmaplus.tech>","BOOKING_CONFIRMATION_REPLY_TO_EMAIL":"","RESEND_API_KEY":"re_DE2YQdzb_NaRV2dczsNZmRCkDc4GYCNMJ","RESEND_API_BASE":"https://api.resend.com","FIREBASE_CONFIG":"{\"projectId\":\"actualbackend-3b454\",\"databaseURL\":\"https://actualbackend-3b454-default-rtdb.europe-west1.firebasedatabase.app\",\"storageBucket\":\"actualbackend-3b454.firebasestorage.app\"}","GCLOUD_PROJECT":"actualbackend-3b454","EVENTARC_CLOUD_EVENT_SOURCE":"projects/actualbackend-3b454/locations/us-central1/services/summarize_journal","FUNCTION_TARGET":"summarize_journal","LOG_EXECUTION_ID":"true","FUNCTION_SIGNATURE_TYPE":"http"},"maxInstanceCount":10,"ingressSettings":"ALLOW_ALL","uri":"https://summarize-journal-cqj5vybxha-uc.a.run.app","serviceAccountEmail":"491793307002-compute@developer.gserviceaccount.com","availableMemory":"256Mi","allTrafficOnLatestRevision":true,"revision":"summarize-journal-00016-voj","maxInstanceRequestConcurrency":1,"availableCpu":"0.1666"},"state":"ACTIVE","updateTime":"2026-03-03T11:39:31.259876133Z","labels":{"firebase-functions-hash":"e5b42d5f304284a3d66d45887f56a36e9470ed68","deployment-tool":"cli-firebase","firebase-functions-codebase":"python_functions"},"environment":"GEN_2","url":"https://us-central1-actualbackend-3b454.cloudfunctions.net/summarize_journal","createTime":"2025-12-17T22:34:56.291579944Z","satisfiesPzi":true},{"name":"projects/actualbackend-3b454/locations/us-central1/functions/createClientFromBooking","buildConfig":{"build":"projects/491793307002/locations/us-central1/builds/e52ddbfc-d142-4246-a18a-8c2cc49764cb","runtime":"python312","entryPoint":"createClientFromBooking","source":{"storageSource":{"bucket":"gcf-v2-sources-491793307002-us-central1","object":"createClientFromBooking/function-source.zip","generation":"1772537952507856"}},"environmentVariables":{"GOOGLE_NODE_RUN_SCRIPTS":""},"dockerRepository":"projects/actualbackend-3b454/locations/us-central1/repositories/gcf-artifacts","sourceProvenance":{"resolvedStorageSource":{"bucket":"gcf-v2-sources-491793307002-us-central1","object":"createClientFromBooking/function-source.zip","generation":"1772537952507856"}},"dockerRegistry":"ARTIFACT_REGISTRY","serviceAccount":"projects/actualbackend-3b454/serviceAccounts/491793307002-compute@developer.gserviceaccount.com","automaticUpdatePolicy":{}},"serviceConfig":{"service":"projects/actualbackend-3b454/locations/us-central1/services/createclientfrombooking","timeoutSeconds":60,"environmentVariables":{"BOOKING_CONFIRMATION_EMAIL_ENABLED":"true","BOOKING_CONFIRMATION_FROM_EMAIL":"Selma+ <booking@booking.selmaplus.tech>","BOOKING_CONFIRMATION_REPLY_TO_EMAIL":"","RESEND_API_KEY":"re_DE2YQdzb_NaRV2dczsNZmRCkDc4GYCNMJ","RESEND_API_BASE":"https://api.resend.com","FIREBASE_CONFIG":"{\"projectId\":\"actualbackend-3b454\",\"databaseURL\":\"https://actualbackend-3b454-default-rtdb.europe-west1.firebasedatabase.app\",\"storageBucket\":\"actualbackend-3b454.firebasestorage.app\"}","GCLOUD_PROJECT":"actualbackend-3b454","EVENTARC_CLOUD_EVENT_SOURCE":"projects/actualbackend-3b454/locations/us-central1/services/createClientFromBooking","FUNCTION_TARGET":"createClientFromBooking","LOG_EXECUTION_ID":"true","FUNCTION_SIGNATURE_TYPE":"http"},"maxInstanceCount":10,"ingressSettings":"ALLOW_ALL","uri":"https://createclientfrombooking-cqj5vybxha-uc.a.run.app","serviceAccountEmail":"491793307002-compute@developer.gserviceaccount.com","availableMemory":"256Mi","allTrafficOnLatestRevision":true,"revision":"createclientfrombooking-00006-hep","maxInstanceRequestConcurrency":1,"availableCpu":"0.1666"},"state":"ACTIVE","updateTime":"2026-03-03T11:39:31.735155292Z","labels":{"deployment-tool":"cli-firebase","firebase-functions-codebase":"python_functions","firebase-functions-hash":"e5b42d5f304284a3d66d45887f56a36e9470ed68"},"environment":"GEN_2","url":"https://us-central1-actualbackend-3b454.cloudfunctions.net/createClientFromBooking","createTime":"2026-02-02T20:10:09.269992739Z","satisfiesPzi":true},{"name":"projects/actualbackend-3b454/locations/us-central1/functions/publicGetServices","buildConfig":{"build":"projects/491793307002/locations/us-central1/builds/e52ddbfc-d142-4246-a18a-8c2cc49764cb","runtime":"python312","entryPoint":"publicGetServices","source":{"storageSource":{"bucket":"gcf-v2-sources-491793307002-us-central1","object":"publicGetServices/function-source.zip","generation":"1772537952467118"}},"environmentVariables":{"GOOGLE_NODE_RUN_SCRIPTS":""},"dockerRepository":"projects/actualbackend-3b454/locations/us-central1/repositories/gcf-artifacts","sourceProvenance":{"resolvedStorageSource":{"bucket":"gcf-v2-sources-491793307002-us-central1","object":"publicGetServices/function-source.zip","generation":"1772537952467118"}},"dockerRegistry":"ARTIFACT_REGISTRY","serviceAccount":"projects/actualbackend-3b454/serviceAccounts/491793307002-compute@developer.gserviceaccount.com","automaticUpdatePolicy":{}},"serviceConfig":{"service":"projects/actualbackend-3b454/locations/us-central1/services/publicgetservices","timeoutSeconds":60,"environmentVariables":{"BOOKING_CONFIRMATION_EMAIL_ENABLED":"true","BOOKING_CONFIRMATION_FROM_EMAIL":"Selma+ <booking@booking.selmaplus.tech>","BOOKING_CONFIRMATION_REPLY_TO_EMAIL":"","RESEND_API_KEY":"re_DE2YQdzb_NaRV2dczsNZmRCkDc4GYCNMJ","RESEND_API_BASE":"https://api.resend.com","FIREBASE_CONFIG":"{\"projectId\":\"actualbackend-3b454\",\"databaseURL\":\"https://actualbackend-3b454-default-rtdb.europe-west1.firebasedatabase.app\",\"storageBucket\":\"actualbackend-3b454.firebasestorage.app\"}","GCLOUD_PROJECT":"actualbackend-3b454","EVENTARC_CLOUD_EVENT_SOURCE":"projects/actualbackend-3b454/locations/us-central1/services/publicGetServices","FUNCTION_TARGET":"publicGetServices","LOG_EXECUTION_ID":"true","FUNCTION_SIGNATURE_TYPE":"http"},"maxInstanceCount":10,"ingressSettings":"ALLOW_ALL","uri":"https://publicgetservices-cqj5vybxha-uc.a.run.app","serviceAccountEmail":"491793307002-compute@developer.gserviceaccount.com","availableMemory":"256Mi","allTrafficOnLatestRevision":true,"revision":"publicgetservices-00007-fad","maxInstanceRequestConcurrency":1,"availableCpu":"0.1666"},"state":"ACTIVE","updateTime":"2026-03-03T11:39:32.465471584Z","labels":{"firebase-functions-hash":"e5b42d5f304284a3d66d45887f56a36e9470ed68","deployment-tool":"cli-firebase","firebase-functions-codebase":"python_functions"},"environment":"GEN_2","url":"https://us-central1-actualbackend-3b454.cloudfunctions.net/publicGetServices","createTime":"2026-01-06T10:42:29.624371763Z","satisfiesPzi":true},{"name":"projects/actualbackend-3b454/locations/us-central1/functions/getClinicServicesPublic","buildConfig":{"build":"projects/491793307002/locations/us-central1/builds/e52ddbfc-d142-4246-a18a-8c2cc49764cb","runtime":"python312","entryPoint":"getClinicServicesPublic","source":{"storageSource":{"bucket":"gcf-v2-sources-491793307002-us-central1","object":"getClinicServicesPublic/function-source.zip","generation":"1772537952441649"}},"environmentVariables":{"GOOGLE_NODE_RUN_SCRIPTS":""},"dockerRepository":"projects/actualbackend-3b454/locations/us-central1/repositories/gcf-artifacts","sourceProvenance":{"resolvedStorageSource":{"bucket":"gcf-v2-sources-491793307002-us-central1","object":"getClinicServicesPublic/function-source.zip","generation":"1772537952441649"}},"dockerRegistry":"ARTIFACT_REGISTRY","serviceAccount":"projects/actualbackend-3b454/serviceAccounts/491793307002-compute@developer.gserviceaccount.com","automaticUpdatePolicy":{}},"serviceConfig":{"service":"projects/actualbackend-3b454/locations/us-central1/services/getclinicservicespublic","timeoutSeconds":60,"environmentVariables":{"BOOKING_CONFIRMATION_EMAIL_ENABLED":"true","BOOKING_CONFIRMATION_FROM_EMAIL":"Selma+ <booking@booking.selmaplus.tech>","BOOKING_CONFIRMATION_REPLY_TO_EMAIL":"","RESEND_API_KEY":"re_DE2YQdzb_NaRV2dczsNZmRCkDc4GYCNMJ","RESEND_API_BASE":"https://api.resend.com","FIREBASE_CONFIG":"{\"projectId\":\"actualbackend-3b454\",\"databaseURL\":\"https://actualbackend-3b454-default-rtdb.europe-west1.firebasedatabase.app\",\"storageBucket\":\"actualbackend-3b454.firebasestorage.app\"}","GCLOUD_PROJECT":"actualbackend-3b454","EVENTARC_CLOUD_EVENT_SOURCE":"projects/actualbackend-3b454/locations/us-central1/services/getClinicServicesPublic","FUNCTION_TARGET":"getClinicServicesPublic","LOG_EXECUTION_ID":"true","FUNCTION_SIGNATURE_TYPE":"http"},"maxInstanceCount":10,"ingressSettings":"ALLOW_ALL","uri":"https://getclinicservicespublic-cqj5vybxha-uc.a.run.app","serviceAccountEmail":"491793307002-compute@developer.gserviceaccount.com","availableMemory":"256Mi","allTrafficOnLatestRevision":true,"revision":"getclinicservicespublic-00007-hoc","maxInstanceRequestConcurrency":1,"availableCpu":"0.1666"},"state":"ACTIVE","updateTime":"2026-03-03T11:39:32.016307282Z","labels":{"firebase-functions-codebase":"python_functions","firebase-functions-hash":"e5b42d5f304284a3d66d45887f56a36e9470ed68","deployment-tool":"cli-firebase"},"environment":"GEN_2","url":"https://us-central1-actualbackend-3b454.cloudfunctions.net/getClinicServicesPublic","createTime":"2026-01-06T10:18:45.404135689Z","satisfiesPzi":true},{"name":"projects/actualbackend-3b454/locations/us-central1/functions/api","buildConfig":{"build":"projects/491793307002/locations/us-central1/builds/e52ddbfc-d142-4246-a18a-8c2cc49764cb","runtime":"python312","entryPoint":"api","source":{"storageSource":{"bucket":"gcf-v2-sources-491793307002-us-central1","object":"api/function-source.zip","generation":"1772537952468489"}},"environmentVariables":{"GOOGLE_NODE_RUN_SCRIPTS":""},"dockerRepository":"projects/actualbackend-3b454/locations/us-central1/repositories/gcf-artifacts","sourceProvenance":{"resolvedStorageSource":{"bucket":"gcf-v2-sources-491793307002-us-central1","object":"api/function-source.zip","generation":"1772537952468489"}},"dockerRegistry":"ARTIFACT_REGISTRY","serviceAccount":"projects/actualbackend-3b454/serviceAccounts/491793307002-compute@developer.gserviceaccount.com","automaticUpdatePolicy":{}},"serviceConfig":{"service":"projects/actualbackend-3b454/locations/us-central1/services/api","timeoutSeconds":60,"environmentVariables":{"BOOKING_CONFIRMATION_EMAIL_ENABLED":"true","BOOKING_CONFIRMATION_FROM_EMAIL":"Selma+ <booking@booking.selmaplus.tech>","BOOKING_CONFIRMATION_REPLY_TO_EMAIL":"","RESEND_API_KEY":"re_DE2YQdzb_NaRV2dczsNZmRCkDc4GYCNMJ","RESEND_API_BASE":"https://api.resend.com","FIREBASE_CONFIG":"{\"projectId\":\"actualbackend-3b454\",\"databaseURL\":\"https://actualbackend-3b454-default-rtdb.europe-west1.firebasedatabase.app\",\"storageBucket\":\"actualbackend-3b454.firebasestorage.app\"}","GCLOUD_PROJECT":"actualbackend-3b454","EVENTARC_CLOUD_EVENT_SOURCE":"projects/actualbackend-3b454/locations/us-central1/services/api","FUNCTION_TARGET":"api","LOG_EXECUTION_ID":"true","FUNCTION_SIGNATURE_TYPE":"http"},"maxInstanceCount":10,"ingressSettings":"ALLOW_ALL","uri":"https://api-cqj5vybxha-uc.a.run.app","serviceAccountEmail":"491793307002-compute@developer.gserviceaccount.com","availableMemory":"256Mi","allTrafficOnLatestRevision":true,"revision":"api-00005-dih","maxInstanceRequestConcurrency":1,"availableCpu":"0.1666"},"state":"ACTIVE","updateTime":"2026-03-03T11:39:31.322990278Z","labels":{"firebase-functions-codebase":"python_functions","firebase-functions-hash":"e5b42d5f304284a3d66d45887f56a36e9470ed68","deployment-tool":"cli-firebase"},"environment":"GEN_2","url":"https://us-central1-actualbackend-3b454.cloudfunctions.net/api","createTime":"2026-02-03T14:15:58.726484825Z","satisfiesPzi":true},{"name":"projects/actualbackend-3b454/locations/us-central1/functions/publicBookAppointment","buildConfig":{"build":"projects/491793307002/locations/us-central1/builds/e52ddbfc-d142-4246-a18a-8c2cc49764cb","runtime":"python312","entryPoint":"publicBookAppointment","source":{"storageSource":{"bucket":"gcf-v2-sources-491793307002-us-central1","object":"publicBookAppointment/function-source.zip","generation":"1772537952467639"}},"environmentVariables":{"GOOGLE_NODE_RUN_SCRIPTS":""},"dockerRepository":"projects/actualbackend-3b454/locations/us-central1/repositories/gcf-artifacts","sourceProvenance":{"resolvedStorageSource":{"bucket":"gcf-v2-sources-491793307002-us-central1","object":"publicBookAppointment/function-source.zip","generation":"1772537952467639"}},"dockerRegistry":"ARTIFACT_REGISTRY","serviceAccount":"projects/actualbackend-3b454/serviceAccounts/491793307002-compute@developer.gserviceaccount.com","automaticUpdatePolicy":{}},"serviceConfig":{"service":"projects/actualbackend-3b454/locations/us-central1/services/publicbookappointment","timeoutSeconds":60,"environmentVariables":{"BOOKING_CONFIRMATION_EMAIL_ENABLED":"true","BOOKING_CONFIRMATION_FROM_EMAIL":"Selma+ <booking@booking.selmaplus.tech>","BOOKING_CONFIRMATION_REPLY_TO_EMAIL":"","RESEND_API_KEY":"re_DE2YQdzb_NaRV2dczsNZmRCkDc4GYCNMJ","RESEND_API_BASE":"https://api.resend.com","FIREBASE_CONFIG":"{\"projectId\":\"actualbackend-3b454\",\"databaseURL\":\"https://actualbackend-3b454-default-rtdb.europe-west1.firebasedatabase.app\",\"storageBucket\":\"actualbackend-3b454.firebasestorage.app\"}","GCLOUD_PROJECT":"actualbackend-3b454","EVENTARC_CLOUD_EVENT_SOURCE":"projects/actualbackend-3b454/locations/us-central1/services/publicBookAppointment","FUNCTION_TARGET":"publicBookAppointment","LOG_EXECUTION_ID":"true","FUNCTION_SIGNATURE_TYPE":"http"},"maxInstanceCount":10,"ingressSettings":"ALLOW_ALL","uri":"https://publicbookappointment-cqj5vybxha-uc.a.run.app","serviceAccountEmail":"491793307002-compute@developer.gserviceaccount.com","availableMemory":"256Mi","allTrafficOnLatestRevision":true,"revision":"publicbookappointment-00015-ham","maxInstanceRequestConcurrency":1,"availableCpu":"0.1666"},"state":"ACTIVE","updateTime":"2026-03-03T11:39:32.248223231Z","labels":{"deployment-tool":"cli-firebase","firebase-functions-codebase":"python_functions","firebase-functions-hash":"e5b42d5f304284a3d66d45887f56a36e9470ed68"},"environment":"GEN_2","url":"https://us-central1-actualbackend-3b454.cloudfunctions.net/publicBookAppointment","createTime":"2025-12-28T14:58:26.888347279Z","satisfiesPzi":true},{"name":"projects/actualbackend-3b454/locations/us-central1/functions/agent_chat","buildConfig":{"build":"projects/491793307002/locations/us-central1/builds/e52ddbfc-d142-4246-a18a-8c2cc49764cb","runtime":"python312","entryPoint":"agent_chat","source":{"storageSource":{"bucket":"gcf-v2-sources-491793307002-us-central1","object":"agent_chat/function-source.zip","generation":"1772537875207042"}},"environmentVariables":{"GOOGLE_NODE_RUN_SCRIPTS":""},"dockerRepository":"projects/actualbackend-3b454/locations/us-central1/repositories/gcf-artifacts","sourceProvenance":{"resolvedStorageSource":{"bucket":"gcf-v2-sources-491793307002-us-central1","object":"agent_chat/function-source.zip","generation":"1772537875207042"}},"dockerRegistry":"ARTIFACT_REGISTRY","serviceAccount":"projects/actualbackend-3b454/serviceAccounts/491793307002-compute@developer.gserviceaccount.com","automaticUpdatePolicy":{}},"serviceConfig":{"service":"projects/actualbackend-3b454/locations/us-central1/services/agent-chat","timeoutSeconds":60,"environmentVariables":{"BOOKING_CONFIRMATION_EMAIL_ENABLED":"true","BOOKING_CONFIRMATION_FROM_EMAIL":"Selma+ <booking@booking.selmaplus.tech>","BOOKING_CONFIRMATION_REPLY_TO_EMAIL":"","RESEND_API_KEY":"re_DE2YQdzb_NaRV2dczsNZmRCkDc4GYCNMJ","RESEND_API_BASE":"https://api.resend.com","FIREBASE_CONFIG":"{\"projectId\":\"actualbackend-3b454\",\"databaseURL\":\"https://actualbackend-3b454-default-rtdb.europe-west1.firebasedatabase.app\",\"storageBucket\":\"actualbackend-3b454.firebasestorage.app\"}","GCLOUD_PROJECT":"actualbackend-3b454","EVENTARC_CLOUD_EVENT_SOURCE":"projects/actualbackend-3b454/locations/us-central1/services/agent_chat","FUNCTION_TARGET":"agent_chat","LOG_EXECUTION_ID":"true"},"maxInstanceCount":10,"ingressSettings":"ALLOW_ALL","uri":"https://agent-chat-cqj5vybxha-uc.a.run.app","serviceAccountEmail":"491793307002-compute@developer.gserviceaccount.com","availableMemory":"256Mi","allTrafficOnLatestRevision":true,"revision":"agent-chat-00012-don","maxInstanceRequestConcurrency":1,"availableCpu":"0.1666"},"state":"ACTIVE","updateTime":"2026-03-03T11:39:10.390821679Z","labels":{"deployment-tool":"cli-firebase","firebase-functions-codebase":"python_functions","firebase-functions-hash":"e5b42d5f304284a3d66d45887f56a36e9470ed68"},"environment":"GEN_2","url":"https://us-central1-actualbackend-3b454.cloudfunctions.net/agent_chat","createTime":"2025-12-18T10:07:58.450241518Z","satisfiesPzi":true}]}
[debug] [2026-03-04T21:12:07.769Z] Checked if tokens are valid: true, expires at: 1772660740506
[debug] [2026-03-04T21:12:07.769Z] Checked if tokens are valid: true, expires at: 1772660740506
[debug] [2026-03-04T21:12:07.769Z] >>> [apiv2][query] PATCH https://firebasehosting.googleapis.com/v1beta1/projects/-/sites/actualbackend-3b454/versions/7f2ae5b22b79c73b updateMask=status%2Cconfig
[debug] [2026-03-04T21:12:07.769Z] >>> [apiv2][body] PATCH https://firebasehosting.googleapis.com/v1beta1/projects/-/sites/actualbackend-3b454/versions/7f2ae5b22b79c73b {"status":"FINALIZED","config":{"rewrites":[{"glob":"/api/corti/**","run":{"serviceId":"actualbackend-api","region":"us-central1"}},{"glob":"/ws/corti/**","run":{"serviceId":"actualbackend-api","region":"us-central1"}},{"glob":"/api/**","run":{"serviceId":"actualbackend-api","region":"us-central1"}},{"glob":"/ws/**","run":{"serviceId":"actualbackend-api","region":"us-central1"}},{"glob":"**","path":"/index.html"}]}}
[debug] [2026-03-04T21:12:09.804Z] <<< [apiv2][status] PATCH https://firebasehosting.googleapis.com/v1beta1/projects/-/sites/actualbackend-3b454/versions/7f2ae5b22b79c73b 200
[debug] [2026-03-04T21:12:09.804Z] <<< [apiv2][body] PATCH https://firebasehosting.googleapis.com/v1beta1/projects/-/sites/actualbackend-3b454/versions/7f2ae5b22b79c73b {"name":"projects/491793307002/sites/actualbackend-3b454/versions/7f2ae5b22b79c73b","status":"FINALIZED","config":{"rewrites":[{"glob":"/api/corti/**","run":{"serviceId":"actualbackend-api","region":"us-central1"}},{"glob":"/ws/corti/**","run":{"serviceId":"actualbackend-api","region":"us-central1"}},{"glob":"/api/**","run":{"serviceId":"actualbackend-api","region":"us-central1"}},{"glob":"/ws/**","run":{"serviceId":"actualbackend-api","region":"us-central1"}},{"glob":"**","path":"/index.html"}]},"labels":{"deployment-tool":"cli-firebase"},"createTime":"2026-03-04T21:11:54.439497Z","createUser":{"email":"jona223j@gmail.com"},"finalizeTime":"2026-03-04T21:12:09.690125Z","finalizeUser":{"email":"jona223j@gmail.com"}}
[debug] [2026-03-04T21:12:09.804Z] [hosting] finalized version for actualbackend-3b454:[object Object]
[info] ✔  hosting[actualbackend-3b454]: version finalized 
[info] i  hosting[actualbackend-3b454]: releasing new version... 
[debug] [2026-03-04T21:12:09.805Z] Checked if tokens are valid: true, expires at: 1772660740506
[debug] [2026-03-04T21:12:09.806Z] Checked if tokens are valid: true, expires at: 1772660740506
[debug] [2026-03-04T21:12:09.806Z] >>> [apiv2][query] POST https://firebasehosting.googleapis.com/v1beta1/projects/-/sites/actualbackend-3b454/channels/live/releases versionName=projects%2F491793307002%2Fsites%2Factualbackend-3b454%2Fversions%2F7f2ae5b22b79c73b
[debug] [2026-03-04T21:12:09.806Z] >>> [apiv2][body] POST https://firebasehosting.googleapis.com/v1beta1/projects/-/sites/actualbackend-3b454/channels/live/releases {}
[debug] [2026-03-04T21:12:12.003Z] <<< [apiv2][status] POST https://firebasehosting.googleapis.com/v1beta1/projects/-/sites/actualbackend-3b454/channels/live/releases 200
[debug] [2026-03-04T21:12:12.003Z] <<< [apiv2][body] POST https://firebasehosting.googleapis.com/v1beta1/projects/-/sites/actualbackend-3b454/channels/live/releases {"name":"projects/491793307002/sites/actualbackend-3b454/channels/live/releases/1772658730927000","version":{"name":"projects/491793307002/sites/actualbackend-3b454/versions/7f2ae5b22b79c73b","status":"FINALIZED","config":{"rewrites":[{"glob":"/api/corti/**","run":{"serviceId":"actualbackend-api","region":"us-central1"}},{"glob":"/ws/corti/**","run":{"serviceId":"actualbackend-api","region":"us-central1"}},{"glob":"/api/**","run":{"serviceId":"actualbackend-api","region":"us-central1"}},{"glob":"/ws/**","run":{"serviceId":"actualbackend-api","region":"us-central1"}},{"glob":"**","path":"/index.html"}]},"labels":{"deployment-tool":"cli-firebase"},"createTime":"2026-03-04T21:11:54.439497Z","createUser":{"email":"jona223j@gmail.com","imageUrl":"https://lh3.googleusercontent.com/a/ACg8ocLXu-GSlMQGsLeSp7YZi3J9YcWy-U4_QU-Cn-bxsJhFS6GQ=mo"},"finalizeTime":"2026-03-04T21:12:09.690125Z","finalizeUser":{"email":"jona223j@gmail.com","imageUrl":"https://lh3.googleusercontent.com/a/ACg8ocLXu-GSlMQGsLeSp7YZi3J9YcWy-U4_QU-Cn-bxsJhFS6GQ=mo"}},"type":"DEPLOY","releaseTime":"2026-03-04T21:12:10.927Z","releaseUser":{"email":"jona223j@gmail.com","imageUrl":"https://lh3.googleusercontent.com/a/ACg8ocLXu-GSlMQGsLeSp7YZi3J9YcWy-U4_QU-Cn-bxsJhFS6GQ=mo"}}
[debug] [2026-03-04T21:12:12.003Z] [hosting] release: {"name":"projects/491793307002/sites/actualbackend-3b454/channels/live/releases/1772658730927000","version":{"name":"projects/491793307002/sites/actualbackend-3b454/versions/7f2ae5b22b79c73b","status":"FINALIZED","config":{"rewrites":[{"glob":"/api/corti/**","run":{"serviceId":"actualbackend-api","region":"us-central1"}},{"glob":"/ws/corti/**","run":{"serviceId":"actualbackend-api","region":"us-central1"}},{"glob":"/api/**","run":{"serviceId":"actualbackend-api","region":"us-central1"}},{"glob":"/ws/**","run":{"serviceId":"actualbackend-api","region":"us-central1"}},{"glob":"**","path":"/index.html"}]},"labels":{"deployment-tool":"cli-firebase"},"createTime":"2026-03-04T21:11:54.439497Z","createUser":{"email":"jona223j@gmail.com","imageUrl":"https://lh3.googleusercontent.com/a/ACg8ocLXu-GSlMQGsLeSp7YZi3J9YcWy-U4_QU-Cn-bxsJhFS6GQ=mo"},"finalizeTime":"2026-03-04T21:12:09.690125Z","finalizeUser":{"email":"jona223j@gmail.com","imageUrl":"https://lh3.googleusercontent.com/a/ACg8ocLXu-GSlMQGsLeSp7YZi3J9YcWy-U4_QU-Cn-bxsJhFS6GQ=mo"}},"type":"DEPLOY","releaseTime":"2026-03-04T21:12:10.927Z","releaseUser":{"email":"jona223j@gmail.com","imageUrl":"https://lh3.googleusercontent.com/a/ACg8ocLXu-GSlMQGsLeSp7YZi3J9YcWy-U4_QU-Cn-bxsJhFS6GQ=mo"}}
[info] ✔  hosting[actualbackend-3b454]: release complete 
[info] 
[info] ✔  Deploy complete! 
[info] 
[info] Project Console: https://console.firebase.google.com/project/actualbackend-3b454/overview
[info] Hosting URL: https://actualbackend-3b454.web.app
[debug] [2026-03-05T05:03:53.073Z] ----------------------------------------------------------------------
[debug] [2026-03-05T05:03:53.075Z] Command:       /opt/homebrew/Cellar/node/25.6.0/bin/node /Users/jonasyaich/.npm/_npx/ba4f1959e38407b5/node_modules/.bin/firebase deploy --only hosting
[debug] [2026-03-05T05:03:53.076Z] CLI Version:   15.8.0
[debug] [2026-03-05T05:03:53.076Z] Platform:      darwin
[debug] [2026-03-05T05:03:53.076Z] Node Version:  v25.6.0
[debug] [2026-03-05T05:03:53.076Z] Time:          Thu Mar 05 2026 06:03:53 GMT+0100 (Central European Standard Time)
[debug] [2026-03-05T05:03:53.076Z] ----------------------------------------------------------------------
[debug] 
[debug] [2026-03-05T05:03:54.325Z] > command requires scopes: ["email","openid","https://www.googleapis.com/auth/cloudplatformprojects.readonly","https://www.googleapis.com/auth/firebase","https://www.googleapis.com/auth/cloud-platform"]
[debug] [2026-03-05T05:03:54.325Z] > authorizing via signed-in user (jona223j@gmail.com)
[debug] [2026-03-05T05:03:54.325Z] [iam] checking project actualbackend-3b454 for permissions ["firebase.projects.get","firebasehosting.sites.update"]
[debug] [2026-03-05T05:03:54.326Z] Checked if tokens are valid: false, expires at: 1772660740506
[debug] [2026-03-05T05:03:54.326Z] Checked if tokens are valid: false, expires at: 1772660740506
[debug] [2026-03-05T05:03:54.326Z] > refreshing access token with scopes: []
[debug] [2026-03-05T05:03:54.327Z] >>> [apiv2][query] POST https://www.googleapis.com/oauth2/v3/token [none]
[debug] [2026-03-05T05:03:54.327Z] >>> [apiv2][body] POST https://www.googleapis.com/oauth2/v3/token [omitted]
[debug] [2026-03-05T05:03:54.545Z] <<< [apiv2][status] POST https://www.googleapis.com/oauth2/v3/token 200
[debug] [2026-03-05T05:03:54.546Z] <<< [apiv2][body] POST https://www.googleapis.com/oauth2/v3/token [omitted]
[debug] [2026-03-05T05:03:54.568Z] >>> [apiv2][query] POST https://cloudresourcemanager.googleapis.com/v1/projects/actualbackend-3b454:testIamPermissions [none]
[debug] [2026-03-05T05:03:54.568Z] >>> [apiv2][(partial)header] POST https://cloudresourcemanager.googleapis.com/v1/projects/actualbackend-3b454:testIamPermissions  x-goog-user-project=actualbackend-3b454
[debug] [2026-03-05T05:03:54.568Z] >>> [apiv2][body] POST https://cloudresourcemanager.googleapis.com/v1/projects/actualbackend-3b454:testIamPermissions {"permissions":["firebase.projects.get","firebasehosting.sites.update"]}
[debug] [2026-03-05T05:03:55.461Z] <<< [apiv2][status] POST https://cloudresourcemanager.googleapis.com/v1/projects/actualbackend-3b454:testIamPermissions 200
[debug] [2026-03-05T05:03:55.461Z] <<< [apiv2][body] POST https://cloudresourcemanager.googleapis.com/v1/projects/actualbackend-3b454:testIamPermissions {"permissions":["firebase.projects.get","firebasehosting.sites.update"]}
[debug] [2026-03-05T05:03:55.462Z] Checked if tokens are valid: true, expires at: 1772690633546
[debug] [2026-03-05T05:03:55.462Z] Checked if tokens are valid: true, expires at: 1772690633546
[debug] [2026-03-05T05:03:55.463Z] >>> [apiv2][query] GET https://firebase.googleapis.com/v1beta1/projects/actualbackend-3b454 [none]
[debug] [2026-03-05T05:03:56.176Z] <<< [apiv2][status] GET https://firebase.googleapis.com/v1beta1/projects/actualbackend-3b454 200
[debug] [2026-03-05T05:03:56.176Z] <<< [apiv2][body] GET https://firebase.googleapis.com/v1beta1/projects/actualbackend-3b454 {"projectId":"actualbackend-3b454","projectNumber":"491793307002","displayName":"actualbackend","name":"projects/actualbackend-3b454","resources":{"hostingSite":"actualbackend-3b454","realtimeDatabaseInstance":"actualbackend-3b454-default-rtdb"},"state":"ACTIVE","etag":"1_63b84acb-4b65-4cb2-9484-4807c31e764b"}
[info] 
[info] === Deploying to 'actualbackend-3b454'...
[info] 
[info] i  deploying hosting 
[debug] [2026-03-05T05:03:56.184Z] Checked if tokens are valid: true, expires at: 1772690633546
[debug] [2026-03-05T05:03:56.184Z] Checked if tokens are valid: true, expires at: 1772690633546
[debug] [2026-03-05T05:03:56.184Z] >>> [apiv2][query] POST https://firebasehosting.googleapis.com/v1beta1/projects/-/sites/actualbackend-3b454/versions [none]
[debug] [2026-03-05T05:03:56.184Z] >>> [apiv2][body] POST https://firebasehosting.googleapis.com/v1beta1/projects/-/sites/actualbackend-3b454/versions {"status":"CREATED","labels":{"deployment-tool":"cli-firebase"}}
[debug] [2026-03-05T05:03:59.128Z] <<< [apiv2][status] POST https://firebasehosting.googleapis.com/v1beta1/projects/-/sites/actualbackend-3b454/versions 200
[debug] [2026-03-05T05:03:59.128Z] <<< [apiv2][body] POST https://firebasehosting.googleapis.com/v1beta1/projects/-/sites/actualbackend-3b454/versions {"name":"projects/491793307002/sites/actualbackend-3b454/versions/08bca141abdfdfe2","status":"CREATED","config":{},"labels":{"deployment-tool":"cli-firebase"}}
[info] i  hosting[actualbackend-3b454]: beginning deploy... 
[info] i  hosting[actualbackend-3b454]: found 160 files in build 
[debug] [2026-03-05T05:03:59.154Z] [hosting] uploading with 200 concurrency
[debug] [2026-03-05T05:03:59.639Z] Checked if tokens are valid: true, expires at: 1772690633546
[debug] [2026-03-05T05:03:59.639Z] Checked if tokens are valid: true, expires at: 1772690633546
[debug] [2026-03-05T05:03:59.640Z] [hosting] hash cache [YnVpbGQ] stored for 160 files
[debug] [2026-03-05T05:03:59.640Z] [hosting][hash queue][FINAL] {"max":481,"min":20,"avg":41.612500000000004,"active":0,"complete":160,"success":160,"errored":0,"retried":0,"total":160,"elapsed":485}
[debug] [2026-03-05T05:03:59.640Z] >>> [apiv2][query] POST https://firebasehosting.googleapis.com/v1beta1/projects/491793307002/sites/actualbackend-3b454/versions/08bca141abdfdfe2:populateFiles [none]
[debug] [2026-03-05T05:03:59.640Z] >>> [apiv2][body] POST https://firebasehosting.googleapis.com/v1beta1/projects/491793307002/sites/actualbackend-3b454/versions/08bca141abdfdfe2:populateFiles {"files":{"/robots.txt":"391d14b3c2f8c9143a27a28c7399585142228d4d1bdbe2c87ac946de411fa9a2","/manifest.json":"af4c60dfde4694552dbdd63592ddc540a3be2c5b5c4fca387ae80d45c3ce530e","/index.html":"c06a9a99eb283b4807577e87e46ce9560ee6433a314ff6116a0c50f6f290f38c","/asset-manifest.json":"9638a19a0d8edcd183246bf62f89dc04c2f1c54767b5d336f9bd1da15129f913","/static/js/main.108e107f.js.LICENSE.txt":"1b4d627902473c9cc92dbcdb7c9e9e6747b03e557e7252c7443694cac34beadc","/logo512.png":"64aabb146fe7b27bc6f1501e9770db37a3e76e15ae9714cc37953f6c41efc80a","/static/js/996.0fea2cb8.chunk.js.LICENSE.txt":"15e2d48aa7cb934f45a93392e9882770f25beb22f98ac210b1eb942ff30a4917","/static/js/996.0fea2cb8.chunk.js.map":"c2cad5dcd24d7d36bdc6a9ca06e562a218f0558d91e821e72e44c7199b2102d3","/logo192.png":"4395bc4a7245fe22bfcbd5e44ed7fbb2b7e43d923da872b731c7411533a5f4d8","/static/js/996.0fea2cb8.chunk.js":"f3e78d74b2f56483298885de02b135ef4d8a0bc63177a053efb7e5748529840c","/static/js/99.0341e4d8.chunk.js.LICENSE.txt":"26f01abe96e2f2c8007d52aa1a5d66293132cc4ff5196720586e069a1659c52f","/static/js/98.c1c7134a.chunk.js.LICENSE.txt":"15e2d48aa7cb934f45a93392e9882770f25beb22f98ac210b1eb942ff30a4917","/static/js/98.c1c7134a.chunk.js":"9391aa02f6f40d45ae2b78447cb4e104be0b678abc20e0dae25af055318bc5ec","/static/js/943.1590b78c.chunk.js.LICENSE.txt":"15e2d48aa7cb934f45a93392e9882770f25beb22f98ac210b1eb942ff30a4917","/static/js/98.c1c7134a.chunk.js.map":"d1427166b09e7379107d669bbc4fa7a4f13a3e42ae792ddd00e0d732e363a653","/static/js/943.1590b78c.chunk.js":"211536a4673704797c0c6403656541f6e061cd61945859fe33cd945b8493f0fa","/static/js/907.27deefa2.chunk.js":"b133f1d37b7f9d1ba0e2abecebafbde1dc70d73673b3ab5e47289814103c0754","/static/js/890.2ada8c02.chunk.js.LICENSE.txt":"00ef89c487faa38ca54c1241c5e06e148a24c3b4b3549007273a145957ad125e","/static/js/943.1590b78c.chunk.js.map":"7fe8cd18fecd5655ed1403517cf8832f6655ac18f89373250d662dc06731f241","/static/js/807.0e598e3d.chunk.js":"614bd86bb940c98edab4aeeaa3e68d8e6f498d4902e5cd0a50f6a17227da69f9","/static/js/807.0e598e3d.chunk.js.map":"6284f146eeaf00ee0bf4228dc6fba338011ea2a6b38dd9b1e7f088cd975dd3c4","/static/js/847.59742d32.chunk.js.LICENSE.txt":"15e2d48aa7cb934f45a93392e9882770f25beb22f98ac210b1eb942ff30a4917","/favicon.ico":"81b6fdb9e284828c8c0a50f0b6832dcbad8fbbeff9957e6821ad0ebb3c378bfe","/static/js/787.82a750a2.chunk.js.map":"8d55470f539f4cb3a729fc57a74e9b9829644f373815a51d2ff72b646e31fa57","/static/js/787.82a750a2.chunk.js":"a4804bf00766fef9b8cf08494b1797a9f1c5347ead4d0e464ebaeb4629c47592","/static/js/726.63e0b181.chunk.js":"aebc4e2fd6a9b07fb63ff97cce14e2beea06412612a4fffb4c3553e07fd4463e","/static/js/787.82a750a2.chunk.js.LICENSE.txt":"15e2d48aa7cb934f45a93392e9882770f25beb22f98ac210b1eb942ff30a4917","/static/js/726.63e0b181.chunk.js.map":"e77e883dd09c29424c2a5f20c45c648bb309b1b3ba149d6fa8d996e66874b2b9","/static/js/688.454f7f32.chunk.js.map":"4e2178812c7d47a04d9359016c254ff1281c6895da880565c95bde11b05db010","/static/js/688.454f7f32.chunk.js":"e9382c633dd02d401be1f16d2c4208aba4123d6faed3a1caa3e1a5f6508c5240","/static/js/678.78a4a591.chunk.js.map":"16e64cc35b7ba59b15531be1cbae0460a5b4bd61a65a1a6fe8c8266357ca2aea","/static/js/736.ba530f14.chunk.js":"f60edb9db2ade838ad2f202628fd6e2190091866268c2cc403070af289c2614c","/static/js/685.7d930c59.chunk.js":"4cdc2a0233e956b43037f67257aeb0d9181314be51cd6294a9763bf2b30c1f0d","/static/js/678.78a4a591.chunk.js":"43c2a87a21d367d01ccb70147fe09f51a974fcb478aad9a5ae81065960a981d6","/static/js/642.4fd34104.chunk.js":"f1df37648885794e787a645944e1ca34652459fadad64fa33289132ed7a6fe57","/static/js/590.203f49d1.chunk.js.LICENSE.txt":"15e2d48aa7cb934f45a93392e9882770f25beb22f98ac210b1eb942ff30a4917","/static/js/590.203f49d1.chunk.js":"282767ce7ba25f0d8512440e2f41f3a103b720e6999e923dbd5527ce8c8ece78","/static/js/907.27deefa2.chunk.js.map":"65fa72bdf01997b3d6ab44b53472750741a8a721586ce0c2d1004d8ce15ab6bf","/static/js/685.7d930c59.chunk.js.map":"fa6d17948044922d9e0869219ea46bc99e7c1d7187b000de6e50f67a0b978da9","/static/js/736.ba530f14.chunk.js.map":"29e035c401849c8504ccc3b1dc8a4e143dc8730023ead8475c6af777d9ff7082","/static/js/642.4fd34104.chunk.js.map":"b4907b4f8ea00239daaba0ef6b796b56dde179ca7d8d517b432362e19ed89517","/static/js/590.203f49d1.chunk.js.map":"ab10734e49a190d4bbc5467203ab5877d72a6a73b489371dc7e658a44197b4fd","/static/js/847.59742d32.chunk.js":"c646ba70e12b8818aa7b142abff590356230195c6cffaf429c920715c5c012cb","/static/js/890.2ada8c02.chunk.js":"4e3c3f2bb1d0a65922fd75a63e0d56be590bfedb697b690aebf62a1f1f6bf8e4","/static/js/564.b0c6fb88.chunk.js":"b141e4aa22c0e0b74ea78ff2a34f766db7265770fe6f2d20218847ae3f5e5f39","/static/js/553.4c9df158.chunk.js.LICENSE.txt":"15e2d48aa7cb934f45a93392e9882770f25beb22f98ac210b1eb942ff30a4917","/static/js/564.b0c6fb88.chunk.js.map":"1cf7c88c9f9f7280b64b786bfd4e0b20d399231d3c07cf4bdb5236850eecc380","/static/js/549.7be43e80.chunk.js":"af6a8d1d51ef8d859c006197d56ead4d557baf93d5d78a1e802cb9d2a72d0890","/static/js/495.2bc730e6.chunk.js.LICENSE.txt":"15e2d48aa7cb934f45a93392e9882770f25beb22f98ac210b1eb942ff30a4917","/static/js/495.2bc730e6.chunk.js":"252a8773a706c6fbce4016af2866202e72da1c317829405f71988ac45b0128ab","/static/js/492.bf36c957.chunk.js.LICENSE.txt":"15e2d48aa7cb934f45a93392e9882770f25beb22f98ac210b1eb942ff30a4917","/static/js/492.bf36c957.chunk.js":"6b668e5541fdc5711b72a44303c1402a3cd26a170bbd7762b33a2e69b53c303f","/static/js/492.bf36c957.chunk.js.map":"e059e30f998e634b4cff62f3938da4ade26bf1ee76991eb3f63a394fe6cb9b8a","/static/js/495.2bc730e6.chunk.js.map":"dccddfe3de893110225091213e766315bcf6e7bbf72a92486e3a6b0b098d4139","/static/js/464.3c7fec9e.chunk.js.LICENSE.txt":"15e2d48aa7cb934f45a93392e9882770f25beb22f98ac210b1eb942ff30a4917","/static/js/464.3c7fec9e.chunk.js":"0065d2b96a419d0229c7be7093cbaa3f0ed1a19ce0c28253a565dcf45f01339a","/static/js/453.d2cde605.chunk.js.map":"25be544347546da4eb7fce5171d3bd11e9b11bb39224d62ccd8a1213e412ada0","/static/js/453.d2cde605.chunk.js":"22998aacf99aaf14ad3e2bdb3fbb71f731aa7190c603cee85bc34b5892592175","/static/js/464.3c7fec9e.chunk.js.map":"68716785616e25228a1f753fcfedfdf1648b673b18ac93cac1c62d50fda6a9f6","/static/js/363.2218568f.chunk.js":"ffde8cd5003fc97da3eb9ba4a67c9e8b47927d4a7da1d846184865279325fdc4","/static/js/338.4dffaff2.chunk.js.LICENSE.txt":"15e2d48aa7cb934f45a93392e9882770f25beb22f98ac210b1eb942ff30a4917","/static/js/338.4dffaff2.chunk.js":"370c9ef4471cd982e3839afe2ee50bdfa8888e04bf59f4ed831af383954f65d6","/static/js/333.3218a2e8.chunk.js.LICENSE.txt":"15e2d48aa7cb934f45a93392e9882770f25beb22f98ac210b1eb942ff30a4917","/static/js/303.2b46552b.chunk.js.map":"12d21caa59577b9a9bc6fd78932458e18b4a8f9700d74dee9f6f41047c0f901c","/static/js/333.3218a2e8.chunk.js":"1526ef2f24d1b39e31ee544f9faa8887dfd9e0060cbed7d45cf53ebad1da1f85","/static/js/303.2b46552b.chunk.js.LICENSE.txt":"15e2d48aa7cb934f45a93392e9882770f25beb22f98ac210b1eb942ff30a4917","/static/js/303.2b46552b.chunk.js":"1aa37ba5a24ad1bf5edcd6b74f0f9180399448b0d2fdc8bf584b5c531d51280a","/static/js/296.37790df1.chunk.js.LICENSE.txt":"15e2d48aa7cb934f45a93392e9882770f25beb22f98ac210b1eb942ff30a4917","/static/js/296.37790df1.chunk.js.map":"c89b58e50efb9e4dc106177eed2657dc43f11a253ab9589422a3948d6aaab7bf","/static/js/296.37790df1.chunk.js":"885aa986c6a48ea4db03a059de9ad1203b5ef70899cec083128a8eb5e01d0ba9","/static/js/288.697f6044.chunk.js.LICENSE.txt":"15e2d48aa7cb934f45a93392e9882770f25beb22f98ac210b1eb942ff30a4917","/static/js/553.4c9df158.chunk.js":"09fcb3f914e89cacc55fed975f4ea509ec1dd00d103fbe013bcbbd76174921b9","/static/js/269.05944dcc.chunk.js":"fd5ca4ec8794ad322c5cf31a7f3863f179197d2709b830542833db799db7c73d","/static/js/549.7be43e80.chunk.js.map":"cb938089b5581cf3a56d33cef95f029d0d1a279dd493c36760ca274e509afe4d","/static/js/333.3218a2e8.chunk.js.map":"4a4c699fffded725e7eae4aeb479d57ace2b53113ef979fa27057f1d3f4423f9","/static/js/265.e09344b3.chunk.js.LICENSE.txt":"15e2d48aa7cb934f45a93392e9882770f25beb22f98ac210b1eb942ff30a4917","/static/js/265.e09344b3.chunk.js.map":"8539842c29ddc40086137b813f3496723ceb75cf9fe546f6bc9e4f1cff605590","/static/js/363.2218568f.chunk.js.map":"7bf2f1c879eeb7fa217f8fa53ec87604d8206f4de49a02323a818b8240e1f395","/static/js/99.0341e4d8.chunk.js":"e2c837973c4a214d13e75ba42c4e25df358416277648f0df6a3a37b1db5fd831","/static/js/288.697f6044.chunk.js":"d260ec72e485fa7e207e1e83bbfdc8d3560895923f66fcd893d466c0b38b9bca","/static/js/265.e09344b3.chunk.js":"e02a62400d84db75b8f9543b443b90d54e22d715f6dba6a030a9bbe225a7d255","/static/js/338.4dffaff2.chunk.js.map":"b5ee6f86632eca7401f830cb6b068f34da6ed3f59c6f9eb45f0707c72901d256","/static/js/263.1c93bf92.chunk.js":"3a9809c5f11135edd7a224901191a964fe98bbae51157e32b29796f310e616d8","/static/js/269.05944dcc.chunk.js.map":"5c40435c6e89cc65ded04ca2479103207f58db9e62b677c45ac1e46d307c7b62","/static/js/233.1690ba19.chunk.js":"1ffc32abae04ba3a7422ffc5a5d64304681320cf04247910e367e340a5721e76","/static/js/176.8d762c95.chunk.js":"d7487313c2069e3d569e09e21834335e854598e620ad49cb39f816d4edbc547a","/static/js/150.51ee49a7.chunk.js.LICENSE.txt":"15e2d48aa7cb934f45a93392e9882770f25beb22f98ac210b1eb942ff30a4917","/static/js/176.8d762c95.chunk.js.map":"784caeb7413799d80326e5f0d909cf453775153ef3caa7a5031c5fce8ea068e6","/static/js/150.51ee49a7.chunk.js.map":"632aa4d6f2bc7a98ce2c6a2a85f357500f2f4c28c198459562e3685f466064a8","/static/js/125.40b31da6.chunk.js":"f6c5ab37adafcf301adde38845de1cc288d72eb4f349f3ad4ccfa1bc57d801f5","/static/js/150.51ee49a7.chunk.js":"e1ba92c43a35fb8904db3d78eae1b53c5e02b81718b7a20450d8551056ff98a9","/static/js/111.b2b96088.chunk.js.LICENSE.txt":"15e2d48aa7cb934f45a93392e9882770f25beb22f98ac210b1eb942ff30a4917","/static/js/125.40b31da6.chunk.js.map":"87bd762252347156b7cabc093e502933cce328e30e9d8850e61ef4bb281a3160","/static/js/233.1690ba19.chunk.js.map":"6c23ab8d1db1dde7b4c7448180318524c4423e1fe29fed057d95090cec3ae42f","/static/css/996.0abfc4c7.chunk.css.map":"7df8ac8b935c3e83222da672129ff3d18187bab04e36fff37d33e23137b20d1d","/static/css/996.0abfc4c7.chunk.css":"61a535217995f6e3058e430b0ec92f12d34bc273144a788ed21f64d061a32f3b","/static/css/943.48d1088b.chunk.css.map":"42df84968151b5655bbab7b7cf2d021be436f3bb6b16f87d9a50c73e10d72860","/static/css/943.48d1088b.chunk.css":"c86341e6a1529bae35e07bc831d79deb97e59716016509920b013c555335fa8d","/static/css/807.b41774b7.chunk.css":"aa6eb10312eb8d448e90970c9847948665dba57822c888ade78f04a858eef280","/static/css/807.b41774b7.chunk.css.map":"c7bbdbef98a2e4a994c9ea5ad07a32b0f6680f6f4c833cb670a6f695a48b8e8a","/static/css/688.30ef763c.chunk.css.map":"d42cc03fe01d12f302ca3329a7e8b9ed6f60d33fe1cf99bc5cedd3c442369af5","/static/css/736.28ba2c84.chunk.css":"23f616354b50d20babf3647be146ad4c2ee92a0a4082b95addbe7a09ccd779aa","/static/css/688.30ef763c.chunk.css":"cb05c1668fb6ff27b5ab7ac4a4791c19a5a74bd2b6cd6640bc461ad2d8350f87","/static/css/685.2e672648.chunk.css.map":"e0e3934d644ff120649c4a93efcaa64792f257f9620a109ccdfb96c55ac87635","/static/css/736.28ba2c84.chunk.css.map":"76fb679ee114d45f023dfc5f0f2361429ba23b741b3d0d67f61fca7c1ae3ba7d","/static/css/685.2e672648.chunk.css":"b3d841ee1c7fc4411398566dff84901bf43ace942b86046157d562ff7a269415","/static/css/590.56fce157.chunk.css":"7676083a483b4a8b7c0d9ed55b52daec5c2bbe897b6c908a538706891176caa0","/static/css/564.cb854582.chunk.css.map":"60ded699ec67863b8b6b8c0fed2b4fd86ecf39599e42fd68bbb7c9a581e58c86","/static/css/590.56fce157.chunk.css.map":"1e6b6f93df1c03c289117833cc86283f8109478eda37e0269e90ed8ce573e621","/static/css/564.cb854582.chunk.css":"d0316b2939f987291fa08c8f8193e0751809595fecf879be43de86953d144027","/static/css/338.44779294.chunk.css.map":"40e7ce3af3686e49edcba9624eeb3efdfb871a36380b536f5916d04c280eb0a8","/static/css/338.44779294.chunk.css":"571552f44d0b1d5044e56175cb439f180d1863aea719697f8cee114ac775ad60","/static/css/main.45ab513d.css.map":"fb147f747af8b2fb188ee99d7328293043b0a2e795a8ac0d69a7f6536878e0a3","/static/js/263.1c93bf92.chunk.js.map":"7b9b0eb9fd2b9dbf7293ce33bf533c283247da7a70744bd145c302d7901917d2","/static/css/333.8acaa905.chunk.css":"0df91d8cf13fdb6c79be5c0e8f8f9dfe7badccfdad72600c0ae33d7f8a9d34d5","/static/css/333.8acaa905.chunk.css.map":"d9166296d53c86e125a4087695589b268d13ca2a6f86a3310e1f1a07d36e054b","/static/css/296.28eb687f.chunk.css.map":"916309e9b2d757092eeb271ae9177740c8b8b15395b98c8c4b1b0e301f47543b","/static/js/111.b2b96088.chunk.js":"9b194a3112ba58bd0fbd2ee43945a5e5d67b3fc36873b5af3a9dff5d9dbe87b0","/static/css/296.28eb687f.chunk.css":"ca8acb34c71be13f0fffa9c46917c393d013241e7930e545b449f826d463bf91","/static/css/288.6f2d9f40.chunk.css":"db51a1d5246cc0bef62483781db0be1dcb489d50556288e2e0bedd4aeb0a90a0","/static/css/288.6f2d9f40.chunk.css.map":"541b9d46f94bb36d00691395e1a344712b013ddfff12b0d696cff4a0c08d5715","/static/css/269.76bad261.chunk.css":"4dc4f158aeb3538928157e8edd6a7dcf21222eac7670a002088f439da691298a","/static/css/269.76bad261.chunk.css.map":"b921982c9a5d599d58ff63d68e5223206251a71fe046258c3acf09913a120567","/static/css/265.e8b3f508.chunk.css.map":"68194589a678163c42cbf597f86e18754502489a3196b94a25b3d40a5426be40","/static/css/main.45ab513d.css":"1299e8d374ca5b4834ddbde8a39351b20854d7457bc291e0a7c7dc6651cb9eaf","/static/css/265.e8b3f508.chunk.css":"38309be7a909d0a52993dcf275c9cd8c9f3c4e6c57885414b2f1fe15b2a25f0d","/static/css/130.392a2e2d.chunk.css":"59fa56e1e977bf04953b60ee51dca942e3d4daa4f52ada88ad7964f465677df0","/static/css/130.392a2e2d.chunk.css.map":"badac6b25807f9889883c3ec90dedd3544634f6deb6b9c2866a19677c12929e4","/static/css/125.ffd2608f.chunk.css":"5d5a8145595e927dd9f40a11e9893f7e4d7fa9891e47954c5a4f9c8f3abfc1d7","/static/css/125.ffd2608f.chunk.css.map":"80350cbe09289026feffd177f1c2a6e8151efeaa6d494afdcc927975fc78328d","/static/css/127.5025c5e8.chunk.css":"c18485914c2d084292d8ce20f091dbcde78c37398030b9dfd2fa46f8daceb0b4","/hero-5/unnamed.jpg":"d0d5f07f3c7d421eb939d435e0d69c82352541204b0d7fc6fb9718404767fccd","/hero-5/apple-pay-logo-coopbank.webp":"2307d345345dcd54aef47e5eb63a1296f3c913d842bdbc663601546be8cc6428","/hero-5/Mastercard_2019_logo.svg":"383ef9f8a933f72f1a5fc35b7ab4a2f18ae974156d78794038b32fb6afdbebd4","/hero-5/Visa_Grey.avif":"c08fef8c80a87eca21fef3b2260d835ed8085303e2ab5132f64090ead128b8d7","/static/css/127.5025c5e8.chunk.css.map":"ffeb2055675c65ae614ea7075a1ad8f5255902e7436ef949b453e50c1f0804eb","/static/js/288.697f6044.chunk.js.map":"2c21db30dd4809c301b2d18279bba286dfeedc0e9a1ee24598db20dc239d27a6","/static/js/553.4c9df158.chunk.js.map":"c83fdb95faae53ebef419914ee9e2040dd46379fec872adef14c7c37a563c260","/hero-5/unnamed.webp":"053d2c1e8ff29c8f5f3c630136e4e1776a8c2231334a4b79912c25168e65031e","/hero-5/physio-picture.jpg":"2d1249adc33d7929226cca9173fe87ac56487edc734806e3f51a246a37be8220","/hero-5/selma-logo-final.jpg":"1b9989229fde27bce3f5dcfabfeb08f0f15657b56812e1c8d7ea2ef3fb5639b3","/static/js/847.59742d32.chunk.js.map":"e8c77468995dae8c025917e9bb4095a5c51731dcecfc721aa95be19d010aad19","/hero-5/MobilePay-1200x627.jpg":"e6dd51a6112a09aa33e67a27d1a3b6fbac19bdd3c2eeba7113497e80bcc04075","/static/js/111.b2b96088.chunk.js.map":"0f03848bd602093e6f5b87ba03c2c7588cab6fb8e25c8b38596e629871113571","/hero-5/booking-hjemmeside.jpg":"a4de6fcd8b833421127bffe75ef3972653659c8e380a275156ce32e27d90fb26","/static/js/890.2ada8c02.chunk.js.map":"dba798692a7038d67fc69576b2cd5c4e5a870de72c325a074f144b16872e7467","/hero-5/insta-profil.jpg":"b4883fc86225c184d1c7936dc16f46dfd55784845a34862e9f1e97ed896964c9","/static/js/99.0341e4d8.chunk.js.map":"1dea4cf2a5b7d167bb3b8e140be7cbca67d61342e8fa00999c74ece546473efc","/static/js/main.108e107f.js":"6062318e854bb94b6fa9de72fd7553a48ae51605018d64213307d27633a7291c","/hero-4/clinic-overview.png":"fc15885d0428a8a30ba6d317056de0869d40b2b5668dac7a938cef266556d5b0","/hero-6/screen-3.png":"9a0551e4dd92e4a95ba99826a333237b3c3bb22e9247900418cc4f6e1127e2d0","/hero-4/calendar-week.png":"0343644df56057efa8951e2aae430cc7ae969cf41e7343495f942765ee07cef7","/hero-6/screen-6.png":"781f334972758d31c6e6302874f1b7bb05a19af54fb42a304c75dfabb2ab51e6","/hero-6/screen-1.png":"676f001bddfd837bcb4c29adc8a802ddce3a583c0efd0e2a66db6d8e7a50315f","/hero-6/screen-5.png":"84514542bc84a327691323d2dc95cafe3187ff8ee6e56e5bae94a09877878b6d","/hero-6/screen-4.png":"b0b0ddba66f251afc1a5e9873fb7dffcaf62766838da676d14ed764740ebeb70","/hero-6/screen-2.png":"6608d3035ed5f3ebe891a5822e31ed21d6d24ae9281914e371fed782e746d111","/assets/selmalogo.png":"a9d6a9f8fcb32340c9e0cc23f9a76b0010fe85cdd7ddd81d732aa11e5e66c15d","/hero-2/pexels-yankrukov-5793904.jpg":"ee985c25810015e60c1924102c304a7fc965152bd96cbe18883e3d84eb6d37f3","/static/js/main.108e107f.js.map":"8b14d6aa71e14dbe6b7083a0581905677662c4a042516a71e9e67e29e742d363"}}
[info] i  hosting: adding files to version [0/160] (0%) 
[debug] [2026-03-05T05:04:02.470Z] <<< [apiv2][status] POST https://firebasehosting.googleapis.com/v1beta1/projects/491793307002/sites/actualbackend-3b454/versions/08bca141abdfdfe2:populateFiles 200
[debug] [2026-03-05T05:04:02.470Z] <<< [apiv2][body] POST https://firebasehosting.googleapis.com/v1beta1/projects/491793307002/sites/actualbackend-3b454/versions/08bca141abdfdfe2:populateFiles {"uploadRequiredHashes":["c06a9a99eb283b4807577e87e46ce9560ee6433a314ff6116a0c50f6f290f38c","9638a19a0d8edcd183246bf62f89dc04c2f1c54767b5d336f9bd1da15129f913","d7487313c2069e3d569e09e21834335e854598e620ad49cb39f816d4edbc547a","784caeb7413799d80326e5f0d909cf453775153ef3caa7a5031c5fce8ea068e6","8b14d6aa71e14dbe6b7083a0581905677662c4a042516a71e9e67e29e742d363","6062318e854bb94b6fa9de72fd7553a48ae51605018d64213307d27633a7291c"],"uploadUrl":"https://upload-firebasehosting.googleapis.com/upload/sites/actualbackend-3b454/versions/08bca141abdfdfe2/files"}
[debug] [2026-03-05T05:04:02.471Z] Checked if tokens are valid: true, expires at: 1772690633546
[debug] [2026-03-05T05:04:02.471Z] Checked if tokens are valid: true, expires at: 1772690633546
[debug] [2026-03-05T05:04:02.471Z] Checked if tokens are valid: true, expires at: 1772690633546
[debug] [2026-03-05T05:04:02.471Z] Checked if tokens are valid: true, expires at: 1772690633546
[debug] [2026-03-05T05:04:02.471Z] Checked if tokens are valid: true, expires at: 1772690633546
[debug] [2026-03-05T05:04:02.471Z] Checked if tokens are valid: true, expires at: 1772690633546
[debug] [2026-03-05T05:04:02.472Z] Checked if tokens are valid: true, expires at: 1772690633546
[debug] [2026-03-05T05:04:02.472Z] Checked if tokens are valid: true, expires at: 1772690633546
[debug] [2026-03-05T05:04:02.473Z] Checked if tokens are valid: true, expires at: 1772690633546
[debug] [2026-03-05T05:04:02.473Z] Checked if tokens are valid: true, expires at: 1772690633546
[debug] [2026-03-05T05:04:02.474Z] Checked if tokens are valid: true, expires at: 1772690633546
[debug] [2026-03-05T05:04:02.474Z] Checked if tokens are valid: true, expires at: 1772690633546
[debug] [2026-03-05T05:04:02.475Z] >>> [apiv2][query] POST https://upload-firebasehosting.googleapis.com/upload/sites/actualbackend-3b454/versions/08bca141abdfdfe2/files/c06a9a99eb283b4807577e87e46ce9560ee6433a314ff6116a0c50f6f290f38c [none]
[debug] [2026-03-05T05:04:02.475Z] >>> [apiv2][body] POST https://upload-firebasehosting.googleapis.com/upload/sites/actualbackend-3b454/versions/08bca141abdfdfe2/files/c06a9a99eb283b4807577e87e46ce9560ee6433a314ff6116a0c50f6f290f38c [stream]
[debug] [2026-03-05T05:04:02.477Z] >>> [apiv2][query] POST https://upload-firebasehosting.googleapis.com/upload/sites/actualbackend-3b454/versions/08bca141abdfdfe2/files/9638a19a0d8edcd183246bf62f89dc04c2f1c54767b5d336f9bd1da15129f913 [none]
[debug] [2026-03-05T05:04:02.477Z] >>> [apiv2][body] POST https://upload-firebasehosting.googleapis.com/upload/sites/actualbackend-3b454/versions/08bca141abdfdfe2/files/9638a19a0d8edcd183246bf62f89dc04c2f1c54767b5d336f9bd1da15129f913 [stream]
[debug] [2026-03-05T05:04:02.478Z] >>> [apiv2][query] POST https://upload-firebasehosting.googleapis.com/upload/sites/actualbackend-3b454/versions/08bca141abdfdfe2/files/d7487313c2069e3d569e09e21834335e854598e620ad49cb39f816d4edbc547a [none]
[debug] [2026-03-05T05:04:02.478Z] >>> [apiv2][body] POST https://upload-firebasehosting.googleapis.com/upload/sites/actualbackend-3b454/versions/08bca141abdfdfe2/files/d7487313c2069e3d569e09e21834335e854598e620ad49cb39f816d4edbc547a [stream]
[debug] [2026-03-05T05:04:02.479Z] >>> [apiv2][query] POST https://upload-firebasehosting.googleapis.com/upload/sites/actualbackend-3b454/versions/08bca141abdfdfe2/files/784caeb7413799d80326e5f0d909cf453775153ef3caa7a5031c5fce8ea068e6 [none]
[debug] [2026-03-05T05:04:02.479Z] >>> [apiv2][body] POST https://upload-firebasehosting.googleapis.com/upload/sites/actualbackend-3b454/versions/08bca141abdfdfe2/files/784caeb7413799d80326e5f0d909cf453775153ef3caa7a5031c5fce8ea068e6 [stream]
[debug] [2026-03-05T05:04:02.480Z] >>> [apiv2][query] POST https://upload-firebasehosting.googleapis.com/upload/sites/actualbackend-3b454/versions/08bca141abdfdfe2/files/8b14d6aa71e14dbe6b7083a0581905677662c4a042516a71e9e67e29e742d363 [none]
[debug] [2026-03-05T05:04:02.480Z] >>> [apiv2][body] POST https://upload-firebasehosting.googleapis.com/upload/sites/actualbackend-3b454/versions/08bca141abdfdfe2/files/8b14d6aa71e14dbe6b7083a0581905677662c4a042516a71e9e67e29e742d363 [stream]
[debug] [2026-03-05T05:04:02.481Z] >>> [apiv2][query] POST https://upload-firebasehosting.googleapis.com/upload/sites/actualbackend-3b454/versions/08bca141abdfdfe2/files/6062318e854bb94b6fa9de72fd7553a48ae51605018d64213307d27633a7291c [none]
[debug] [2026-03-05T05:04:02.481Z] >>> [apiv2][body] POST https://upload-firebasehosting.googleapis.com/upload/sites/actualbackend-3b454/versions/08bca141abdfdfe2/files/6062318e854bb94b6fa9de72fd7553a48ae51605018d64213307d27633a7291c [stream]
[debug] [2026-03-05T05:04:02.481Z] [hosting][populate queue][FINAL] {"max":2835,"min":2835,"avg":2835,"active":0,"complete":1,"success":1,"errored":0,"retried":0,"total":1,"elapsed":2842}
[debug] [2026-03-05T05:04:02.481Z] [hosting] uploads queued: 6
[info] i  hosting: uploading new files [0/6] (0%) 
[debug] [2026-03-05T05:04:03.606Z] <<< [apiv2][status] POST https://upload-firebasehosting.googleapis.com/upload/sites/actualbackend-3b454/versions/08bca141abdfdfe2/files/c06a9a99eb283b4807577e87e46ce9560ee6433a314ff6116a0c50f6f290f38c 200
[debug] [2026-03-05T05:04:03.606Z] <<< [apiv2][body] POST https://upload-firebasehosting.googleapis.com/upload/sites/actualbackend-3b454/versions/08bca141abdfdfe2/files/c06a9a99eb283b4807577e87e46ce9560ee6433a314ff6116a0c50f6f290f38c [stream]
[debug] [2026-03-05T05:04:03.613Z] <<< [apiv2][status] POST https://upload-firebasehosting.googleapis.com/upload/sites/actualbackend-3b454/versions/08bca141abdfdfe2/files/9638a19a0d8edcd183246bf62f89dc04c2f1c54767b5d336f9bd1da15129f913 200
[debug] [2026-03-05T05:04:03.613Z] <<< [apiv2][body] POST https://upload-firebasehosting.googleapis.com/upload/sites/actualbackend-3b454/versions/08bca141abdfdfe2/files/9638a19a0d8edcd183246bf62f89dc04c2f1c54767b5d336f9bd1da15129f913 [stream]
[debug] [2026-03-05T05:04:03.952Z] <<< [apiv2][status] POST https://upload-firebasehosting.googleapis.com/upload/sites/actualbackend-3b454/versions/08bca141abdfdfe2/files/784caeb7413799d80326e5f0d909cf453775153ef3caa7a5031c5fce8ea068e6 200
[debug] [2026-03-05T05:04:03.953Z] <<< [apiv2][body] POST https://upload-firebasehosting.googleapis.com/upload/sites/actualbackend-3b454/versions/08bca141abdfdfe2/files/784caeb7413799d80326e5f0d909cf453775153ef3caa7a5031c5fce8ea068e6 [stream]
[debug] [2026-03-05T05:04:04.265Z] <<< [apiv2][status] POST https://upload-firebasehosting.googleapis.com/upload/sites/actualbackend-3b454/versions/08bca141abdfdfe2/files/6062318e854bb94b6fa9de72fd7553a48ae51605018d64213307d27633a7291c 200
[debug] [2026-03-05T05:04:04.265Z] <<< [apiv2][body] POST https://upload-firebasehosting.googleapis.com/upload/sites/actualbackend-3b454/versions/08bca141abdfdfe2/files/6062318e854bb94b6fa9de72fd7553a48ae51605018d64213307d27633a7291c [stream]
[debug] [2026-03-05T05:04:04.573Z] <<< [apiv2][status] POST https://upload-firebasehosting.googleapis.com/upload/sites/actualbackend-3b454/versions/08bca141abdfdfe2/files/d7487313c2069e3d569e09e21834335e854598e620ad49cb39f816d4edbc547a 200
[debug] [2026-03-05T05:04:04.573Z] <<< [apiv2][body] POST https://upload-firebasehosting.googleapis.com/upload/sites/actualbackend-3b454/versions/08bca141abdfdfe2/files/d7487313c2069e3d569e09e21834335e854598e620ad49cb39f816d4edbc547a [stream]
[debug] [2026-03-05T05:04:04.575Z] <<< [apiv2][status] POST https://upload-firebasehosting.googleapis.com/upload/sites/actualbackend-3b454/versions/08bca141abdfdfe2/files/8b14d6aa71e14dbe6b7083a0581905677662c4a042516a71e9e67e29e742d363 200
[debug] [2026-03-05T05:04:04.575Z] <<< [apiv2][body] POST https://upload-firebasehosting.googleapis.com/upload/sites/actualbackend-3b454/versions/08bca141abdfdfe2/files/8b14d6aa71e14dbe6b7083a0581905677662c4a042516a71e9e67e29e742d363 [stream]
[debug] [2026-03-05T05:04:04.575Z] [hosting][upload queue][FINAL] {"max":2103,"min":1136,"avg":1626.3333333333333,"active":0,"complete":6,"success":6,"errored":0,"retried":0,"total":6,"elapsed":2105}
[info] i  hosting: upload complete 
[info] ✔  hosting[actualbackend-3b454]: file upload complete 
[debug] [2026-03-05T05:04:04.577Z] [hosting] deploy completed after 5445ms
[debug] [2026-03-05T05:04:04.578Z] [
  {
    "config": {
      "public": "build",
      "ignore": [
        "firebase.json",
        "**/.*",
        "**/node_modules/**"
      ],
      "rewrites": [
        {
          "source": "/api/corti/**",
          "run": {
            "serviceId": "actualbackend-api",
            "region": "us-central1"
          }
        },
        {
          "source": "/ws/corti/**",
          "run": {
            "serviceId": "actualbackend-api",
            "region": "us-central1"
          }
        },
        {
          "source": "/api/**",
          "run": {
            "serviceId": "actualbackend-api",
            "region": "us-central1"
          }
        },
        {
          "source": "/ws/**",
          "run": {
            "serviceId": "actualbackend-api",
            "region": "us-central1"
          }
        },
        {
          "source": "**",
          "destination": "/index.html"
        }
      ],
      "site": "actualbackend-3b454"
    },
    "version": "projects/491793307002/sites/actualbackend-3b454/versions/08bca141abdfdfe2"
  }
]
[info] i  hosting[actualbackend-3b454]: finalizing version... 
[debug] [2026-03-05T05:04:04.580Z] Checked if tokens are valid: true, expires at: 1772690633546
[debug] [2026-03-05T05:04:04.580Z] Checked if tokens are valid: true, expires at: 1772690633546
[debug] [2026-03-05T05:04:04.581Z] >>> [apiv2][query] GET https://cloudfunctions.googleapis.com/v1/projects/actualbackend-3b454/locations/-/functions [none]
[debug] [2026-03-05T05:04:05.506Z] <<< [apiv2][status] GET https://cloudfunctions.googleapis.com/v1/projects/actualbackend-3b454/locations/-/functions 200
[debug] [2026-03-05T05:04:05.506Z] <<< [apiv2][body] GET https://cloudfunctions.googleapis.com/v1/projects/actualbackend-3b454/locations/-/functions {}
[debug] [2026-03-05T05:04:05.507Z] Checked if tokens are valid: true, expires at: 1772690633546
[debug] [2026-03-05T05:04:05.507Z] Checked if tokens are valid: true, expires at: 1772690633546
[debug] [2026-03-05T05:04:05.507Z] >>> [apiv2][query] GET https://cloudfunctions.googleapis.com/v2/projects/actualbackend-3b454/locations/-/functions filter=environment%3D%22GEN_2%22
[debug] [2026-03-05T05:04:06.602Z] <<< [apiv2][status] GET https://cloudfunctions.googleapis.com/v2/projects/actualbackend-3b454/locations/-/functions 200
[debug] [2026-03-05T05:04:06.603Z] <<< [apiv2][body] GET https://cloudfunctions.googleapis.com/v2/projects/actualbackend-3b454/locations/-/functions {"functions":[{"name":"projects/actualbackend-3b454/locations/us-central1/functions/openai_completion","buildConfig":{"build":"projects/491793307002/locations/us-central1/builds/e52ddbfc-d142-4246-a18a-8c2cc49764cb","runtime":"python312","entryPoint":"openai_completion","source":{"storageSource":{"bucket":"gcf-v2-sources-491793307002-us-central1","object":"openai_completion/function-source.zip","generation":"1772537952441232"}},"environmentVariables":{"GOOGLE_NODE_RUN_SCRIPTS":""},"dockerRepository":"projects/actualbackend-3b454/locations/us-central1/repositories/gcf-artifacts","sourceProvenance":{"resolvedStorageSource":{"bucket":"gcf-v2-sources-491793307002-us-central1","object":"openai_completion/function-source.zip","generation":"1772537952441232"}},"dockerRegistry":"ARTIFACT_REGISTRY","serviceAccount":"projects/actualbackend-3b454/serviceAccounts/491793307002-compute@developer.gserviceaccount.com","automaticUpdatePolicy":{}},"serviceConfig":{"service":"projects/actualbackend-3b454/locations/us-central1/services/openai-completion","timeoutSeconds":60,"environmentVariables":{"BOOKING_CONFIRMATION_EMAIL_ENABLED":"true","BOOKING_CONFIRMATION_FROM_EMAIL":"Selma+ <booking@booking.selmaplus.tech>","BOOKING_CONFIRMATION_REPLY_TO_EMAIL":"","RESEND_API_KEY":"re_DE2YQdzb_NaRV2dczsNZmRCkDc4GYCNMJ","RESEND_API_BASE":"https://api.resend.com","FIREBASE_CONFIG":"{\"projectId\":\"actualbackend-3b454\",\"databaseURL\":\"https://actualbackend-3b454-default-rtdb.europe-west1.firebasedatabase.app\",\"storageBucket\":\"actualbackend-3b454.firebasestorage.app\"}","GCLOUD_PROJECT":"actualbackend-3b454","EVENTARC_CLOUD_EVENT_SOURCE":"projects/actualbackend-3b454/locations/us-central1/services/openai_completion","FUNCTION_TARGET":"openai_completion","LOG_EXECUTION_ID":"true","FUNCTION_SIGNATURE_TYPE":"http"},"maxInstanceCount":10,"ingressSettings":"ALLOW_ALL","uri":"https://openai-completion-cqj5vybxha-uc.a.run.app","serviceAccountEmail":"491793307002-compute@developer.gserviceaccount.com","availableMemory":"256Mi","allTrafficOnLatestRevision":true,"revision":"openai-completion-00013-yac","maxInstanceRequestConcurrency":1,"availableCpu":"0.1666"},"state":"ACTIVE","updateTime":"2026-03-03T11:39:31.929844115Z","labels":{"firebase-functions-hash":"e5b42d5f304284a3d66d45887f56a36e9470ed68","deployment-tool":"cli-firebase","firebase-functions-codebase":"python_functions"},"environment":"GEN_2","url":"https://us-central1-actualbackend-3b454.cloudfunctions.net/openai_completion","createTime":"2025-11-19T16:57:04.241899766Z","satisfiesPzi":true},{"name":"projects/actualbackend-3b454/locations/us-central1/functions/publicGetAvailability","buildConfig":{"build":"projects/491793307002/locations/us-central1/builds/e52ddbfc-d142-4246-a18a-8c2cc49764cb","runtime":"python312","entryPoint":"publicGetAvailability","source":{"storageSource":{"bucket":"gcf-v2-sources-491793307002-us-central1","object":"publicGetAvailability/function-source.zip","generation":"1772537952471214"}},"environmentVariables":{"GOOGLE_NODE_RUN_SCRIPTS":""},"dockerRepository":"projects/actualbackend-3b454/locations/us-central1/repositories/gcf-artifacts","sourceProvenance":{"resolvedStorageSource":{"bucket":"gcf-v2-sources-491793307002-us-central1","object":"publicGetAvailability/function-source.zip","generation":"1772537952471214"}},"dockerRegistry":"ARTIFACT_REGISTRY","serviceAccount":"projects/actualbackend-3b454/serviceAccounts/491793307002-compute@developer.gserviceaccount.com","automaticUpdatePolicy":{}},"serviceConfig":{"service":"projects/actualbackend-3b454/locations/us-central1/services/publicgetavailability","timeoutSeconds":60,"environmentVariables":{"BOOKING_CONFIRMATION_EMAIL_ENABLED":"true","BOOKING_CONFIRMATION_FROM_EMAIL":"Selma+ <booking@booking.selmaplus.tech>","BOOKING_CONFIRMATION_REPLY_TO_EMAIL":"","RESEND_API_KEY":"re_DE2YQdzb_NaRV2dczsNZmRCkDc4GYCNMJ","RESEND_API_BASE":"https://api.resend.com","FIREBASE_CONFIG":"{\"projectId\":\"actualbackend-3b454\",\"databaseURL\":\"https://actualbackend-3b454-default-rtdb.europe-west1.firebasedatabase.app\",\"storageBucket\":\"actualbackend-3b454.firebasestorage.app\"}","GCLOUD_PROJECT":"actualbackend-3b454","EVENTARC_CLOUD_EVENT_SOURCE":"projects/actualbackend-3b454/locations/us-central1/services/publicGetAvailability","FUNCTION_TARGET":"publicGetAvailability","LOG_EXECUTION_ID":"true","FUNCTION_SIGNATURE_TYPE":"http"},"maxInstanceCount":10,"ingressSettings":"ALLOW_ALL","uri":"https://publicgetavailability-cqj5vybxha-uc.a.run.app","serviceAccountEmail":"491793307002-compute@developer.gserviceaccount.com","availableMemory":"256Mi","allTrafficOnLatestRevision":true,"revision":"publicgetavailability-00014-roj","maxInstanceRequestConcurrency":1,"availableCpu":"0.1666"},"state":"ACTIVE","updateTime":"2026-03-03T11:39:31.704411340Z","labels":{"deployment-tool":"cli-firebase","firebase-functions-codebase":"python_functions","firebase-functions-hash":"e5b42d5f304284a3d66d45887f56a36e9470ed68"},"environment":"GEN_2","url":"https://us-central1-actualbackend-3b454.cloudfunctions.net/publicGetAvailability","createTime":"2025-12-28T14:58:27.013272596Z","satisfiesPzi":true},{"name":"projects/actualbackend-3b454/locations/us-central1/functions/getClinicStaffPublic","buildConfig":{"build":"projects/491793307002/locations/us-central1/builds/e52ddbfc-d142-4246-a18a-8c2cc49764cb","runtime":"python312","entryPoint":"getClinicStaffPublic","source":{"storageSource":{"bucket":"gcf-v2-sources-491793307002-us-central1","object":"getClinicStaffPublic/function-source.zip","generation":"1772537952439468"}},"environmentVariables":{"GOOGLE_NODE_RUN_SCRIPTS":""},"dockerRepository":"projects/actualbackend-3b454/locations/us-central1/repositories/gcf-artifacts","sourceProvenance":{"resolvedStorageSource":{"bucket":"gcf-v2-sources-491793307002-us-central1","object":"getClinicStaffPublic/function-source.zip","generation":"1772537952439468"}},"dockerRegistry":"ARTIFACT_REGISTRY","serviceAccount":"projects/actualbackend-3b454/serviceAccounts/491793307002-compute@developer.gserviceaccount.com","automaticUpdatePolicy":{}},"serviceConfig":{"service":"projects/actualbackend-3b454/locations/us-central1/services/getclinicstaffpublic","timeoutSeconds":60,"environmentVariables":{"BOOKING_CONFIRMATION_EMAIL_ENABLED":"true","BOOKING_CONFIRMATION_FROM_EMAIL":"Selma+ <booking@booking.selmaplus.tech>","BOOKING_CONFIRMATION_REPLY_TO_EMAIL":"","RESEND_API_KEY":"re_DE2YQdzb_NaRV2dczsNZmRCkDc4GYCNMJ","RESEND_API_BASE":"https://api.resend.com","FIREBASE_CONFIG":"{\"projectId\":\"actualbackend-3b454\",\"databaseURL\":\"https://actualbackend-3b454-default-rtdb.europe-west1.firebasedatabase.app\",\"storageBucket\":\"actualbackend-3b454.firebasestorage.app\"}","GCLOUD_PROJECT":"actualbackend-3b454","EVENTARC_CLOUD_EVENT_SOURCE":"projects/actualbackend-3b454/locations/us-central1/services/getClinicStaffPublic","FUNCTION_TARGET":"getClinicStaffPublic","LOG_EXECUTION_ID":"true","FUNCTION_SIGNATURE_TYPE":"http"},"maxInstanceCount":10,"ingressSettings":"ALLOW_ALL","uri":"https://getclinicstaffpublic-cqj5vybxha-uc.a.run.app","serviceAccountEmail":"491793307002-compute@developer.gserviceaccount.com","availableMemory":"256Mi","allTrafficOnLatestRevision":true,"revision":"getclinicstaffpublic-00013-cat","maxInstanceRequestConcurrency":1,"availableCpu":"0.1666"},"state":"ACTIVE","updateTime":"2026-03-03T11:39:31.554537600Z","labels":{"deployment-tool":"cli-firebase","firebase-functions-codebase":"python_functions","firebase-functions-hash":"e5b42d5f304284a3d66d45887f56a36e9470ed68"},"environment":"GEN_2","url":"https://us-central1-actualbackend-3b454.cloudfunctions.net/getClinicStaffPublic","createTime":"2025-12-28T14:58:26.872122923Z","satisfiesPzi":true},{"name":"projects/actualbackend-3b454/locations/us-central1/functions/transcribe_audio","buildConfig":{"build":"projects/491793307002/locations/us-central1/builds/e52ddbfc-d142-4246-a18a-8c2cc49764cb","runtime":"python312","entryPoint":"transcribe_audio","source":{"storageSource":{"bucket":"gcf-v2-sources-491793307002-us-central1","object":"transcribe_audio/function-source.zip","generation":"1772537952479068"}},"environmentVariables":{"GOOGLE_NODE_RUN_SCRIPTS":""},"dockerRepository":"projects/actualbackend-3b454/locations/us-central1/repositories/gcf-artifacts","sourceProvenance":{"resolvedStorageSource":{"bucket":"gcf-v2-sources-491793307002-us-central1","object":"transcribe_audio/function-source.zip","generation":"1772537952479068"}},"dockerRegistry":"ARTIFACT_REGISTRY","serviceAccount":"projects/actualbackend-3b454/serviceAccounts/491793307002-compute@developer.gserviceaccount.com","automaticUpdatePolicy":{}},"serviceConfig":{"service":"projects/actualbackend-3b454/locations/us-central1/services/transcribe-audio","timeoutSeconds":60,"environmentVariables":{"BOOKING_CONFIRMATION_EMAIL_ENABLED":"true","BOOKING_CONFIRMATION_FROM_EMAIL":"Selma+ <booking@booking.selmaplus.tech>","BOOKING_CONFIRMATION_REPLY_TO_EMAIL":"","RESEND_API_KEY":"re_DE2YQdzb_NaRV2dczsNZmRCkDc4GYCNMJ","RESEND_API_BASE":"https://api.resend.com","FIREBASE_CONFIG":"{\"projectId\":\"actualbackend-3b454\",\"databaseURL\":\"https://actualbackend-3b454-default-rtdb.europe-west1.firebasedatabase.app\",\"storageBucket\":\"actualbackend-3b454.firebasestorage.app\"}","GCLOUD_PROJECT":"actualbackend-3b454","EVENTARC_CLOUD_EVENT_SOURCE":"projects/actualbackend-3b454/locations/us-central1/services/transcribe_audio","FUNCTION_TARGET":"transcribe_audio","LOG_EXECUTION_ID":"true","FUNCTION_SIGNATURE_TYPE":"http"},"maxInstanceCount":10,"ingressSettings":"ALLOW_ALL","uri":"https://transcribe-audio-cqj5vybxha-uc.a.run.app","serviceAccountEmail":"491793307002-compute@developer.gserviceaccount.com","availableMemory":"256Mi","allTrafficOnLatestRevision":true,"revision":"transcribe-audio-00017-guz","maxInstanceRequestConcurrency":1,"availableCpu":"0.1666"},"state":"ACTIVE","updateTime":"2026-03-03T11:39:31.726544919Z","labels":{"firebase-functions-codebase":"python_functions","firebase-functions-hash":"e5b42d5f304284a3d66d45887f56a36e9470ed68","deployment-tool":"cli-firebase"},"environment":"GEN_2","url":"https://us-central1-actualbackend-3b454.cloudfunctions.net/transcribe_audio","createTime":"2025-11-16T22:33:27.153150969Z","satisfiesPzi":true},{"name":"projects/actualbackend-3b454/locations/us-central1/functions/suggest_next_appointment","buildConfig":{"build":"projects/491793307002/locations/us-central1/builds/e52ddbfc-d142-4246-a18a-8c2cc49764cb","runtime":"python312","entryPoint":"suggest_next_appointment","source":{"storageSource":{"bucket":"gcf-v2-sources-491793307002-us-central1","object":"suggest_next_appointment/function-source.zip","generation":"1772537952476419"}},"environmentVariables":{"GOOGLE_NODE_RUN_SCRIPTS":""},"dockerRepository":"projects/actualbackend-3b454/locations/us-central1/repositories/gcf-artifacts","sourceProvenance":{"resolvedStorageSource":{"bucket":"gcf-v2-sources-491793307002-us-central1","object":"suggest_next_appointment/function-source.zip","generation":"1772537952476419"}},"dockerRegistry":"ARTIFACT_REGISTRY","serviceAccount":"projects/actualbackend-3b454/serviceAccounts/491793307002-compute@developer.gserviceaccount.com","automaticUpdatePolicy":{}},"serviceConfig":{"service":"projects/actualbackend-3b454/locations/us-central1/services/suggest-next-appointment","timeoutSeconds":60,"environmentVariables":{"BOOKING_CONFIRMATION_EMAIL_ENABLED":"true","BOOKING_CONFIRMATION_FROM_EMAIL":"Selma+ <booking@booking.selmaplus.tech>","BOOKING_CONFIRMATION_REPLY_TO_EMAIL":"","RESEND_API_KEY":"re_DE2YQdzb_NaRV2dczsNZmRCkDc4GYCNMJ","RESEND_API_BASE":"https://api.resend.com","FIREBASE_CONFIG":"{\"projectId\":\"actualbackend-3b454\",\"databaseURL\":\"https://actualbackend-3b454-default-rtdb.europe-west1.firebasedatabase.app\",\"storageBucket\":\"actualbackend-3b454.firebasestorage.app\"}","GCLOUD_PROJECT":"actualbackend-3b454","EVENTARC_CLOUD_EVENT_SOURCE":"projects/actualbackend-3b454/locations/us-central1/services/suggest_next_appointment","FUNCTION_TARGET":"suggest_next_appointment","LOG_EXECUTION_ID":"true","FUNCTION_SIGNATURE_TYPE":"http"},"maxInstanceCount":10,"ingressSettings":"ALLOW_ALL","uri":"https://suggest-next-appointment-cqj5vybxha-uc.a.run.app","serviceAccountEmail":"491793307002-compute@developer.gserviceaccount.com","availableMemory":"256Mi","allTrafficOnLatestRevision":true,"revision":"suggest-next-appointment-00011-red","maxInstanceRequestConcurrency":1,"availableCpu":"0.1666"},"state":"ACTIVE","updateTime":"2026-03-03T11:39:31.918942285Z","labels":{"deployment-tool":"cli-firebase","firebase-functions-codebase":"python_functions","firebase-functions-hash":"e5b42d5f304284a3d66d45887f56a36e9470ed68"},"environment":"GEN_2","url":"https://us-central1-actualbackend-3b454.cloudfunctions.net/suggest_next_appointment","createTime":"2025-12-18T07:32:31.268175864Z","satisfiesPzi":true},{"name":"projects/actualbackend-3b454/locations/us-central1/functions/summarize_journal","buildConfig":{"build":"projects/491793307002/locations/us-central1/builds/e52ddbfc-d142-4246-a18a-8c2cc49764cb","runtime":"python312","entryPoint":"summarize_journal","source":{"storageSource":{"bucket":"gcf-v2-sources-491793307002-us-central1","object":"summarize_journal/function-source.zip","generation":"1772537952477383"}},"environmentVariables":{"GOOGLE_NODE_RUN_SCRIPTS":""},"dockerRepository":"projects/actualbackend-3b454/locations/us-central1/repositories/gcf-artifacts","sourceProvenance":{"resolvedStorageSource":{"bucket":"gcf-v2-sources-491793307002-us-central1","object":"summarize_journal/function-source.zip","generation":"1772537952477383"}},"dockerRegistry":"ARTIFACT_REGISTRY","serviceAccount":"projects/actualbackend-3b454/serviceAccounts/491793307002-compute@developer.gserviceaccount.com","automaticUpdatePolicy":{}},"serviceConfig":{"service":"projects/actualbackend-3b454/locations/us-central1/services/summarize-journal","timeoutSeconds":60,"environmentVariables":{"BOOKING_CONFIRMATION_EMAIL_ENABLED":"true","BOOKING_CONFIRMATION_FROM_EMAIL":"Selma+ <booking@booking.selmaplus.tech>","BOOKING_CONFIRMATION_REPLY_TO_EMAIL":"","RESEND_API_KEY":"re_DE2YQdzb_NaRV2dczsNZmRCkDc4GYCNMJ","RESEND_API_BASE":"https://api.resend.com","FIREBASE_CONFIG":"{\"projectId\":\"actualbackend-3b454\",\"databaseURL\":\"https://actualbackend-3b454-default-rtdb.europe-west1.firebasedatabase.app\",\"storageBucket\":\"actualbackend-3b454.firebasestorage.app\"}","GCLOUD_PROJECT":"actualbackend-3b454","EVENTARC_CLOUD_EVENT_SOURCE":"projects/actualbackend-3b454/locations/us-central1/services/summarize_journal","FUNCTION_TARGET":"summarize_journal","LOG_EXECUTION_ID":"true","FUNCTION_SIGNATURE_TYPE":"http"},"maxInstanceCount":10,"ingressSettings":"ALLOW_ALL","uri":"https://summarize-journal-cqj5vybxha-uc.a.run.app","serviceAccountEmail":"491793307002-compute@developer.gserviceaccount.com","availableMemory":"256Mi","allTrafficOnLatestRevision":true,"revision":"summarize-journal-00016-voj","maxInstanceRequestConcurrency":1,"availableCpu":"0.1666"},"state":"ACTIVE","updateTime":"2026-03-03T11:39:31.259876133Z","labels":{"firebase-functions-hash":"e5b42d5f304284a3d66d45887f56a36e9470ed68","deployment-tool":"cli-firebase","firebase-functions-codebase":"python_functions"},"environment":"GEN_2","url":"https://us-central1-actualbackend-3b454.cloudfunctions.net/summarize_journal","createTime":"2025-12-17T22:34:56.291579944Z","satisfiesPzi":true},{"name":"projects/actualbackend-3b454/locations/us-central1/functions/createClientFromBooking","buildConfig":{"build":"projects/491793307002/locations/us-central1/builds/e52ddbfc-d142-4246-a18a-8c2cc49764cb","runtime":"python312","entryPoint":"createClientFromBooking","source":{"storageSource":{"bucket":"gcf-v2-sources-491793307002-us-central1","object":"createClientFromBooking/function-source.zip","generation":"1772537952507856"}},"environmentVariables":{"GOOGLE_NODE_RUN_SCRIPTS":""},"dockerRepository":"projects/actualbackend-3b454/locations/us-central1/repositories/gcf-artifacts","sourceProvenance":{"resolvedStorageSource":{"bucket":"gcf-v2-sources-491793307002-us-central1","object":"createClientFromBooking/function-source.zip","generation":"1772537952507856"}},"dockerRegistry":"ARTIFACT_REGISTRY","serviceAccount":"projects/actualbackend-3b454/serviceAccounts/491793307002-compute@developer.gserviceaccount.com","automaticUpdatePolicy":{}},"serviceConfig":{"service":"projects/actualbackend-3b454/locations/us-central1/services/createclientfrombooking","timeoutSeconds":60,"environmentVariables":{"BOOKING_CONFIRMATION_EMAIL_ENABLED":"true","BOOKING_CONFIRMATION_FROM_EMAIL":"Selma+ <booking@booking.selmaplus.tech>","BOOKING_CONFIRMATION_REPLY_TO_EMAIL":"","RESEND_API_KEY":"re_DE2YQdzb_NaRV2dczsNZmRCkDc4GYCNMJ","RESEND_API_BASE":"https://api.resend.com","FIREBASE_CONFIG":"{\"projectId\":\"actualbackend-3b454\",\"databaseURL\":\"https://actualbackend-3b454-default-rtdb.europe-west1.firebasedatabase.app\",\"storageBucket\":\"actualbackend-3b454.firebasestorage.app\"}","GCLOUD_PROJECT":"actualbackend-3b454","EVENTARC_CLOUD_EVENT_SOURCE":"projects/actualbackend-3b454/locations/us-central1/services/createClientFromBooking","FUNCTION_TARGET":"createClientFromBooking","LOG_EXECUTION_ID":"true","FUNCTION_SIGNATURE_TYPE":"http"},"maxInstanceCount":10,"ingressSettings":"ALLOW_ALL","uri":"https://createclientfrombooking-cqj5vybxha-uc.a.run.app","serviceAccountEmail":"491793307002-compute@developer.gserviceaccount.com","availableMemory":"256Mi","allTrafficOnLatestRevision":true,"revision":"createclientfrombooking-00006-hep","maxInstanceRequestConcurrency":1,"availableCpu":"0.1666"},"state":"ACTIVE","updateTime":"2026-03-03T11:39:31.735155292Z","labels":{"deployment-tool":"cli-firebase","firebase-functions-codebase":"python_functions","firebase-functions-hash":"e5b42d5f304284a3d66d45887f56a36e9470ed68"},"environment":"GEN_2","url":"https://us-central1-actualbackend-3b454.cloudfunctions.net/createClientFromBooking","createTime":"2026-02-02T20:10:09.269992739Z","satisfiesPzi":true},{"name":"projects/actualbackend-3b454/locations/us-central1/functions/publicGetServices","buildConfig":{"build":"projects/491793307002/locations/us-central1/builds/e52ddbfc-d142-4246-a18a-8c2cc49764cb","runtime":"python312","entryPoint":"publicGetServices","source":{"storageSource":{"bucket":"gcf-v2-sources-491793307002-us-central1","object":"publicGetServices/function-source.zip","generation":"1772537952467118"}},"environmentVariables":{"GOOGLE_NODE_RUN_SCRIPTS":""},"dockerRepository":"projects/actualbackend-3b454/locations/us-central1/repositories/gcf-artifacts","sourceProvenance":{"resolvedStorageSource":{"bucket":"gcf-v2-sources-491793307002-us-central1","object":"publicGetServices/function-source.zip","generation":"1772537952467118"}},"dockerRegistry":"ARTIFACT_REGISTRY","serviceAccount":"projects/actualbackend-3b454/serviceAccounts/491793307002-compute@developer.gserviceaccount.com","automaticUpdatePolicy":{}},"serviceConfig":{"service":"projects/actualbackend-3b454/locations/us-central1/services/publicgetservices","timeoutSeconds":60,"environmentVariables":{"BOOKING_CONFIRMATION_EMAIL_ENABLED":"true","BOOKING_CONFIRMATION_FROM_EMAIL":"Selma+ <booking@booking.selmaplus.tech>","BOOKING_CONFIRMATION_REPLY_TO_EMAIL":"","RESEND_API_KEY":"re_DE2YQdzb_NaRV2dczsNZmRCkDc4GYCNMJ","RESEND_API_BASE":"https://api.resend.com","FIREBASE_CONFIG":"{\"projectId\":\"actualbackend-3b454\",\"databaseURL\":\"https://actualbackend-3b454-default-rtdb.europe-west1.firebasedatabase.app\",\"storageBucket\":\"actualbackend-3b454.firebasestorage.app\"}","GCLOUD_PROJECT":"actualbackend-3b454","EVENTARC_CLOUD_EVENT_SOURCE":"projects/actualbackend-3b454/locations/us-central1/services/publicGetServices","FUNCTION_TARGET":"publicGetServices","LOG_EXECUTION_ID":"true","FUNCTION_SIGNATURE_TYPE":"http"},"maxInstanceCount":10,"ingressSettings":"ALLOW_ALL","uri":"https://publicgetservices-cqj5vybxha-uc.a.run.app","serviceAccountEmail":"491793307002-compute@developer.gserviceaccount.com","availableMemory":"256Mi","allTrafficOnLatestRevision":true,"revision":"publicgetservices-00007-fad","maxInstanceRequestConcurrency":1,"availableCpu":"0.1666"},"state":"ACTIVE","updateTime":"2026-03-03T11:39:32.465471584Z","labels":{"firebase-functions-codebase":"python_functions","firebase-functions-hash":"e5b42d5f304284a3d66d45887f56a36e9470ed68","deployment-tool":"cli-firebase"},"environment":"GEN_2","url":"https://us-central1-actualbackend-3b454.cloudfunctions.net/publicGetServices","createTime":"2026-01-06T10:42:29.624371763Z","satisfiesPzi":true},{"name":"projects/actualbackend-3b454/locations/us-central1/functions/getClinicServicesPublic","buildConfig":{"build":"projects/491793307002/locations/us-central1/builds/e52ddbfc-d142-4246-a18a-8c2cc49764cb","runtime":"python312","entryPoint":"getClinicServicesPublic","source":{"storageSource":{"bucket":"gcf-v2-sources-491793307002-us-central1","object":"getClinicServicesPublic/function-source.zip","generation":"1772537952441649"}},"environmentVariables":{"GOOGLE_NODE_RUN_SCRIPTS":""},"dockerRepository":"projects/actualbackend-3b454/locations/us-central1/repositories/gcf-artifacts","sourceProvenance":{"resolvedStorageSource":{"bucket":"gcf-v2-sources-491793307002-us-central1","object":"getClinicServicesPublic/function-source.zip","generation":"1772537952441649"}},"dockerRegistry":"ARTIFACT_REGISTRY","serviceAccount":"projects/actualbackend-3b454/serviceAccounts/491793307002-compute@developer.gserviceaccount.com","automaticUpdatePolicy":{}},"serviceConfig":{"service":"projects/actualbackend-3b454/locations/us-central1/services/getclinicservicespublic","timeoutSeconds":60,"environmentVariables":{"BOOKING_CONFIRMATION_EMAIL_ENABLED":"true","BOOKING_CONFIRMATION_FROM_EMAIL":"Selma+ <booking@booking.selmaplus.tech>","BOOKING_CONFIRMATION_REPLY_TO_EMAIL":"","RESEND_API_KEY":"re_DE2YQdzb_NaRV2dczsNZmRCkDc4GYCNMJ","RESEND_API_BASE":"https://api.resend.com","FIREBASE_CONFIG":"{\"projectId\":\"actualbackend-3b454\",\"databaseURL\":\"https://actualbackend-3b454-default-rtdb.europe-west1.firebasedatabase.app\",\"storageBucket\":\"actualbackend-3b454.firebasestorage.app\"}","GCLOUD_PROJECT":"actualbackend-3b454","EVENTARC_CLOUD_EVENT_SOURCE":"projects/actualbackend-3b454/locations/us-central1/services/getClinicServicesPublic","FUNCTION_TARGET":"getClinicServicesPublic","LOG_EXECUTION_ID":"true","FUNCTION_SIGNATURE_TYPE":"http"},"maxInstanceCount":10,"ingressSettings":"ALLOW_ALL","uri":"https://getclinicservicespublic-cqj5vybxha-uc.a.run.app","serviceAccountEmail":"491793307002-compute@developer.gserviceaccount.com","availableMemory":"256Mi","allTrafficOnLatestRevision":true,"revision":"getclinicservicespublic-00007-hoc","maxInstanceRequestConcurrency":1,"availableCpu":"0.1666"},"state":"ACTIVE","updateTime":"2026-03-03T11:39:32.016307282Z","labels":{"deployment-tool":"cli-firebase","firebase-functions-codebase":"python_functions","firebase-functions-hash":"e5b42d5f304284a3d66d45887f56a36e9470ed68"},"environment":"GEN_2","url":"https://us-central1-actualbackend-3b454.cloudfunctions.net/getClinicServicesPublic","createTime":"2026-01-06T10:18:45.404135689Z","satisfiesPzi":true},{"name":"projects/actualbackend-3b454/locations/us-central1/functions/api","buildConfig":{"build":"projects/491793307002/locations/us-central1/builds/e52ddbfc-d142-4246-a18a-8c2cc49764cb","runtime":"python312","entryPoint":"api","source":{"storageSource":{"bucket":"gcf-v2-sources-491793307002-us-central1","object":"api/function-source.zip","generation":"1772537952468489"}},"environmentVariables":{"GOOGLE_NODE_RUN_SCRIPTS":""},"dockerRepository":"projects/actualbackend-3b454/locations/us-central1/repositories/gcf-artifacts","sourceProvenance":{"resolvedStorageSource":{"bucket":"gcf-v2-sources-491793307002-us-central1","object":"api/function-source.zip","generation":"1772537952468489"}},"dockerRegistry":"ARTIFACT_REGISTRY","serviceAccount":"projects/actualbackend-3b454/serviceAccounts/491793307002-compute@developer.gserviceaccount.com","automaticUpdatePolicy":{}},"serviceConfig":{"service":"projects/actualbackend-3b454/locations/us-central1/services/api","timeoutSeconds":60,"environmentVariables":{"BOOKING_CONFIRMATION_EMAIL_ENABLED":"true","BOOKING_CONFIRMATION_FROM_EMAIL":"Selma+ <booking@booking.selmaplus.tech>","BOOKING_CONFIRMATION_REPLY_TO_EMAIL":"","RESEND_API_KEY":"re_DE2YQdzb_NaRV2dczsNZmRCkDc4GYCNMJ","RESEND_API_BASE":"https://api.resend.com","FIREBASE_CONFIG":"{\"projectId\":\"actualbackend-3b454\",\"databaseURL\":\"https://actualbackend-3b454-default-rtdb.europe-west1.firebasedatabase.app\",\"storageBucket\":\"actualbackend-3b454.firebasestorage.app\"}","GCLOUD_PROJECT":"actualbackend-3b454","EVENTARC_CLOUD_EVENT_SOURCE":"projects/actualbackend-3b454/locations/us-central1/services/api","FUNCTION_TARGET":"api","LOG_EXECUTION_ID":"true","FUNCTION_SIGNATURE_TYPE":"http"},"maxInstanceCount":10,"ingressSettings":"ALLOW_ALL","uri":"https://api-cqj5vybxha-uc.a.run.app","serviceAccountEmail":"491793307002-compute@developer.gserviceaccount.com","availableMemory":"256Mi","allTrafficOnLatestRevision":true,"revision":"api-00005-dih","maxInstanceRequestConcurrency":1,"availableCpu":"0.1666"},"state":"ACTIVE","updateTime":"2026-03-03T11:39:31.322990278Z","labels":{"firebase-functions-hash":"e5b42d5f304284a3d66d45887f56a36e9470ed68","deployment-tool":"cli-firebase","firebase-functions-codebase":"python_functions"},"environment":"GEN_2","url":"https://us-central1-actualbackend-3b454.cloudfunctions.net/api","createTime":"2026-02-03T14:15:58.726484825Z","satisfiesPzi":true},{"name":"projects/actualbackend-3b454/locations/us-central1/functions/publicBookAppointment","buildConfig":{"build":"projects/491793307002/locations/us-central1/builds/e52ddbfc-d142-4246-a18a-8c2cc49764cb","runtime":"python312","entryPoint":"publicBookAppointment","source":{"storageSource":{"bucket":"gcf-v2-sources-491793307002-us-central1","object":"publicBookAppointment/function-source.zip","generation":"1772537952467639"}},"environmentVariables":{"GOOGLE_NODE_RUN_SCRIPTS":""},"dockerRepository":"projects/actualbackend-3b454/locations/us-central1/repositories/gcf-artifacts","sourceProvenance":{"resolvedStorageSource":{"bucket":"gcf-v2-sources-491793307002-us-central1","object":"publicBookAppointment/function-source.zip","generation":"1772537952467639"}},"dockerRegistry":"ARTIFACT_REGISTRY","serviceAccount":"projects/actualbackend-3b454/serviceAccounts/491793307002-compute@developer.gserviceaccount.com","automaticUpdatePolicy":{}},"serviceConfig":{"service":"projects/actualbackend-3b454/locations/us-central1/services/publicbookappointment","timeoutSeconds":60,"environmentVariables":{"BOOKING_CONFIRMATION_EMAIL_ENABLED":"true","BOOKING_CONFIRMATION_FROM_EMAIL":"Selma+ <booking@booking.selmaplus.tech>","BOOKING_CONFIRMATION_REPLY_TO_EMAIL":"","RESEND_API_KEY":"re_DE2YQdzb_NaRV2dczsNZmRCkDc4GYCNMJ","RESEND_API_BASE":"https://api.resend.com","FIREBASE_CONFIG":"{\"projectId\":\"actualbackend-3b454\",\"databaseURL\":\"https://actualbackend-3b454-default-rtdb.europe-west1.firebasedatabase.app\",\"storageBucket\":\"actualbackend-3b454.firebasestorage.app\"}","GCLOUD_PROJECT":"actualbackend-3b454","EVENTARC_CLOUD_EVENT_SOURCE":"projects/actualbackend-3b454/locations/us-central1/services/publicBookAppointment","FUNCTION_TARGET":"publicBookAppointment","LOG_EXECUTION_ID":"true","FUNCTION_SIGNATURE_TYPE":"http"},"maxInstanceCount":10,"ingressSettings":"ALLOW_ALL","uri":"https://publicbookappointment-cqj5vybxha-uc.a.run.app","serviceAccountEmail":"491793307002-compute@developer.gserviceaccount.com","availableMemory":"256Mi","allTrafficOnLatestRevision":true,"revision":"publicbookappointment-00015-ham","maxInstanceRequestConcurrency":1,"availableCpu":"0.1666"},"state":"ACTIVE","updateTime":"2026-03-03T11:39:32.248223231Z","labels":{"firebase-functions-codebase":"python_functions","firebase-functions-hash":"e5b42d5f304284a3d66d45887f56a36e9470ed68","deployment-tool":"cli-firebase"},"environment":"GEN_2","url":"https://us-central1-actualbackend-3b454.cloudfunctions.net/publicBookAppointment","createTime":"2025-12-28T14:58:26.888347279Z","satisfiesPzi":true},{"name":"projects/actualbackend-3b454/locations/us-central1/functions/agent_chat","buildConfig":{"build":"projects/491793307002/locations/us-central1/builds/e52ddbfc-d142-4246-a18a-8c2cc49764cb","runtime":"python312","entryPoint":"agent_chat","source":{"storageSource":{"bucket":"gcf-v2-sources-491793307002-us-central1","object":"agent_chat/function-source.zip","generation":"1772537875207042"}},"environmentVariables":{"GOOGLE_NODE_RUN_SCRIPTS":""},"dockerRepository":"projects/actualbackend-3b454/locations/us-central1/repositories/gcf-artifacts","sourceProvenance":{"resolvedStorageSource":{"bucket":"gcf-v2-sources-491793307002-us-central1","object":"agent_chat/function-source.zip","generation":"1772537875207042"}},"dockerRegistry":"ARTIFACT_REGISTRY","serviceAccount":"projects/actualbackend-3b454/serviceAccounts/491793307002-compute@developer.gserviceaccount.com","automaticUpdatePolicy":{}},"serviceConfig":{"service":"projects/actualbackend-3b454/locations/us-central1/services/agent-chat","timeoutSeconds":60,"environmentVariables":{"BOOKING_CONFIRMATION_EMAIL_ENABLED":"true","BOOKING_CONFIRMATION_FROM_EMAIL":"Selma+ <booking@booking.selmaplus.tech>","BOOKING_CONFIRMATION_REPLY_TO_EMAIL":"","RESEND_API_KEY":"re_DE2YQdzb_NaRV2dczsNZmRCkDc4GYCNMJ","RESEND_API_BASE":"https://api.resend.com","FIREBASE_CONFIG":"{\"projectId\":\"actualbackend-3b454\",\"databaseURL\":\"https://actualbackend-3b454-default-rtdb.europe-west1.firebasedatabase.app\",\"storageBucket\":\"actualbackend-3b454.firebasestorage.app\"}","GCLOUD_PROJECT":"actualbackend-3b454","EVENTARC_CLOUD_EVENT_SOURCE":"projects/actualbackend-3b454/locations/us-central1/services/agent_chat","FUNCTION_TARGET":"agent_chat","LOG_EXECUTION_ID":"true"},"maxInstanceCount":10,"ingressSettings":"ALLOW_ALL","uri":"https://agent-chat-cqj5vybxha-uc.a.run.app","serviceAccountEmail":"491793307002-compute@developer.gserviceaccount.com","availableMemory":"256Mi","allTrafficOnLatestRevision":true,"revision":"agent-chat-00012-don","maxInstanceRequestConcurrency":1,"availableCpu":"0.1666"},"state":"ACTIVE","updateTime":"2026-03-03T11:39:10.390821679Z","labels":{"deployment-tool":"cli-firebase","firebase-functions-codebase":"python_functions","firebase-functions-hash":"e5b42d5f304284a3d66d45887f56a36e9470ed68"},"environment":"GEN_2","url":"https://us-central1-actualbackend-3b454.cloudfunctions.net/agent_chat","createTime":"2025-12-18T10:07:58.450241518Z","satisfiesPzi":true}]}
[debug] [2026-03-05T05:04:06.607Z] Checked if tokens are valid: true, expires at: 1772690633546
[debug] [2026-03-05T05:04:06.608Z] Checked if tokens are valid: true, expires at: 1772690633546
[debug] [2026-03-05T05:04:06.608Z] >>> [apiv2][query] PATCH https://firebasehosting.googleapis.com/v1beta1/projects/-/sites/actualbackend-3b454/versions/08bca141abdfdfe2 updateMask=status%2Cconfig
[debug] [2026-03-05T05:04:06.608Z] >>> [apiv2][body] PATCH https://firebasehosting.googleapis.com/v1beta1/projects/-/sites/actualbackend-3b454/versions/08bca141abdfdfe2 {"status":"FINALIZED","config":{"rewrites":[{"glob":"/api/corti/**","run":{"serviceId":"actualbackend-api","region":"us-central1"}},{"glob":"/ws/corti/**","run":{"serviceId":"actualbackend-api","region":"us-central1"}},{"glob":"/api/**","run":{"serviceId":"actualbackend-api","region":"us-central1"}},{"glob":"/ws/**","run":{"serviceId":"actualbackend-api","region":"us-central1"}},{"glob":"**","path":"/index.html"}]}}
[debug] [2026-03-05T05:04:09.206Z] <<< [apiv2][status] PATCH https://firebasehosting.googleapis.com/v1beta1/projects/-/sites/actualbackend-3b454/versions/08bca141abdfdfe2 200
[debug] [2026-03-05T05:04:09.206Z] <<< [apiv2][body] PATCH https://firebasehosting.googleapis.com/v1beta1/projects/-/sites/actualbackend-3b454/versions/08bca141abdfdfe2 {"name":"projects/491793307002/sites/actualbackend-3b454/versions/08bca141abdfdfe2","status":"FINALIZED","config":{"rewrites":[{"glob":"/api/corti/**","run":{"serviceId":"actualbackend-api","region":"us-central1"}},{"glob":"/ws/corti/**","run":{"serviceId":"actualbackend-api","region":"us-central1"}},{"glob":"/api/**","run":{"serviceId":"actualbackend-api","region":"us-central1"}},{"glob":"/ws/**","run":{"serviceId":"actualbackend-api","region":"us-central1"}},{"glob":"**","path":"/index.html"}]},"labels":{"deployment-tool":"cli-firebase"},"createTime":"2026-03-05T05:03:57.594484Z","createUser":{"email":"jona223j@gmail.com"},"finalizeTime":"2026-03-05T05:04:09.056633Z","finalizeUser":{"email":"jona223j@gmail.com"}}
[debug] [2026-03-05T05:04:09.207Z] [hosting] finalized version for actualbackend-3b454:[object Object]
[info] ✔  hosting[actualbackend-3b454]: version finalized 
[info] i  hosting[actualbackend-3b454]: releasing new version... 
[debug] [2026-03-05T05:04:09.207Z] Checked if tokens are valid: true, expires at: 1772690633546
[debug] [2026-03-05T05:04:09.207Z] Checked if tokens are valid: true, expires at: 1772690633546
[debug] [2026-03-05T05:04:09.209Z] >>> [apiv2][query] POST https://firebasehosting.googleapis.com/v1beta1/projects/-/sites/actualbackend-3b454/channels/live/releases versionName=projects%2F491793307002%2Fsites%2Factualbackend-3b454%2Fversions%2F08bca141abdfdfe2
[debug] [2026-03-05T05:04:09.209Z] >>> [apiv2][body] POST https://firebasehosting.googleapis.com/v1beta1/projects/-/sites/actualbackend-3b454/channels/live/releases {}
[debug] [2026-03-05T05:04:11.732Z] <<< [apiv2][status] POST https://firebasehosting.googleapis.com/v1beta1/projects/-/sites/actualbackend-3b454/channels/live/releases 200
[debug] [2026-03-05T05:04:11.733Z] <<< [apiv2][body] POST https://firebasehosting.googleapis.com/v1beta1/projects/-/sites/actualbackend-3b454/channels/live/releases {"name":"projects/491793307002/sites/actualbackend-3b454/channels/live/releases/1772687050603000","version":{"name":"projects/491793307002/sites/actualbackend-3b454/versions/08bca141abdfdfe2","status":"FINALIZED","config":{"rewrites":[{"glob":"/api/corti/**","run":{"serviceId":"actualbackend-api","region":"us-central1"}},{"glob":"/ws/corti/**","run":{"serviceId":"actualbackend-api","region":"us-central1"}},{"glob":"/api/**","run":{"serviceId":"actualbackend-api","region":"us-central1"}},{"glob":"/ws/**","run":{"serviceId":"actualbackend-api","region":"us-central1"}},{"glob":"**","path":"/index.html"}]},"labels":{"deployment-tool":"cli-firebase"},"createTime":"2026-03-05T05:03:57.594484Z","createUser":{"email":"jona223j@gmail.com","imageUrl":"https://lh3.googleusercontent.com/a/ACg8ocLXu-GSlMQGsLeSp7YZi3J9YcWy-U4_QU-Cn-bxsJhFS6GQ=mo"},"finalizeTime":"2026-03-05T05:04:09.056633Z","finalizeUser":{"email":"jona223j@gmail.com","imageUrl":"https://lh3.googleusercontent.com/a/ACg8ocLXu-GSlMQGsLeSp7YZi3J9YcWy-U4_QU-Cn-bxsJhFS6GQ=mo"}},"type":"DEPLOY","releaseTime":"2026-03-05T05:04:10.603Z","releaseUser":{"email":"jona223j@gmail.com","imageUrl":"https://lh3.googleusercontent.com/a/ACg8ocLXu-GSlMQGsLeSp7YZi3J9YcWy-U4_QU-Cn-bxsJhFS6GQ=mo"}}
[debug] [2026-03-05T05:04:11.733Z] [hosting] release: {"name":"projects/491793307002/sites/actualbackend-3b454/channels/live/releases/1772687050603000","version":{"name":"projects/491793307002/sites/actualbackend-3b454/versions/08bca141abdfdfe2","status":"FINALIZED","config":{"rewrites":[{"glob":"/api/corti/**","run":{"serviceId":"actualbackend-api","region":"us-central1"}},{"glob":"/ws/corti/**","run":{"serviceId":"actualbackend-api","region":"us-central1"}},{"glob":"/api/**","run":{"serviceId":"actualbackend-api","region":"us-central1"}},{"glob":"/ws/**","run":{"serviceId":"actualbackend-api","region":"us-central1"}},{"glob":"**","path":"/index.html"}]},"labels":{"deployment-tool":"cli-firebase"},"createTime":"2026-03-05T05:03:57.594484Z","createUser":{"email":"jona223j@gmail.com","imageUrl":"https://lh3.googleusercontent.com/a/ACg8ocLXu-GSlMQGsLeSp7YZi3J9YcWy-U4_QU-Cn-bxsJhFS6GQ=mo"},"finalizeTime":"2026-03-05T05:04:09.056633Z","finalizeUser":{"email":"jona223j@gmail.com","imageUrl":"https://lh3.googleusercontent.com/a/ACg8ocLXu-GSlMQGsLeSp7YZi3J9YcWy-U4_QU-Cn-bxsJhFS6GQ=mo"}},"type":"DEPLOY","releaseTime":"2026-03-05T05:04:10.603Z","releaseUser":{"email":"jona223j@gmail.com","imageUrl":"https://lh3.googleusercontent.com/a/ACg8ocLXu-GSlMQGsLeSp7YZi3J9YcWy-U4_QU-Cn-bxsJhFS6GQ=mo"}}
[info] ✔  hosting[actualbackend-3b454]: release complete 
[info] 
[info] ✔  Deploy complete! 
[info] 
[info] Project Console: https://console.firebase.google.com/project/actualbackend-3b454/overview
[info] Hosting URL: https://actualbackend-3b454.web.app
[debug] [2026-03-05T07:13:16.372Z] ----------------------------------------------------------------------
[debug] [2026-03-05T07:13:16.374Z] Command:       /opt/homebrew/Cellar/node/25.6.0/bin/node /Users/jonasyaich/.npm/_npx/ba4f1959e38407b5/node_modules/.bin/firebase deploy --only hosting
[debug] [2026-03-05T07:13:16.374Z] CLI Version:   15.8.0
[debug] [2026-03-05T07:13:16.374Z] Platform:      darwin
[debug] [2026-03-05T07:13:16.374Z] Node Version:  v25.6.0
[debug] [2026-03-05T07:13:16.374Z] Time:          Thu Mar 05 2026 08:13:16 GMT+0100 (Central European Standard Time)
[debug] [2026-03-05T07:13:16.374Z] ----------------------------------------------------------------------
[debug] 
[debug] [2026-03-05T07:13:18.760Z] > command requires scopes: ["email","openid","https://www.googleapis.com/auth/cloudplatformprojects.readonly","https://www.googleapis.com/auth/firebase","https://www.googleapis.com/auth/cloud-platform"]
[debug] [2026-03-05T07:13:18.761Z] > authorizing via signed-in user (jona223j@gmail.com)
[debug] [2026-03-05T07:13:18.761Z] [iam] checking project actualbackend-3b454 for permissions ["firebase.projects.get","firebasehosting.sites.update"]
[debug] [2026-03-05T07:13:18.761Z] Checked if tokens are valid: false, expires at: 1772690633546
[debug] [2026-03-05T07:13:18.761Z] Checked if tokens are valid: false, expires at: 1772690633546
[debug] [2026-03-05T07:13:18.762Z] > refreshing access token with scopes: []
[debug] [2026-03-05T07:13:18.763Z] >>> [apiv2][query] POST https://www.googleapis.com/oauth2/v3/token [none]
[debug] [2026-03-05T07:13:18.763Z] >>> [apiv2][body] POST https://www.googleapis.com/oauth2/v3/token [omitted]
[debug] [2026-03-05T07:13:18.947Z] <<< [apiv2][status] POST https://www.googleapis.com/oauth2/v3/token 200
[debug] [2026-03-05T07:13:18.947Z] <<< [apiv2][body] POST https://www.googleapis.com/oauth2/v3/token [omitted]
[debug] [2026-03-05T07:13:18.971Z] >>> [apiv2][query] POST https://cloudresourcemanager.googleapis.com/v1/projects/actualbackend-3b454:testIamPermissions [none]
[debug] [2026-03-05T07:13:18.971Z] >>> [apiv2][(partial)header] POST https://cloudresourcemanager.googleapis.com/v1/projects/actualbackend-3b454:testIamPermissions  x-goog-user-project=actualbackend-3b454
[debug] [2026-03-05T07:13:18.971Z] >>> [apiv2][body] POST https://cloudresourcemanager.googleapis.com/v1/projects/actualbackend-3b454:testIamPermissions {"permissions":["firebase.projects.get","firebasehosting.sites.update"]}
[debug] [2026-03-05T07:13:19.855Z] <<< [apiv2][status] POST https://cloudresourcemanager.googleapis.com/v1/projects/actualbackend-3b454:testIamPermissions 200
[debug] [2026-03-05T07:13:19.856Z] <<< [apiv2][body] POST https://cloudresourcemanager.googleapis.com/v1/projects/actualbackend-3b454:testIamPermissions {"permissions":["firebase.projects.get","firebasehosting.sites.update"]}
[debug] [2026-03-05T07:13:19.857Z] Checked if tokens are valid: true, expires at: 1772698397947
[debug] [2026-03-05T07:13:19.857Z] Checked if tokens are valid: true, expires at: 1772698397947
[debug] [2026-03-05T07:13:19.858Z] >>> [apiv2][query] GET https://firebase.googleapis.com/v1beta1/projects/actualbackend-3b454 [none]
[debug] [2026-03-05T07:13:20.439Z] <<< [apiv2][status] GET https://firebase.googleapis.com/v1beta1/projects/actualbackend-3b454 200
[debug] [2026-03-05T07:13:20.439Z] <<< [apiv2][body] GET https://firebase.googleapis.com/v1beta1/projects/actualbackend-3b454 {"projectId":"actualbackend-3b454","projectNumber":"491793307002","displayName":"actualbackend","name":"projects/actualbackend-3b454","resources":{"hostingSite":"actualbackend-3b454","realtimeDatabaseInstance":"actualbackend-3b454-default-rtdb"},"state":"ACTIVE","etag":"1_63b84acb-4b65-4cb2-9484-4807c31e764b"}
[info] 
[info] === Deploying to 'actualbackend-3b454'...
[info] 
[info] i  deploying hosting 
[debug] [2026-03-05T07:13:20.448Z] Checked if tokens are valid: true, expires at: 1772698397947
[debug] [2026-03-05T07:13:20.448Z] Checked if tokens are valid: true, expires at: 1772698397947
[debug] [2026-03-05T07:13:20.448Z] >>> [apiv2][query] POST https://firebasehosting.googleapis.com/v1beta1/projects/-/sites/actualbackend-3b454/versions [none]
[debug] [2026-03-05T07:13:20.448Z] >>> [apiv2][body] POST https://firebasehosting.googleapis.com/v1beta1/projects/-/sites/actualbackend-3b454/versions {"status":"CREATED","labels":{"deployment-tool":"cli-firebase"}}
[debug] [2026-03-05T07:13:22.834Z] <<< [apiv2][status] POST https://firebasehosting.googleapis.com/v1beta1/projects/-/sites/actualbackend-3b454/versions 200
[debug] [2026-03-05T07:13:22.834Z] <<< [apiv2][body] POST https://firebasehosting.googleapis.com/v1beta1/projects/-/sites/actualbackend-3b454/versions {"name":"projects/491793307002/sites/actualbackend-3b454/versions/cf484f88441d853b","status":"CREATED","config":{},"labels":{"deployment-tool":"cli-firebase"}}
[info] i  hosting[actualbackend-3b454]: beginning deploy... 
[info] i  hosting[actualbackend-3b454]: found 160 files in build 
[debug] [2026-03-05T07:13:22.865Z] [hosting] uploading with 200 concurrency
[debug] [2026-03-05T07:13:23.351Z] Checked if tokens are valid: true, expires at: 1772698397947
[debug] [2026-03-05T07:13:23.351Z] Checked if tokens are valid: true, expires at: 1772698397947
[debug] [2026-03-05T07:13:23.352Z] [hosting] hash cache [YnVpbGQ] stored for 160 files
[debug] [2026-03-05T07:13:23.352Z] [hosting][hash queue][FINAL] {"max":482,"min":20,"avg":42.674999999999976,"active":0,"complete":160,"success":160,"errored":0,"retried":0,"total":160,"elapsed":485}
[debug] [2026-03-05T07:13:23.352Z] >>> [apiv2][query] POST https://firebasehosting.googleapis.com/v1beta1/projects/491793307002/sites/actualbackend-3b454/versions/cf484f88441d853b:populateFiles [none]
[debug] [2026-03-05T07:13:23.352Z] >>> [apiv2][body] POST https://firebasehosting.googleapis.com/v1beta1/projects/491793307002/sites/actualbackend-3b454/versions/cf484f88441d853b:populateFiles {"files":{"/manifest.json":"af4c60dfde4694552dbdd63592ddc540a3be2c5b5c4fca387ae80d45c3ce530e","/index.html":"7b799a7e9844ae39accc6b0a2344044fd8d26fdf449ecf46f50c0e07e33c9c74","/robots.txt":"391d14b3c2f8c9143a27a28c7399585142228d4d1bdbe2c87ac946de411fa9a2","/logo512.png":"64aabb146fe7b27bc6f1501e9770db37a3e76e15ae9714cc37953f6c41efc80a","/static/js/main.58ff3f1d.js.LICENSE.txt":"1b4d627902473c9cc92dbcdb7c9e9e6747b03e557e7252c7443694cac34beadc","/logo192.png":"4395bc4a7245fe22bfcbd5e44ed7fbb2b7e43d923da872b731c7411533a5f4d8","/asset-manifest.json":"fd239f9e6af3320c0cd90f6549c212eb64771b6b7dea4ccd09d12b1460d9b6d5","/static/js/996.0fea2cb8.chunk.js.LICENSE.txt":"15e2d48aa7cb934f45a93392e9882770f25beb22f98ac210b1eb942ff30a4917","/static/js/99.0341e4d8.chunk.js.LICENSE.txt":"26f01abe96e2f2c8007d52aa1a5d66293132cc4ff5196720586e069a1659c52f","/static/js/996.0fea2cb8.chunk.js":"f3e78d74b2f56483298885de02b135ef4d8a0bc63177a053efb7e5748529840c","/static/js/996.0fea2cb8.chunk.js.map":"c2cad5dcd24d7d36bdc6a9ca06e562a218f0558d91e821e72e44c7199b2102d3","/static/js/98.c1c7134a.chunk.js.LICENSE.txt":"15e2d48aa7cb934f45a93392e9882770f25beb22f98ac210b1eb942ff30a4917","/static/js/98.c1c7134a.chunk.js":"9391aa02f6f40d45ae2b78447cb4e104be0b678abc20e0dae25af055318bc5ec","/static/js/98.c1c7134a.chunk.js.map":"d1427166b09e7379107d669bbc4fa7a4f13a3e42ae792ddd00e0d732e363a653","/static/js/943.1590b78c.chunk.js.LICENSE.txt":"15e2d48aa7cb934f45a93392e9882770f25beb22f98ac210b1eb942ff30a4917","/static/js/943.1590b78c.chunk.js":"211536a4673704797c0c6403656541f6e061cd61945859fe33cd945b8493f0fa","/static/js/907.27deefa2.chunk.js":"b133f1d37b7f9d1ba0e2abecebafbde1dc70d73673b3ab5e47289814103c0754","/static/js/890.2ada8c02.chunk.js.LICENSE.txt":"00ef89c487faa38ca54c1241c5e06e148a24c3b4b3549007273a145957ad125e","/static/js/943.1590b78c.chunk.js.map":"7fe8cd18fecd5655ed1403517cf8832f6655ac18f89373250d662dc06731f241","/static/js/847.59742d32.chunk.js.LICENSE.txt":"15e2d48aa7cb934f45a93392e9882770f25beb22f98ac210b1eb942ff30a4917","/favicon.ico":"81b6fdb9e284828c8c0a50f0b6832dcbad8fbbeff9957e6821ad0ebb3c378bfe","/static/js/807.0e598e3d.chunk.js.map":"6284f146eeaf00ee0bf4228dc6fba338011ea2a6b38dd9b1e7f088cd975dd3c4","/static/js/807.0e598e3d.chunk.js":"614bd86bb940c98edab4aeeaa3e68d8e6f498d4902e5cd0a50f6a17227da69f9","/static/js/787.82a750a2.chunk.js.LICENSE.txt":"15e2d48aa7cb934f45a93392e9882770f25beb22f98ac210b1eb942ff30a4917","/static/js/726.63e0b181.chunk.js.map":"e77e883dd09c29424c2a5f20c45c648bb309b1b3ba149d6fa8d996e66874b2b9","/static/js/726.63e0b181.chunk.js":"aebc4e2fd6a9b07fb63ff97cce14e2beea06412612a4fffb4c3553e07fd4463e","/static/js/787.82a750a2.chunk.js":"a4804bf00766fef9b8cf08494b1797a9f1c5347ead4d0e464ebaeb4629c47592","/static/js/736.ba530f14.chunk.js":"f60edb9db2ade838ad2f202628fd6e2190091866268c2cc403070af289c2614c","/static/js/787.82a750a2.chunk.js.map":"8d55470f539f4cb3a729fc57a74e9b9829644f373815a51d2ff72b646e31fa57","/static/js/688.454f7f32.chunk.js.map":"4e2178812c7d47a04d9359016c254ff1281c6895da880565c95bde11b05db010","/static/js/688.454f7f32.chunk.js":"e9382c633dd02d401be1f16d2c4208aba4123d6faed3a1caa3e1a5f6508c5240","/static/js/678.78a4a591.chunk.js.map":"16e64cc35b7ba59b15531be1cbae0460a5b4bd61a65a1a6fe8c8266357ca2aea","/static/js/685.7d930c59.chunk.js":"4cdc2a0233e956b43037f67257aeb0d9181314be51cd6294a9763bf2b30c1f0d","/static/js/678.78a4a591.chunk.js":"43c2a87a21d367d01ccb70147fe09f51a974fcb478aad9a5ae81065960a981d6","/static/js/642.4fd34104.chunk.js":"f1df37648885794e787a645944e1ca34652459fadad64fa33289132ed7a6fe57","/static/js/590.203f49d1.chunk.js.LICENSE.txt":"15e2d48aa7cb934f45a93392e9882770f25beb22f98ac210b1eb942ff30a4917","/static/js/590.203f49d1.chunk.js":"282767ce7ba25f0d8512440e2f41f3a103b720e6999e923dbd5527ce8c8ece78","/static/js/907.27deefa2.chunk.js.map":"65fa72bdf01997b3d6ab44b53472750741a8a721586ce0c2d1004d8ce15ab6bf","/static/js/685.7d930c59.chunk.js.map":"fa6d17948044922d9e0869219ea46bc99e7c1d7187b000de6e50f67a0b978da9","/static/js/642.4fd34104.chunk.js.map":"b4907b4f8ea00239daaba0ef6b796b56dde179ca7d8d517b432362e19ed89517","/static/js/736.ba530f14.chunk.js.map":"29e035c401849c8504ccc3b1dc8a4e143dc8730023ead8475c6af777d9ff7082","/static/js/590.203f49d1.chunk.js.map":"ab10734e49a190d4bbc5467203ab5877d72a6a73b489371dc7e658a44197b4fd","/static/js/890.2ada8c02.chunk.js":"4e3c3f2bb1d0a65922fd75a63e0d56be590bfedb697b690aebf62a1f1f6bf8e4","/static/js/847.59742d32.chunk.js":"c646ba70e12b8818aa7b142abff590356230195c6cffaf429c920715c5c012cb","/static/js/564.b0c6fb88.chunk.js":"b141e4aa22c0e0b74ea78ff2a34f766db7265770fe6f2d20218847ae3f5e5f39","/static/js/553.4c9df158.chunk.js.LICENSE.txt":"15e2d48aa7cb934f45a93392e9882770f25beb22f98ac210b1eb942ff30a4917","/static/js/564.b0c6fb88.chunk.js.map":"1cf7c88c9f9f7280b64b786bfd4e0b20d399231d3c07cf4bdb5236850eecc380","/static/js/495.2bc730e6.chunk.js.LICENSE.txt":"15e2d48aa7cb934f45a93392e9882770f25beb22f98ac210b1eb942ff30a4917","/static/js/549.7be43e80.chunk.js":"af6a8d1d51ef8d859c006197d56ead4d557baf93d5d78a1e802cb9d2a72d0890","/static/js/495.2bc730e6.chunk.js":"252a8773a706c6fbce4016af2866202e72da1c317829405f71988ac45b0128ab","/static/js/492.bf36c957.chunk.js.LICENSE.txt":"15e2d48aa7cb934f45a93392e9882770f25beb22f98ac210b1eb942ff30a4917","/static/js/495.2bc730e6.chunk.js.map":"dccddfe3de893110225091213e766315bcf6e7bbf72a92486e3a6b0b098d4139","/static/js/492.bf36c957.chunk.js":"6b668e5541fdc5711b72a44303c1402a3cd26a170bbd7762b33a2e69b53c303f","/static/js/464.3c7fec9e.chunk.js.LICENSE.txt":"15e2d48aa7cb934f45a93392e9882770f25beb22f98ac210b1eb942ff30a4917","/static/js/492.bf36c957.chunk.js.map":"e059e30f998e634b4cff62f3938da4ade26bf1ee76991eb3f63a394fe6cb9b8a","/static/js/464.3c7fec9e.chunk.js.map":"68716785616e25228a1f753fcfedfdf1648b673b18ac93cac1c62d50fda6a9f6","/static/js/464.3c7fec9e.chunk.js":"0065d2b96a419d0229c7be7093cbaa3f0ed1a19ce0c28253a565dcf45f01339a","/static/js/453.d2cde605.chunk.js":"22998aacf99aaf14ad3e2bdb3fbb71f731aa7190c603cee85bc34b5892592175","/static/js/453.d2cde605.chunk.js.map":"25be544347546da4eb7fce5171d3bd11e9b11bb39224d62ccd8a1213e412ada0","/static/js/363.2218568f.chunk.js":"ffde8cd5003fc97da3eb9ba4a67c9e8b47927d4a7da1d846184865279325fdc4","/static/js/338.4dffaff2.chunk.js.LICENSE.txt":"15e2d48aa7cb934f45a93392e9882770f25beb22f98ac210b1eb942ff30a4917","/static/js/338.4dffaff2.chunk.js":"370c9ef4471cd982e3839afe2ee50bdfa8888e04bf59f4ed831af383954f65d6","/static/js/333.3218a2e8.chunk.js.LICENSE.txt":"15e2d48aa7cb934f45a93392e9882770f25beb22f98ac210b1eb942ff30a4917","/static/js/333.3218a2e8.chunk.js":"1526ef2f24d1b39e31ee544f9faa8887dfd9e0060cbed7d45cf53ebad1da1f85","/static/js/303.2b46552b.chunk.js.LICENSE.txt":"15e2d48aa7cb934f45a93392e9882770f25beb22f98ac210b1eb942ff30a4917","/static/js/303.2b46552b.chunk.js.map":"12d21caa59577b9a9bc6fd78932458e18b4a8f9700d74dee9f6f41047c0f901c","/static/js/303.2b46552b.chunk.js":"1aa37ba5a24ad1bf5edcd6b74f0f9180399448b0d2fdc8bf584b5c531d51280a","/static/js/296.37790df1.chunk.js.LICENSE.txt":"15e2d48aa7cb934f45a93392e9882770f25beb22f98ac210b1eb942ff30a4917","/static/js/296.37790df1.chunk.js":"885aa986c6a48ea4db03a059de9ad1203b5ef70899cec083128a8eb5e01d0ba9","/static/js/296.37790df1.chunk.js.map":"c89b58e50efb9e4dc106177eed2657dc43f11a253ab9589422a3948d6aaab7bf","/static/js/288.697f6044.chunk.js.LICENSE.txt":"15e2d48aa7cb934f45a93392e9882770f25beb22f98ac210b1eb942ff30a4917","/static/js/269.05944dcc.chunk.js":"fd5ca4ec8794ad322c5cf31a7f3863f179197d2709b830542833db799db7c73d","/static/js/553.4c9df158.chunk.js":"09fcb3f914e89cacc55fed975f4ea509ec1dd00d103fbe013bcbbd76174921b9","/static/js/549.7be43e80.chunk.js.map":"cb938089b5581cf3a56d33cef95f029d0d1a279dd493c36760ca274e509afe4d","/static/js/333.3218a2e8.chunk.js.map":"4a4c699fffded725e7eae4aeb479d57ace2b53113ef979fa27057f1d3f4423f9","/static/js/265.e09344b3.chunk.js.map":"8539842c29ddc40086137b813f3496723ceb75cf9fe546f6bc9e4f1cff605590","/static/js/363.2218568f.chunk.js.map":"7bf2f1c879eeb7fa217f8fa53ec87604d8206f4de49a02323a818b8240e1f395","/static/js/338.4dffaff2.chunk.js.map":"b5ee6f86632eca7401f830cb6b068f34da6ed3f59c6f9eb45f0707c72901d256","/static/js/265.e09344b3.chunk.js.LICENSE.txt":"15e2d48aa7cb934f45a93392e9882770f25beb22f98ac210b1eb942ff30a4917","/static/js/288.697f6044.chunk.js":"d260ec72e485fa7e207e1e83bbfdc8d3560895923f66fcd893d466c0b38b9bca","/static/js/99.0341e4d8.chunk.js":"e2c837973c4a214d13e75ba42c4e25df358416277648f0df6a3a37b1db5fd831","/static/js/265.e09344b3.chunk.js":"e02a62400d84db75b8f9543b443b90d54e22d715f6dba6a030a9bbe225a7d255","/static/js/263.1c93bf92.chunk.js":"3a9809c5f11135edd7a224901191a964fe98bbae51157e32b29796f310e616d8","/static/js/269.05944dcc.chunk.js.map":"5c40435c6e89cc65ded04ca2479103207f58db9e62b677c45ac1e46d307c7b62","/static/js/233.1690ba19.chunk.js.map":"6c23ab8d1db1dde7b4c7448180318524c4423e1fe29fed057d95090cec3ae42f","/static/js/233.1690ba19.chunk.js":"1ffc32abae04ba3a7422ffc5a5d64304681320cf04247910e367e340a5721e76","/static/js/176.921607d5.chunk.js.map":"ad44c747ee695ae4d1a92cc48e45e392e1984108ce5801f024a4942feefac06b","/static/js/176.921607d5.chunk.js":"8ce22af4e5cc1112cc699b064d3afe9831f08301d207707b28b866facd8decd3","/static/js/150.51ee49a7.chunk.js.map":"632aa4d6f2bc7a98ce2c6a2a85f357500f2f4c28c198459562e3685f466064a8","/static/js/150.51ee49a7.chunk.js.LICENSE.txt":"15e2d48aa7cb934f45a93392e9882770f25beb22f98ac210b1eb942ff30a4917","/static/js/150.51ee49a7.chunk.js":"e1ba92c43a35fb8904db3d78eae1b53c5e02b81718b7a20450d8551056ff98a9","/static/js/125.40b31da6.chunk.js":"f6c5ab37adafcf301adde38845de1cc288d72eb4f349f3ad4ccfa1bc57d801f5","/static/js/111.b2b96088.chunk.js.LICENSE.txt":"15e2d48aa7cb934f45a93392e9882770f25beb22f98ac210b1eb942ff30a4917","/static/js/125.40b31da6.chunk.js.map":"87bd762252347156b7cabc093e502933cce328e30e9d8850e61ef4bb281a3160","/static/css/996.0abfc4c7.chunk.css.map":"7df8ac8b935c3e83222da672129ff3d18187bab04e36fff37d33e23137b20d1d","/static/css/996.0abfc4c7.chunk.css":"61a535217995f6e3058e430b0ec92f12d34bc273144a788ed21f64d061a32f3b","/static/css/943.48d1088b.chunk.css":"c86341e6a1529bae35e07bc831d79deb97e59716016509920b013c555335fa8d","/static/css/943.48d1088b.chunk.css.map":"42df84968151b5655bbab7b7cf2d021be436f3bb6b16f87d9a50c73e10d72860","/static/css/807.b41774b7.chunk.css.map":"c7bbdbef98a2e4a994c9ea5ad07a32b0f6680f6f4c833cb670a6f695a48b8e8a","/static/css/807.b41774b7.chunk.css":"aa6eb10312eb8d448e90970c9847948665dba57822c888ade78f04a858eef280","/static/css/736.28ba2c84.chunk.css":"23f616354b50d20babf3647be146ad4c2ee92a0a4082b95addbe7a09ccd779aa","/static/css/736.28ba2c84.chunk.css.map":"76fb679ee114d45f023dfc5f0f2361429ba23b741b3d0d67f61fca7c1ae3ba7d","/static/css/688.30ef763c.chunk.css.map":"d42cc03fe01d12f302ca3329a7e8b9ed6f60d33fe1cf99bc5cedd3c442369af5","/static/css/688.30ef763c.chunk.css":"cb05c1668fb6ff27b5ab7ac4a4791c19a5a74bd2b6cd6640bc461ad2d8350f87","/static/css/685.2e672648.chunk.css":"b3d841ee1c7fc4411398566dff84901bf43ace942b86046157d562ff7a269415","/static/css/590.56fce157.chunk.css.map":"1e6b6f93df1c03c289117833cc86283f8109478eda37e0269e90ed8ce573e621","/static/css/590.56fce157.chunk.css":"7676083a483b4a8b7c0d9ed55b52daec5c2bbe897b6c908a538706891176caa0","/static/css/685.2e672648.chunk.css.map":"e0e3934d644ff120649c4a93efcaa64792f257f9620a109ccdfb96c55ac87635","/static/css/564.cb854582.chunk.css.map":"60ded699ec67863b8b6b8c0fed2b4fd86ecf39599e42fd68bbb7c9a581e58c86","/static/css/564.cb854582.chunk.css":"d0316b2939f987291fa08c8f8193e0751809595fecf879be43de86953d144027","/static/css/338.44779294.chunk.css.map":"40e7ce3af3686e49edcba9624eeb3efdfb871a36380b536f5916d04c280eb0a8","/static/css/338.44779294.chunk.css":"571552f44d0b1d5044e56175cb439f180d1863aea719697f8cee114ac775ad60","/static/css/main.45ab513d.css.map":"fb147f747af8b2fb188ee99d7328293043b0a2e795a8ac0d69a7f6536878e0a3","/static/css/333.8acaa905.chunk.css.map":"d9166296d53c86e125a4087695589b268d13ca2a6f86a3310e1f1a07d36e054b","/static/css/333.8acaa905.chunk.css":"0df91d8cf13fdb6c79be5c0e8f8f9dfe7badccfdad72600c0ae33d7f8a9d34d5","/static/js/263.1c93bf92.chunk.js.map":"7b9b0eb9fd2b9dbf7293ce33bf533c283247da7a70744bd145c302d7901917d2","/static/js/111.b2b96088.chunk.js":"9b194a3112ba58bd0fbd2ee43945a5e5d67b3fc36873b5af3a9dff5d9dbe87b0","/static/css/296.28eb687f.chunk.css.map":"916309e9b2d757092eeb271ae9177740c8b8b15395b98c8c4b1b0e301f47543b","/static/css/296.28eb687f.chunk.css":"ca8acb34c71be13f0fffa9c46917c393d013241e7930e545b449f826d463bf91","/static/css/288.6f2d9f40.chunk.css.map":"541b9d46f94bb36d00691395e1a344712b013ddfff12b0d696cff4a0c08d5715","/static/css/288.6f2d9f40.chunk.css":"db51a1d5246cc0bef62483781db0be1dcb489d50556288e2e0bedd4aeb0a90a0","/static/css/269.76bad261.chunk.css.map":"b921982c9a5d599d58ff63d68e5223206251a71fe046258c3acf09913a120567","/static/css/main.45ab513d.css":"1299e8d374ca5b4834ddbde8a39351b20854d7457bc291e0a7c7dc6651cb9eaf","/static/css/269.76bad261.chunk.css":"4dc4f158aeb3538928157e8edd6a7dcf21222eac7670a002088f439da691298a","/static/css/265.e8b3f508.chunk.css.map":"68194589a678163c42cbf597f86e18754502489a3196b94a25b3d40a5426be40","/static/css/265.e8b3f508.chunk.css":"38309be7a909d0a52993dcf275c9cd8c9f3c4e6c57885414b2f1fe15b2a25f0d","/static/css/130.392a2e2d.chunk.css.map":"badac6b25807f9889883c3ec90dedd3544634f6deb6b9c2866a19677c12929e4","/static/css/130.392a2e2d.chunk.css":"59fa56e1e977bf04953b60ee51dca942e3d4daa4f52ada88ad7964f465677df0","/static/css/127.5025c5e8.chunk.css":"c18485914c2d084292d8ce20f091dbcde78c37398030b9dfd2fa46f8daceb0b4","/static/css/125.ffd2608f.chunk.css.map":"80350cbe09289026feffd177f1c2a6e8151efeaa6d494afdcc927975fc78328d","/static/css/125.ffd2608f.chunk.css":"5d5a8145595e927dd9f40a11e9893f7e4d7fa9891e47954c5a4f9c8f3abfc1d7","/hero-5/unnamed.jpg":"d0d5f07f3c7d421eb939d435e0d69c82352541204b0d7fc6fb9718404767fccd","/hero-5/apple-pay-logo-coopbank.webp":"2307d345345dcd54aef47e5eb63a1296f3c913d842bdbc663601546be8cc6428","/hero-5/Visa_Grey.avif":"c08fef8c80a87eca21fef3b2260d835ed8085303e2ab5132f64090ead128b8d7","/hero-5/Mastercard_2019_logo.svg":"383ef9f8a933f72f1a5fc35b7ab4a2f18ae974156d78794038b32fb6afdbebd4","/static/css/127.5025c5e8.chunk.css.map":"ffeb2055675c65ae614ea7075a1ad8f5255902e7436ef949b453e50c1f0804eb","/static/js/288.697f6044.chunk.js.map":"2c21db30dd4809c301b2d18279bba286dfeedc0e9a1ee24598db20dc239d27a6","/static/js/553.4c9df158.chunk.js.map":"c83fdb95faae53ebef419914ee9e2040dd46379fec872adef14c7c37a563c260","/hero-5/unnamed.webp":"053d2c1e8ff29c8f5f3c630136e4e1776a8c2231334a4b79912c25168e65031e","/hero-5/physio-picture.jpg":"2d1249adc33d7929226cca9173fe87ac56487edc734806e3f51a246a37be8220","/hero-5/selma-logo-final.jpg":"1b9989229fde27bce3f5dcfabfeb08f0f15657b56812e1c8d7ea2ef3fb5639b3","/static/js/111.b2b96088.chunk.js.map":"0f03848bd602093e6f5b87ba03c2c7588cab6fb8e25c8b38596e629871113571","/hero-5/MobilePay-1200x627.jpg":"e6dd51a6112a09aa33e67a27d1a3b6fbac19bdd3c2eeba7113497e80bcc04075","/static/js/847.59742d32.chunk.js.map":"e8c77468995dae8c025917e9bb4095a5c51731dcecfc721aa95be19d010aad19","/hero-5/booking-hjemmeside.jpg":"a4de6fcd8b833421127bffe75ef3972653659c8e380a275156ce32e27d90fb26","/static/js/890.2ada8c02.chunk.js.map":"dba798692a7038d67fc69576b2cd5c4e5a870de72c325a074f144b16872e7467","/hero-5/insta-profil.jpg":"b4883fc86225c184d1c7936dc16f46dfd55784845a34862e9f1e97ed896964c9","/static/js/99.0341e4d8.chunk.js.map":"1dea4cf2a5b7d167bb3b8e140be7cbca67d61342e8fa00999c74ece546473efc","/static/js/main.58ff3f1d.js":"861a61e3454733adbe805830c58f218ff6576bd81082a2232b8cd395d27f347a","/hero-4/clinic-overview.png":"fc15885d0428a8a30ba6d317056de0869d40b2b5668dac7a938cef266556d5b0","/hero-4/calendar-week.png":"0343644df56057efa8951e2aae430cc7ae969cf41e7343495f942765ee07cef7","/hero-6/screen-3.png":"9a0551e4dd92e4a95ba99826a333237b3c3bb22e9247900418cc4f6e1127e2d0","/hero-6/screen-6.png":"781f334972758d31c6e6302874f1b7bb05a19af54fb42a304c75dfabb2ab51e6","/hero-6/screen-1.png":"676f001bddfd837bcb4c29adc8a802ddce3a583c0efd0e2a66db6d8e7a50315f","/hero-6/screen-5.png":"84514542bc84a327691323d2dc95cafe3187ff8ee6e56e5bae94a09877878b6d","/hero-6/screen-4.png":"b0b0ddba66f251afc1a5e9873fb7dffcaf62766838da676d14ed764740ebeb70","/hero-6/screen-2.png":"6608d3035ed5f3ebe891a5822e31ed21d6d24ae9281914e371fed782e746d111","/assets/selmalogo.png":"a9d6a9f8fcb32340c9e0cc23f9a76b0010fe85cdd7ddd81d732aa11e5e66c15d","/hero-2/pexels-yankrukov-5793904.jpg":"ee985c25810015e60c1924102c304a7fc965152bd96cbe18883e3d84eb6d37f3","/static/js/main.58ff3f1d.js.map":"b1517fd30fad2d81badf3b2470f44a67c121605a92da3a1f0f9e1996948327b3"}}
[info] i  hosting: adding files to version [0/160] (0%) 
[debug] [2026-03-05T07:13:25.607Z] <<< [apiv2][status] POST https://firebasehosting.googleapis.com/v1beta1/projects/491793307002/sites/actualbackend-3b454/versions/cf484f88441d853b:populateFiles 200
[debug] [2026-03-05T07:13:25.608Z] <<< [apiv2][body] POST https://firebasehosting.googleapis.com/v1beta1/projects/491793307002/sites/actualbackend-3b454/versions/cf484f88441d853b:populateFiles {"uploadRequiredHashes":["b1517fd30fad2d81badf3b2470f44a67c121605a92da3a1f0f9e1996948327b3","fd239f9e6af3320c0cd90f6549c212eb64771b6b7dea4ccd09d12b1460d9b6d5","ad44c747ee695ae4d1a92cc48e45e392e1984108ce5801f024a4942feefac06b","861a61e3454733adbe805830c58f218ff6576bd81082a2232b8cd395d27f347a","7b799a7e9844ae39accc6b0a2344044fd8d26fdf449ecf46f50c0e07e33c9c74","8ce22af4e5cc1112cc699b064d3afe9831f08301d207707b28b866facd8decd3"],"uploadUrl":"https://upload-firebasehosting.googleapis.com/upload/sites/actualbackend-3b454/versions/cf484f88441d853b/files"}
[debug] [2026-03-05T07:13:25.608Z] Checked if tokens are valid: true, expires at: 1772698397947
[debug] [2026-03-05T07:13:25.608Z] Checked if tokens are valid: true, expires at: 1772698397947
[debug] [2026-03-05T07:13:25.609Z] Checked if tokens are valid: true, expires at: 1772698397947
[debug] [2026-03-05T07:13:25.609Z] Checked if tokens are valid: true, expires at: 1772698397947
[debug] [2026-03-05T07:13:25.609Z] Checked if tokens are valid: true, expires at: 1772698397947
[debug] [2026-03-05T07:13:25.609Z] Checked if tokens are valid: true, expires at: 1772698397947
[debug] [2026-03-05T07:13:25.610Z] Checked if tokens are valid: true, expires at: 1772698397947
[debug] [2026-03-05T07:13:25.610Z] Checked if tokens are valid: true, expires at: 1772698397947
[debug] [2026-03-05T07:13:25.610Z] Checked if tokens are valid: true, expires at: 1772698397947
[debug] [2026-03-05T07:13:25.610Z] Checked if tokens are valid: true, expires at: 1772698397947
[debug] [2026-03-05T07:13:25.611Z] Checked if tokens are valid: true, expires at: 1772698397947
[debug] [2026-03-05T07:13:25.611Z] Checked if tokens are valid: true, expires at: 1772698397947
[debug] [2026-03-05T07:13:25.611Z] >>> [apiv2][query] POST https://upload-firebasehosting.googleapis.com/upload/sites/actualbackend-3b454/versions/cf484f88441d853b/files/b1517fd30fad2d81badf3b2470f44a67c121605a92da3a1f0f9e1996948327b3 [none]
[debug] [2026-03-05T07:13:25.612Z] >>> [apiv2][body] POST https://upload-firebasehosting.googleapis.com/upload/sites/actualbackend-3b454/versions/cf484f88441d853b/files/b1517fd30fad2d81badf3b2470f44a67c121605a92da3a1f0f9e1996948327b3 [stream]
[debug] [2026-03-05T07:13:25.618Z] >>> [apiv2][query] POST https://upload-firebasehosting.googleapis.com/upload/sites/actualbackend-3b454/versions/cf484f88441d853b/files/fd239f9e6af3320c0cd90f6549c212eb64771b6b7dea4ccd09d12b1460d9b6d5 [none]
[debug] [2026-03-05T07:13:25.618Z] >>> [apiv2][body] POST https://upload-firebasehosting.googleapis.com/upload/sites/actualbackend-3b454/versions/cf484f88441d853b/files/fd239f9e6af3320c0cd90f6549c212eb64771b6b7dea4ccd09d12b1460d9b6d5 [stream]
[debug] [2026-03-05T07:13:25.619Z] >>> [apiv2][query] POST https://upload-firebasehosting.googleapis.com/upload/sites/actualbackend-3b454/versions/cf484f88441d853b/files/ad44c747ee695ae4d1a92cc48e45e392e1984108ce5801f024a4942feefac06b [none]
[debug] [2026-03-05T07:13:25.619Z] >>> [apiv2][body] POST https://upload-firebasehosting.googleapis.com/upload/sites/actualbackend-3b454/versions/cf484f88441d853b/files/ad44c747ee695ae4d1a92cc48e45e392e1984108ce5801f024a4942feefac06b [stream]
[debug] [2026-03-05T07:13:25.621Z] >>> [apiv2][query] POST https://upload-firebasehosting.googleapis.com/upload/sites/actualbackend-3b454/versions/cf484f88441d853b/files/861a61e3454733adbe805830c58f218ff6576bd81082a2232b8cd395d27f347a [none]
[debug] [2026-03-05T07:13:25.621Z] >>> [apiv2][body] POST https://upload-firebasehosting.googleapis.com/upload/sites/actualbackend-3b454/versions/cf484f88441d853b/files/861a61e3454733adbe805830c58f218ff6576bd81082a2232b8cd395d27f347a [stream]
[debug] [2026-03-05T07:13:25.622Z] >>> [apiv2][query] POST https://upload-firebasehosting.googleapis.com/upload/sites/actualbackend-3b454/versions/cf484f88441d853b/files/7b799a7e9844ae39accc6b0a2344044fd8d26fdf449ecf46f50c0e07e33c9c74 [none]
[debug] [2026-03-05T07:13:25.622Z] >>> [apiv2][body] POST https://upload-firebasehosting.googleapis.com/upload/sites/actualbackend-3b454/versions/cf484f88441d853b/files/7b799a7e9844ae39accc6b0a2344044fd8d26fdf449ecf46f50c0e07e33c9c74 [stream]
[debug] [2026-03-05T07:13:25.623Z] >>> [apiv2][query] POST https://upload-firebasehosting.googleapis.com/upload/sites/actualbackend-3b454/versions/cf484f88441d853b/files/8ce22af4e5cc1112cc699b064d3afe9831f08301d207707b28b866facd8decd3 [none]
[debug] [2026-03-05T07:13:25.623Z] >>> [apiv2][body] POST https://upload-firebasehosting.googleapis.com/upload/sites/actualbackend-3b454/versions/cf484f88441d853b/files/8ce22af4e5cc1112cc699b064d3afe9831f08301d207707b28b866facd8decd3 [stream]
[debug] [2026-03-05T07:13:25.624Z] [hosting][populate queue][FINAL] {"max":2260,"min":2260,"avg":2260,"active":0,"complete":1,"success":1,"errored":0,"retried":0,"total":1,"elapsed":2273}
[debug] [2026-03-05T07:13:25.624Z] [hosting] uploads queued: 6
[info] i  hosting: uploading new files [0/6] (0%) 
[debug] [2026-03-05T07:13:28.377Z] <<< [apiv2][status] POST https://upload-firebasehosting.googleapis.com/upload/sites/actualbackend-3b454/versions/cf484f88441d853b/files/ad44c747ee695ae4d1a92cc48e45e392e1984108ce5801f024a4942feefac06b 200
[debug] [2026-03-05T07:13:28.378Z] <<< [apiv2][body] POST https://upload-firebasehosting.googleapis.com/upload/sites/actualbackend-3b454/versions/cf484f88441d853b/files/ad44c747ee695ae4d1a92cc48e45e392e1984108ce5801f024a4942feefac06b [stream]
[debug] [2026-03-05T07:13:28.451Z] <<< [apiv2][status] POST https://upload-firebasehosting.googleapis.com/upload/sites/actualbackend-3b454/versions/cf484f88441d853b/files/fd239f9e6af3320c0cd90f6549c212eb64771b6b7dea4ccd09d12b1460d9b6d5 200
[debug] [2026-03-05T07:13:28.451Z] <<< [apiv2][body] POST https://upload-firebasehosting.googleapis.com/upload/sites/actualbackend-3b454/versions/cf484f88441d853b/files/fd239f9e6af3320c0cd90f6549c212eb64771b6b7dea4ccd09d12b1460d9b6d5 [stream]
[debug] [2026-03-05T07:13:28.535Z] <<< [apiv2][status] POST https://upload-firebasehosting.googleapis.com/upload/sites/actualbackend-3b454/versions/cf484f88441d853b/files/8ce22af4e5cc1112cc699b064d3afe9831f08301d207707b28b866facd8decd3 200
[debug] [2026-03-05T07:13:28.536Z] <<< [apiv2][body] POST https://upload-firebasehosting.googleapis.com/upload/sites/actualbackend-3b454/versions/cf484f88441d853b/files/8ce22af4e5cc1112cc699b064d3afe9831f08301d207707b28b866facd8decd3 [stream]
[debug] [2026-03-05T07:13:28.538Z] <<< [apiv2][status] POST https://upload-firebasehosting.googleapis.com/upload/sites/actualbackend-3b454/versions/cf484f88441d853b/files/7b799a7e9844ae39accc6b0a2344044fd8d26fdf449ecf46f50c0e07e33c9c74 200
[debug] [2026-03-05T07:13:28.538Z] <<< [apiv2][body] POST https://upload-firebasehosting.googleapis.com/upload/sites/actualbackend-3b454/versions/cf484f88441d853b/files/7b799a7e9844ae39accc6b0a2344044fd8d26fdf449ecf46f50c0e07e33c9c74 [stream]
[info] i  hosting: uploading new files [4/6] (66%) 
[debug] [2026-03-05T07:13:29.568Z] <<< [apiv2][status] POST https://upload-firebasehosting.googleapis.com/upload/sites/actualbackend-3b454/versions/cf484f88441d853b/files/861a61e3454733adbe805830c58f218ff6576bd81082a2232b8cd395d27f347a 200
[debug] [2026-03-05T07:13:29.568Z] <<< [apiv2][body] POST https://upload-firebasehosting.googleapis.com/upload/sites/actualbackend-3b454/versions/cf484f88441d853b/files/861a61e3454733adbe805830c58f218ff6576bd81082a2232b8cd395d27f347a [stream]
[debug] [2026-03-05T07:13:30.231Z] <<< [apiv2][status] POST https://upload-firebasehosting.googleapis.com/upload/sites/actualbackend-3b454/versions/cf484f88441d853b/files/b1517fd30fad2d81badf3b2470f44a67c121605a92da3a1f0f9e1996948327b3 200
[debug] [2026-03-05T07:13:30.231Z] <<< [apiv2][body] POST https://upload-firebasehosting.googleapis.com/upload/sites/actualbackend-3b454/versions/cf484f88441d853b/files/b1517fd30fad2d81badf3b2470f44a67c121605a92da3a1f0f9e1996948327b3 [stream]
[debug] [2026-03-05T07:13:30.231Z] [hosting][upload queue][FINAL] {"max":4623,"min":2769,"avg":3341,"active":0,"complete":6,"success":6,"errored":0,"retried":0,"total":6,"elapsed":4623}
[info] i  hosting: upload complete 
[info] ✔  hosting[actualbackend-3b454]: file upload complete 
[debug] [2026-03-05T07:13:30.233Z] [hosting] deploy completed after 7394ms
[debug] [2026-03-05T07:13:30.234Z] [
  {
    "config": {
      "public": "build",
      "ignore": [
        "firebase.json",
        "**/.*",
        "**/node_modules/**"
      ],
      "rewrites": [
        {
          "source": "/api/corti/**",
          "run": {
            "serviceId": "actualbackend-api",
            "region": "us-central1"
          }
        },
        {
          "source": "/ws/corti/**",
          "run": {
            "serviceId": "actualbackend-api",
            "region": "us-central1"
          }
        },
        {
          "source": "/api/**",
          "run": {
            "serviceId": "actualbackend-api",
            "region": "us-central1"
          }
        },
        {
          "source": "/ws/**",
          "run": {
            "serviceId": "actualbackend-api",
            "region": "us-central1"
          }
        },
        {
          "source": "**",
          "destination": "/index.html"
        }
      ],
      "site": "actualbackend-3b454"
    },
    "version": "projects/491793307002/sites/actualbackend-3b454/versions/cf484f88441d853b"
  }
]
[info] i  hosting[actualbackend-3b454]: finalizing version... 
[debug] [2026-03-05T07:13:30.237Z] Checked if tokens are valid: true, expires at: 1772698397947
[debug] [2026-03-05T07:13:30.237Z] Checked if tokens are valid: true, expires at: 1772698397947
[debug] [2026-03-05T07:13:30.237Z] >>> [apiv2][query] GET https://cloudfunctions.googleapis.com/v1/projects/actualbackend-3b454/locations/-/functions [none]
[debug] [2026-03-05T07:13:31.143Z] <<< [apiv2][status] GET https://cloudfunctions.googleapis.com/v1/projects/actualbackend-3b454/locations/-/functions 200
[debug] [2026-03-05T07:13:31.144Z] <<< [apiv2][body] GET https://cloudfunctions.googleapis.com/v1/projects/actualbackend-3b454/locations/-/functions {}
[debug] [2026-03-05T07:13:31.145Z] Checked if tokens are valid: true, expires at: 1772698397947
[debug] [2026-03-05T07:13:31.145Z] Checked if tokens are valid: true, expires at: 1772698397947
[debug] [2026-03-05T07:13:31.147Z] >>> [apiv2][query] GET https://cloudfunctions.googleapis.com/v2/projects/actualbackend-3b454/locations/-/functions filter=environment%3D%22GEN_2%22
[debug] [2026-03-05T07:13:32.253Z] <<< [apiv2][status] GET https://cloudfunctions.googleapis.com/v2/projects/actualbackend-3b454/locations/-/functions 200
[debug] [2026-03-05T07:13:32.254Z] <<< [apiv2][body] GET https://cloudfunctions.googleapis.com/v2/projects/actualbackend-3b454/locations/-/functions {"functions":[{"name":"projects/actualbackend-3b454/locations/us-central1/functions/openai_completion","buildConfig":{"build":"projects/491793307002/locations/us-central1/builds/e52ddbfc-d142-4246-a18a-8c2cc49764cb","runtime":"python312","entryPoint":"openai_completion","source":{"storageSource":{"bucket":"gcf-v2-sources-491793307002-us-central1","object":"openai_completion/function-source.zip","generation":"1772537952441232"}},"environmentVariables":{"GOOGLE_NODE_RUN_SCRIPTS":""},"dockerRepository":"projects/actualbackend-3b454/locations/us-central1/repositories/gcf-artifacts","sourceProvenance":{"resolvedStorageSource":{"bucket":"gcf-v2-sources-491793307002-us-central1","object":"openai_completion/function-source.zip","generation":"1772537952441232"}},"dockerRegistry":"ARTIFACT_REGISTRY","serviceAccount":"projects/actualbackend-3b454/serviceAccounts/491793307002-compute@developer.gserviceaccount.com","automaticUpdatePolicy":{}},"serviceConfig":{"service":"projects/actualbackend-3b454/locations/us-central1/services/openai-completion","timeoutSeconds":60,"environmentVariables":{"BOOKING_CONFIRMATION_EMAIL_ENABLED":"true","BOOKING_CONFIRMATION_FROM_EMAIL":"Selma+ <booking@booking.selmaplus.tech>","BOOKING_CONFIRMATION_REPLY_TO_EMAIL":"","RESEND_API_KEY":"re_DE2YQdzb_NaRV2dczsNZmRCkDc4GYCNMJ","RESEND_API_BASE":"https://api.resend.com","FIREBASE_CONFIG":"{\"projectId\":\"actualbackend-3b454\",\"databaseURL\":\"https://actualbackend-3b454-default-rtdb.europe-west1.firebasedatabase.app\",\"storageBucket\":\"actualbackend-3b454.firebasestorage.app\"}","GCLOUD_PROJECT":"actualbackend-3b454","EVENTARC_CLOUD_EVENT_SOURCE":"projects/actualbackend-3b454/locations/us-central1/services/openai_completion","FUNCTION_TARGET":"openai_completion","LOG_EXECUTION_ID":"true","FUNCTION_SIGNATURE_TYPE":"http"},"maxInstanceCount":10,"ingressSettings":"ALLOW_ALL","uri":"https://openai-completion-cqj5vybxha-uc.a.run.app","serviceAccountEmail":"491793307002-compute@developer.gserviceaccount.com","availableMemory":"256Mi","allTrafficOnLatestRevision":true,"revision":"openai-completion-00013-yac","maxInstanceRequestConcurrency":1,"availableCpu":"0.1666"},"state":"ACTIVE","updateTime":"2026-03-03T11:39:31.929844115Z","labels":{"firebase-functions-hash":"e5b42d5f304284a3d66d45887f56a36e9470ed68","deployment-tool":"cli-firebase","firebase-functions-codebase":"python_functions"},"environment":"GEN_2","url":"https://us-central1-actualbackend-3b454.cloudfunctions.net/openai_completion","createTime":"2025-11-19T16:57:04.241899766Z","satisfiesPzi":true},{"name":"projects/actualbackend-3b454/locations/us-central1/functions/publicGetAvailability","buildConfig":{"build":"projects/491793307002/locations/us-central1/builds/e52ddbfc-d142-4246-a18a-8c2cc49764cb","runtime":"python312","entryPoint":"publicGetAvailability","source":{"storageSource":{"bucket":"gcf-v2-sources-491793307002-us-central1","object":"publicGetAvailability/function-source.zip","generation":"1772537952471214"}},"environmentVariables":{"GOOGLE_NODE_RUN_SCRIPTS":""},"dockerRepository":"projects/actualbackend-3b454/locations/us-central1/repositories/gcf-artifacts","sourceProvenance":{"resolvedStorageSource":{"bucket":"gcf-v2-sources-491793307002-us-central1","object":"publicGetAvailability/function-source.zip","generation":"1772537952471214"}},"dockerRegistry":"ARTIFACT_REGISTRY","serviceAccount":"projects/actualbackend-3b454/serviceAccounts/491793307002-compute@developer.gserviceaccount.com","automaticUpdatePolicy":{}},"serviceConfig":{"service":"projects/actualbackend-3b454/locations/us-central1/services/publicgetavailability","timeoutSeconds":60,"environmentVariables":{"BOOKING_CONFIRMATION_EMAIL_ENABLED":"true","BOOKING_CONFIRMATION_FROM_EMAIL":"Selma+ <booking@booking.selmaplus.tech>","BOOKING_CONFIRMATION_REPLY_TO_EMAIL":"","RESEND_API_KEY":"re_DE2YQdzb_NaRV2dczsNZmRCkDc4GYCNMJ","RESEND_API_BASE":"https://api.resend.com","FIREBASE_CONFIG":"{\"projectId\":\"actualbackend-3b454\",\"databaseURL\":\"https://actualbackend-3b454-default-rtdb.europe-west1.firebasedatabase.app\",\"storageBucket\":\"actualbackend-3b454.firebasestorage.app\"}","GCLOUD_PROJECT":"actualbackend-3b454","EVENTARC_CLOUD_EVENT_SOURCE":"projects/actualbackend-3b454/locations/us-central1/services/publicGetAvailability","FUNCTION_TARGET":"publicGetAvailability","LOG_EXECUTION_ID":"true","FUNCTION_SIGNATURE_TYPE":"http"},"maxInstanceCount":10,"ingressSettings":"ALLOW_ALL","uri":"https://publicgetavailability-cqj5vybxha-uc.a.run.app","serviceAccountEmail":"491793307002-compute@developer.gserviceaccount.com","availableMemory":"256Mi","allTrafficOnLatestRevision":true,"revision":"publicgetavailability-00014-roj","maxInstanceRequestConcurrency":1,"availableCpu":"0.1666"},"state":"ACTIVE","updateTime":"2026-03-03T11:39:31.704411340Z","labels":{"firebase-functions-codebase":"python_functions","firebase-functions-hash":"e5b42d5f304284a3d66d45887f56a36e9470ed68","deployment-tool":"cli-firebase"},"environment":"GEN_2","url":"https://us-central1-actualbackend-3b454.cloudfunctions.net/publicGetAvailability","createTime":"2025-12-28T14:58:27.013272596Z","satisfiesPzi":true},{"name":"projects/actualbackend-3b454/locations/us-central1/functions/getClinicStaffPublic","buildConfig":{"build":"projects/491793307002/locations/us-central1/builds/e52ddbfc-d142-4246-a18a-8c2cc49764cb","runtime":"python312","entryPoint":"getClinicStaffPublic","source":{"storageSource":{"bucket":"gcf-v2-sources-491793307002-us-central1","object":"getClinicStaffPublic/function-source.zip","generation":"1772537952439468"}},"environmentVariables":{"GOOGLE_NODE_RUN_SCRIPTS":""},"dockerRepository":"projects/actualbackend-3b454/locations/us-central1/repositories/gcf-artifacts","sourceProvenance":{"resolvedStorageSource":{"bucket":"gcf-v2-sources-491793307002-us-central1","object":"getClinicStaffPublic/function-source.zip","generation":"1772537952439468"}},"dockerRegistry":"ARTIFACT_REGISTRY","serviceAccount":"projects/actualbackend-3b454/serviceAccounts/491793307002-compute@developer.gserviceaccount.com","automaticUpdatePolicy":{}},"serviceConfig":{"service":"projects/actualbackend-3b454/locations/us-central1/services/getclinicstaffpublic","timeoutSeconds":60,"environmentVariables":{"BOOKING_CONFIRMATION_EMAIL_ENABLED":"true","BOOKING_CONFIRMATION_FROM_EMAIL":"Selma+ <booking@booking.selmaplus.tech>","BOOKING_CONFIRMATION_REPLY_TO_EMAIL":"","RESEND_API_KEY":"re_DE2YQdzb_NaRV2dczsNZmRCkDc4GYCNMJ","RESEND_API_BASE":"https://api.resend.com","FIREBASE_CONFIG":"{\"projectId\":\"actualbackend-3b454\",\"databaseURL\":\"https://actualbackend-3b454-default-rtdb.europe-west1.firebasedatabase.app\",\"storageBucket\":\"actualbackend-3b454.firebasestorage.app\"}","GCLOUD_PROJECT":"actualbackend-3b454","EVENTARC_CLOUD_EVENT_SOURCE":"projects/actualbackend-3b454/locations/us-central1/services/getClinicStaffPublic","FUNCTION_TARGET":"getClinicStaffPublic","LOG_EXECUTION_ID":"true","FUNCTION_SIGNATURE_TYPE":"http"},"maxInstanceCount":10,"ingressSettings":"ALLOW_ALL","uri":"https://getclinicstaffpublic-cqj5vybxha-uc.a.run.app","serviceAccountEmail":"491793307002-compute@developer.gserviceaccount.com","availableMemory":"256Mi","allTrafficOnLatestRevision":true,"revision":"getclinicstaffpublic-00013-cat","maxInstanceRequestConcurrency":1,"availableCpu":"0.1666"},"state":"ACTIVE","updateTime":"2026-03-03T11:39:31.554537600Z","labels":{"deployment-tool":"cli-firebase","firebase-functions-codebase":"python_functions","firebase-functions-hash":"e5b42d5f304284a3d66d45887f56a36e9470ed68"},"environment":"GEN_2","url":"https://us-central1-actualbackend-3b454.cloudfunctions.net/getClinicStaffPublic","createTime":"2025-12-28T14:58:26.872122923Z","satisfiesPzi":true},{"name":"projects/actualbackend-3b454/locations/us-central1/functions/transcribe_audio","buildConfig":{"build":"projects/491793307002/locations/us-central1/builds/e52ddbfc-d142-4246-a18a-8c2cc49764cb","runtime":"python312","entryPoint":"transcribe_audio","source":{"storageSource":{"bucket":"gcf-v2-sources-491793307002-us-central1","object":"transcribe_audio/function-source.zip","generation":"1772537952479068"}},"environmentVariables":{"GOOGLE_NODE_RUN_SCRIPTS":""},"dockerRepository":"projects/actualbackend-3b454/locations/us-central1/repositories/gcf-artifacts","sourceProvenance":{"resolvedStorageSource":{"bucket":"gcf-v2-sources-491793307002-us-central1","object":"transcribe_audio/function-source.zip","generation":"1772537952479068"}},"dockerRegistry":"ARTIFACT_REGISTRY","serviceAccount":"projects/actualbackend-3b454/serviceAccounts/491793307002-compute@developer.gserviceaccount.com","automaticUpdatePolicy":{}},"serviceConfig":{"service":"projects/actualbackend-3b454/locations/us-central1/services/transcribe-audio","timeoutSeconds":60,"environmentVariables":{"BOOKING_CONFIRMATION_EMAIL_ENABLED":"true","BOOKING_CONFIRMATION_FROM_EMAIL":"Selma+ <booking@booking.selmaplus.tech>","BOOKING_CONFIRMATION_REPLY_TO_EMAIL":"","RESEND_API_KEY":"re_DE2YQdzb_NaRV2dczsNZmRCkDc4GYCNMJ","RESEND_API_BASE":"https://api.resend.com","FIREBASE_CONFIG":"{\"projectId\":\"actualbackend-3b454\",\"databaseURL\":\"https://actualbackend-3b454-default-rtdb.europe-west1.firebasedatabase.app\",\"storageBucket\":\"actualbackend-3b454.firebasestorage.app\"}","GCLOUD_PROJECT":"actualbackend-3b454","EVENTARC_CLOUD_EVENT_SOURCE":"projects/actualbackend-3b454/locations/us-central1/services/transcribe_audio","FUNCTION_TARGET":"transcribe_audio","LOG_EXECUTION_ID":"true","FUNCTION_SIGNATURE_TYPE":"http"},"maxInstanceCount":10,"ingressSettings":"ALLOW_ALL","uri":"https://transcribe-audio-cqj5vybxha-uc.a.run.app","serviceAccountEmail":"491793307002-compute@developer.gserviceaccount.com","availableMemory":"256Mi","allTrafficOnLatestRevision":true,"revision":"transcribe-audio-00017-guz","maxInstanceRequestConcurrency":1,"availableCpu":"0.1666"},"state":"ACTIVE","updateTime":"2026-03-03T11:39:31.726544919Z","labels":{"firebase-functions-codebase":"python_functions","firebase-functions-hash":"e5b42d5f304284a3d66d45887f56a36e9470ed68","deployment-tool":"cli-firebase"},"environment":"GEN_2","url":"https://us-central1-actualbackend-3b454.cloudfunctions.net/transcribe_audio","createTime":"2025-11-16T22:33:27.153150969Z","satisfiesPzi":true},{"name":"projects/actualbackend-3b454/locations/us-central1/functions/suggest_next_appointment","buildConfig":{"build":"projects/491793307002/locations/us-central1/builds/e52ddbfc-d142-4246-a18a-8c2cc49764cb","runtime":"python312","entryPoint":"suggest_next_appointment","source":{"storageSource":{"bucket":"gcf-v2-sources-491793307002-us-central1","object":"suggest_next_appointment/function-source.zip","generation":"1772537952476419"}},"environmentVariables":{"GOOGLE_NODE_RUN_SCRIPTS":""},"dockerRepository":"projects/actualbackend-3b454/locations/us-central1/repositories/gcf-artifacts","sourceProvenance":{"resolvedStorageSource":{"bucket":"gcf-v2-sources-491793307002-us-central1","object":"suggest_next_appointment/function-source.zip","generation":"1772537952476419"}},"dockerRegistry":"ARTIFACT_REGISTRY","serviceAccount":"projects/actualbackend-3b454/serviceAccounts/491793307002-compute@developer.gserviceaccount.com","automaticUpdatePolicy":{}},"serviceConfig":{"service":"projects/actualbackend-3b454/locations/us-central1/services/suggest-next-appointment","timeoutSeconds":60,"environmentVariables":{"BOOKING_CONFIRMATION_EMAIL_ENABLED":"true","BOOKING_CONFIRMATION_FROM_EMAIL":"Selma+ <booking@booking.selmaplus.tech>","BOOKING_CONFIRMATION_REPLY_TO_EMAIL":"","RESEND_API_KEY":"re_DE2YQdzb_NaRV2dczsNZmRCkDc4GYCNMJ","RESEND_API_BASE":"https://api.resend.com","FIREBASE_CONFIG":"{\"projectId\":\"actualbackend-3b454\",\"databaseURL\":\"https://actualbackend-3b454-default-rtdb.europe-west1.firebasedatabase.app\",\"storageBucket\":\"actualbackend-3b454.firebasestorage.app\"}","GCLOUD_PROJECT":"actualbackend-3b454","EVENTARC_CLOUD_EVENT_SOURCE":"projects/actualbackend-3b454/locations/us-central1/services/suggest_next_appointment","FUNCTION_TARGET":"suggest_next_appointment","LOG_EXECUTION_ID":"true","FUNCTION_SIGNATURE_TYPE":"http"},"maxInstanceCount":10,"ingressSettings":"ALLOW_ALL","uri":"https://suggest-next-appointment-cqj5vybxha-uc.a.run.app","serviceAccountEmail":"491793307002-compute@developer.gserviceaccount.com","availableMemory":"256Mi","allTrafficOnLatestRevision":true,"revision":"suggest-next-appointment-00011-red","maxInstanceRequestConcurrency":1,"availableCpu":"0.1666"},"state":"ACTIVE","updateTime":"2026-03-03T11:39:31.918942285Z","labels":{"firebase-functions-hash":"e5b42d5f304284a3d66d45887f56a36e9470ed68","deployment-tool":"cli-firebase","firebase-functions-codebase":"python_functions"},"environment":"GEN_2","url":"https://us-central1-actualbackend-3b454.cloudfunctions.net/suggest_next_appointment","createTime":"2025-12-18T07:32:31.268175864Z","satisfiesPzi":true},{"name":"projects/actualbackend-3b454/locations/us-central1/functions/summarize_journal","buildConfig":{"build":"projects/491793307002/locations/us-central1/builds/e52ddbfc-d142-4246-a18a-8c2cc49764cb","runtime":"python312","entryPoint":"summarize_journal","source":{"storageSource":{"bucket":"gcf-v2-sources-491793307002-us-central1","object":"summarize_journal/function-source.zip","generation":"1772537952477383"}},"environmentVariables":{"GOOGLE_NODE_RUN_SCRIPTS":""},"dockerRepository":"projects/actualbackend-3b454/locations/us-central1/repositories/gcf-artifacts","sourceProvenance":{"resolvedStorageSource":{"bucket":"gcf-v2-sources-491793307002-us-central1","object":"summarize_journal/function-source.zip","generation":"1772537952477383"}},"dockerRegistry":"ARTIFACT_REGISTRY","serviceAccount":"projects/actualbackend-3b454/serviceAccounts/491793307002-compute@developer.gserviceaccount.com","automaticUpdatePolicy":{}},"serviceConfig":{"service":"projects/actualbackend-3b454/locations/us-central1/services/summarize-journal","timeoutSeconds":60,"environmentVariables":{"BOOKING_CONFIRMATION_EMAIL_ENABLED":"true","BOOKING_CONFIRMATION_FROM_EMAIL":"Selma+ <booking@booking.selmaplus.tech>","BOOKING_CONFIRMATION_REPLY_TO_EMAIL":"","RESEND_API_KEY":"re_DE2YQdzb_NaRV2dczsNZmRCkDc4GYCNMJ","RESEND_API_BASE":"https://api.resend.com","FIREBASE_CONFIG":"{\"projectId\":\"actualbackend-3b454\",\"databaseURL\":\"https://actualbackend-3b454-default-rtdb.europe-west1.firebasedatabase.app\",\"storageBucket\":\"actualbackend-3b454.firebasestorage.app\"}","GCLOUD_PROJECT":"actualbackend-3b454","EVENTARC_CLOUD_EVENT_SOURCE":"projects/actualbackend-3b454/locations/us-central1/services/summarize_journal","FUNCTION_TARGET":"summarize_journal","LOG_EXECUTION_ID":"true","FUNCTION_SIGNATURE_TYPE":"http"},"maxInstanceCount":10,"ingressSettings":"ALLOW_ALL","uri":"https://summarize-journal-cqj5vybxha-uc.a.run.app","serviceAccountEmail":"491793307002-compute@developer.gserviceaccount.com","availableMemory":"256Mi","allTrafficOnLatestRevision":true,"revision":"summarize-journal-00016-voj","maxInstanceRequestConcurrency":1,"availableCpu":"0.1666"},"state":"ACTIVE","updateTime":"2026-03-03T11:39:31.259876133Z","labels":{"firebase-functions-hash":"e5b42d5f304284a3d66d45887f56a36e9470ed68","deployment-tool":"cli-firebase","firebase-functions-codebase":"python_functions"},"environment":"GEN_2","url":"https://us-central1-actualbackend-3b454.cloudfunctions.net/summarize_journal","createTime":"2025-12-17T22:34:56.291579944Z","satisfiesPzi":true},{"name":"projects/actualbackend-3b454/locations/us-central1/functions/createClientFromBooking","buildConfig":{"build":"projects/491793307002/locations/us-central1/builds/e52ddbfc-d142-4246-a18a-8c2cc49764cb","runtime":"python312","entryPoint":"createClientFromBooking","source":{"storageSource":{"bucket":"gcf-v2-sources-491793307002-us-central1","object":"createClientFromBooking/function-source.zip","generation":"1772537952507856"}},"environmentVariables":{"GOOGLE_NODE_RUN_SCRIPTS":""},"dockerRepository":"projects/actualbackend-3b454/locations/us-central1/repositories/gcf-artifacts","sourceProvenance":{"resolvedStorageSource":{"bucket":"gcf-v2-sources-491793307002-us-central1","object":"createClientFromBooking/function-source.zip","generation":"1772537952507856"}},"dockerRegistry":"ARTIFACT_REGISTRY","serviceAccount":"projects/actualbackend-3b454/serviceAccounts/491793307002-compute@developer.gserviceaccount.com","automaticUpdatePolicy":{}},"serviceConfig":{"service":"projects/actualbackend-3b454/locations/us-central1/services/createclientfrombooking","timeoutSeconds":60,"environmentVariables":{"BOOKING_CONFIRMATION_EMAIL_ENABLED":"true","BOOKING_CONFIRMATION_FROM_EMAIL":"Selma+ <booking@booking.selmaplus.tech>","BOOKING_CONFIRMATION_REPLY_TO_EMAIL":"","RESEND_API_KEY":"re_DE2YQdzb_NaRV2dczsNZmRCkDc4GYCNMJ","RESEND_API_BASE":"https://api.resend.com","FIREBASE_CONFIG":"{\"projectId\":\"actualbackend-3b454\",\"databaseURL\":\"https://actualbackend-3b454-default-rtdb.europe-west1.firebasedatabase.app\",\"storageBucket\":\"actualbackend-3b454.firebasestorage.app\"}","GCLOUD_PROJECT":"actualbackend-3b454","EVENTARC_CLOUD_EVENT_SOURCE":"projects/actualbackend-3b454/locations/us-central1/services/createClientFromBooking","FUNCTION_TARGET":"createClientFromBooking","LOG_EXECUTION_ID":"true","FUNCTION_SIGNATURE_TYPE":"http"},"maxInstanceCount":10,"ingressSettings":"ALLOW_ALL","uri":"https://createclientfrombooking-cqj5vybxha-uc.a.run.app","serviceAccountEmail":"491793307002-compute@developer.gserviceaccount.com","availableMemory":"256Mi","allTrafficOnLatestRevision":true,"revision":"createclientfrombooking-00006-hep","maxInstanceRequestConcurrency":1,"availableCpu":"0.1666"},"state":"ACTIVE","updateTime":"2026-03-03T11:39:31.735155292Z","labels":{"deployment-tool":"cli-firebase","firebase-functions-codebase":"python_functions","firebase-functions-hash":"e5b42d5f304284a3d66d45887f56a36e9470ed68"},"environment":"GEN_2","url":"https://us-central1-actualbackend-3b454.cloudfunctions.net/createClientFromBooking","createTime":"2026-02-02T20:10:09.269992739Z","satisfiesPzi":true},{"name":"projects/actualbackend-3b454/locations/us-central1/functions/publicGetServices","buildConfig":{"build":"projects/491793307002/locations/us-central1/builds/e52ddbfc-d142-4246-a18a-8c2cc49764cb","runtime":"python312","entryPoint":"publicGetServices","source":{"storageSource":{"bucket":"gcf-v2-sources-491793307002-us-central1","object":"publicGetServices/function-source.zip","generation":"1772537952467118"}},"environmentVariables":{"GOOGLE_NODE_RUN_SCRIPTS":""},"dockerRepository":"projects/actualbackend-3b454/locations/us-central1/repositories/gcf-artifacts","sourceProvenance":{"resolvedStorageSource":{"bucket":"gcf-v2-sources-491793307002-us-central1","object":"publicGetServices/function-source.zip","generation":"1772537952467118"}},"dockerRegistry":"ARTIFACT_REGISTRY","serviceAccount":"projects/actualbackend-3b454/serviceAccounts/491793307002-compute@developer.gserviceaccount.com","automaticUpdatePolicy":{}},"serviceConfig":{"service":"projects/actualbackend-3b454/locations/us-central1/services/publicgetservices","timeoutSeconds":60,"environmentVariables":{"BOOKING_CONFIRMATION_EMAIL_ENABLED":"true","BOOKING_CONFIRMATION_FROM_EMAIL":"Selma+ <booking@booking.selmaplus.tech>","BOOKING_CONFIRMATION_REPLY_TO_EMAIL":"","RESEND_API_KEY":"re_DE2YQdzb_NaRV2dczsNZmRCkDc4GYCNMJ","RESEND_API_BASE":"https://api.resend.com","FIREBASE_CONFIG":"{\"projectId\":\"actualbackend-3b454\",\"databaseURL\":\"https://actualbackend-3b454-default-rtdb.europe-west1.firebasedatabase.app\",\"storageBucket\":\"actualbackend-3b454.firebasestorage.app\"}","GCLOUD_PROJECT":"actualbackend-3b454","EVENTARC_CLOUD_EVENT_SOURCE":"projects/actualbackend-3b454/locations/us-central1/services/publicGetServices","FUNCTION_TARGET":"publicGetServices","LOG_EXECUTION_ID":"true","FUNCTION_SIGNATURE_TYPE":"http"},"maxInstanceCount":10,"ingressSettings":"ALLOW_ALL","uri":"https://publicgetservices-cqj5vybxha-uc.a.run.app","serviceAccountEmail":"491793307002-compute@developer.gserviceaccount.com","availableMemory":"256Mi","allTrafficOnLatestRevision":true,"revision":"publicgetservices-00007-fad","maxInstanceRequestConcurrency":1,"availableCpu":"0.1666"},"state":"ACTIVE","updateTime":"2026-03-03T11:39:32.465471584Z","labels":{"firebase-functions-codebase":"python_functions","firebase-functions-hash":"e5b42d5f304284a3d66d45887f56a36e9470ed68","deployment-tool":"cli-firebase"},"environment":"GEN_2","url":"https://us-central1-actualbackend-3b454.cloudfunctions.net/publicGetServices","createTime":"2026-01-06T10:42:29.624371763Z","satisfiesPzi":true},{"name":"projects/actualbackend-3b454/locations/us-central1/functions/getClinicServicesPublic","buildConfig":{"build":"projects/491793307002/locations/us-central1/builds/e52ddbfc-d142-4246-a18a-8c2cc49764cb","runtime":"python312","entryPoint":"getClinicServicesPublic","source":{"storageSource":{"bucket":"gcf-v2-sources-491793307002-us-central1","object":"getClinicServicesPublic/function-source.zip","generation":"1772537952441649"}},"environmentVariables":{"GOOGLE_NODE_RUN_SCRIPTS":""},"dockerRepository":"projects/actualbackend-3b454/locations/us-central1/repositories/gcf-artifacts","sourceProvenance":{"resolvedStorageSource":{"bucket":"gcf-v2-sources-491793307002-us-central1","object":"getClinicServicesPublic/function-source.zip","generation":"1772537952441649"}},"dockerRegistry":"ARTIFACT_REGISTRY","serviceAccount":"projects/actualbackend-3b454/serviceAccounts/491793307002-compute@developer.gserviceaccount.com","automaticUpdatePolicy":{}},"serviceConfig":{"service":"projects/actualbackend-3b454/locations/us-central1/services/getclinicservicespublic","timeoutSeconds":60,"environmentVariables":{"BOOKING_CONFIRMATION_EMAIL_ENABLED":"true","BOOKING_CONFIRMATION_FROM_EMAIL":"Selma+ <booking@booking.selmaplus.tech>","BOOKING_CONFIRMATION_REPLY_TO_EMAIL":"","RESEND_API_KEY":"re_DE2YQdzb_NaRV2dczsNZmRCkDc4GYCNMJ","RESEND_API_BASE":"https://api.resend.com","FIREBASE_CONFIG":"{\"projectId\":\"actualbackend-3b454\",\"databaseURL\":\"https://actualbackend-3b454-default-rtdb.europe-west1.firebasedatabase.app\",\"storageBucket\":\"actualbackend-3b454.firebasestorage.app\"}","GCLOUD_PROJECT":"actualbackend-3b454","EVENTARC_CLOUD_EVENT_SOURCE":"projects/actualbackend-3b454/locations/us-central1/services/getClinicServicesPublic","FUNCTION_TARGET":"getClinicServicesPublic","LOG_EXECUTION_ID":"true","FUNCTION_SIGNATURE_TYPE":"http"},"maxInstanceCount":10,"ingressSettings":"ALLOW_ALL","uri":"https://getclinicservicespublic-cqj5vybxha-uc.a.run.app","serviceAccountEmail":"491793307002-compute@developer.gserviceaccount.com","availableMemory":"256Mi","allTrafficOnLatestRevision":true,"revision":"getclinicservicespublic-00007-hoc","maxInstanceRequestConcurrency":1,"availableCpu":"0.1666"},"state":"ACTIVE","updateTime":"2026-03-03T11:39:32.016307282Z","labels":{"deployment-tool":"cli-firebase","firebase-functions-codebase":"python_functions","firebase-functions-hash":"e5b42d5f304284a3d66d45887f56a36e9470ed68"},"environment":"GEN_2","url":"https://us-central1-actualbackend-3b454.cloudfunctions.net/getClinicServicesPublic","createTime":"2026-01-06T10:18:45.404135689Z","satisfiesPzi":true},{"name":"projects/actualbackend-3b454/locations/us-central1/functions/api","buildConfig":{"build":"projects/491793307002/locations/us-central1/builds/e52ddbfc-d142-4246-a18a-8c2cc49764cb","runtime":"python312","entryPoint":"api","source":{"storageSource":{"bucket":"gcf-v2-sources-491793307002-us-central1","object":"api/function-source.zip","generation":"1772537952468489"}},"environmentVariables":{"GOOGLE_NODE_RUN_SCRIPTS":""},"dockerRepository":"projects/actualbackend-3b454/locations/us-central1/repositories/gcf-artifacts","sourceProvenance":{"resolvedStorageSource":{"bucket":"gcf-v2-sources-491793307002-us-central1","object":"api/function-source.zip","generation":"1772537952468489"}},"dockerRegistry":"ARTIFACT_REGISTRY","serviceAccount":"projects/actualbackend-3b454/serviceAccounts/491793307002-compute@developer.gserviceaccount.com","automaticUpdatePolicy":{}},"serviceConfig":{"service":"projects/actualbackend-3b454/locations/us-central1/services/api","timeoutSeconds":60,"environmentVariables":{"BOOKING_CONFIRMATION_EMAIL_ENABLED":"true","BOOKING_CONFIRMATION_FROM_EMAIL":"Selma+ <booking@booking.selmaplus.tech>","BOOKING_CONFIRMATION_REPLY_TO_EMAIL":"","RESEND_API_KEY":"re_DE2YQdzb_NaRV2dczsNZmRCkDc4GYCNMJ","RESEND_API_BASE":"https://api.resend.com","FIREBASE_CONFIG":"{\"projectId\":\"actualbackend-3b454\",\"databaseURL\":\"https://actualbackend-3b454-default-rtdb.europe-west1.firebasedatabase.app\",\"storageBucket\":\"actualbackend-3b454.firebasestorage.app\"}","GCLOUD_PROJECT":"actualbackend-3b454","EVENTARC_CLOUD_EVENT_SOURCE":"projects/actualbackend-3b454/locations/us-central1/services/api","FUNCTION_TARGET":"api","LOG_EXECUTION_ID":"true","FUNCTION_SIGNATURE_TYPE":"http"},"maxInstanceCount":10,"ingressSettings":"ALLOW_ALL","uri":"https://api-cqj5vybxha-uc.a.run.app","serviceAccountEmail":"491793307002-compute@developer.gserviceaccount.com","availableMemory":"256Mi","allTrafficOnLatestRevision":true,"revision":"api-00005-dih","maxInstanceRequestConcurrency":1,"availableCpu":"0.1666"},"state":"ACTIVE","updateTime":"2026-03-03T11:39:31.322990278Z","labels":{"firebase-functions-hash":"e5b42d5f304284a3d66d45887f56a36e9470ed68","deployment-tool":"cli-firebase","firebase-functions-codebase":"python_functions"},"environment":"GEN_2","url":"https://us-central1-actualbackend-3b454.cloudfunctions.net/api","createTime":"2026-02-03T14:15:58.726484825Z","satisfiesPzi":true},{"name":"projects/actualbackend-3b454/locations/us-central1/functions/publicBookAppointment","buildConfig":{"build":"projects/491793307002/locations/us-central1/builds/e52ddbfc-d142-4246-a18a-8c2cc49764cb","runtime":"python312","entryPoint":"publicBookAppointment","source":{"storageSource":{"bucket":"gcf-v2-sources-491793307002-us-central1","object":"publicBookAppointment/function-source.zip","generation":"1772537952467639"}},"environmentVariables":{"GOOGLE_NODE_RUN_SCRIPTS":""},"dockerRepository":"projects/actualbackend-3b454/locations/us-central1/repositories/gcf-artifacts","sourceProvenance":{"resolvedStorageSource":{"bucket":"gcf-v2-sources-491793307002-us-central1","object":"publicBookAppointment/function-source.zip","generation":"1772537952467639"}},"dockerRegistry":"ARTIFACT_REGISTRY","serviceAccount":"projects/actualbackend-3b454/serviceAccounts/491793307002-compute@developer.gserviceaccount.com","automaticUpdatePolicy":{}},"serviceConfig":{"service":"projects/actualbackend-3b454/locations/us-central1/services/publicbookappointment","timeoutSeconds":60,"environmentVariables":{"BOOKING_CONFIRMATION_EMAIL_ENABLED":"true","BOOKING_CONFIRMATION_FROM_EMAIL":"Selma+ <booking@booking.selmaplus.tech>","BOOKING_CONFIRMATION_REPLY_TO_EMAIL":"","RESEND_API_KEY":"re_DE2YQdzb_NaRV2dczsNZmRCkDc4GYCNMJ","RESEND_API_BASE":"https://api.resend.com","FIREBASE_CONFIG":"{\"projectId\":\"actualbackend-3b454\",\"databaseURL\":\"https://actualbackend-3b454-default-rtdb.europe-west1.firebasedatabase.app\",\"storageBucket\":\"actualbackend-3b454.firebasestorage.app\"}","GCLOUD_PROJECT":"actualbackend-3b454","EVENTARC_CLOUD_EVENT_SOURCE":"projects/actualbackend-3b454/locations/us-central1/services/publicBookAppointment","FUNCTION_TARGET":"publicBookAppointment","LOG_EXECUTION_ID":"true","FUNCTION_SIGNATURE_TYPE":"http"},"maxInstanceCount":10,"ingressSettings":"ALLOW_ALL","uri":"https://publicbookappointment-cqj5vybxha-uc.a.run.app","serviceAccountEmail":"491793307002-compute@developer.gserviceaccount.com","availableMemory":"256Mi","allTrafficOnLatestRevision":true,"revision":"publicbookappointment-00015-ham","maxInstanceRequestConcurrency":1,"availableCpu":"0.1666"},"state":"ACTIVE","updateTime":"2026-03-03T11:39:32.248223231Z","labels":{"deployment-tool":"cli-firebase","firebase-functions-codebase":"python_functions","firebase-functions-hash":"e5b42d5f304284a3d66d45887f56a36e9470ed68"},"environment":"GEN_2","url":"https://us-central1-actualbackend-3b454.cloudfunctions.net/publicBookAppointment","createTime":"2025-12-28T14:58:26.888347279Z","satisfiesPzi":true},{"name":"projects/actualbackend-3b454/locations/us-central1/functions/agent_chat","buildConfig":{"build":"projects/491793307002/locations/us-central1/builds/e52ddbfc-d142-4246-a18a-8c2cc49764cb","runtime":"python312","entryPoint":"agent_chat","source":{"storageSource":{"bucket":"gcf-v2-sources-491793307002-us-central1","object":"agent_chat/function-source.zip","generation":"1772537875207042"}},"environmentVariables":{"GOOGLE_NODE_RUN_SCRIPTS":""},"dockerRepository":"projects/actualbackend-3b454/locations/us-central1/repositories/gcf-artifacts","sourceProvenance":{"resolvedStorageSource":{"bucket":"gcf-v2-sources-491793307002-us-central1","object":"agent_chat/function-source.zip","generation":"1772537875207042"}},"dockerRegistry":"ARTIFACT_REGISTRY","serviceAccount":"projects/actualbackend-3b454/serviceAccounts/491793307002-compute@developer.gserviceaccount.com","automaticUpdatePolicy":{}},"serviceConfig":{"service":"projects/actualbackend-3b454/locations/us-central1/services/agent-chat","timeoutSeconds":60,"environmentVariables":{"BOOKING_CONFIRMATION_EMAIL_ENABLED":"true","BOOKING_CONFIRMATION_FROM_EMAIL":"Selma+ <booking@booking.selmaplus.tech>","BOOKING_CONFIRMATION_REPLY_TO_EMAIL":"","RESEND_API_KEY":"re_DE2YQdzb_NaRV2dczsNZmRCkDc4GYCNMJ","RESEND_API_BASE":"https://api.resend.com","FIREBASE_CONFIG":"{\"projectId\":\"actualbackend-3b454\",\"databaseURL\":\"https://actualbackend-3b454-default-rtdb.europe-west1.firebasedatabase.app\",\"storageBucket\":\"actualbackend-3b454.firebasestorage.app\"}","GCLOUD_PROJECT":"actualbackend-3b454","EVENTARC_CLOUD_EVENT_SOURCE":"projects/actualbackend-3b454/locations/us-central1/services/agent_chat","FUNCTION_TARGET":"agent_chat","LOG_EXECUTION_ID":"true"},"maxInstanceCount":10,"ingressSettings":"ALLOW_ALL","uri":"https://agent-chat-cqj5vybxha-uc.a.run.app","serviceAccountEmail":"491793307002-compute@developer.gserviceaccount.com","availableMemory":"256Mi","allTrafficOnLatestRevision":true,"revision":"agent-chat-00012-don","maxInstanceRequestConcurrency":1,"availableCpu":"0.1666"},"state":"ACTIVE","updateTime":"2026-03-03T11:39:10.390821679Z","labels":{"deployment-tool":"cli-firebase","firebase-functions-codebase":"python_functions","firebase-functions-hash":"e5b42d5f304284a3d66d45887f56a36e9470ed68"},"environment":"GEN_2","url":"https://us-central1-actualbackend-3b454.cloudfunctions.net/agent_chat","createTime":"2025-12-18T10:07:58.450241518Z","satisfiesPzi":true}]}
[debug] [2026-03-05T07:13:32.259Z] Checked if tokens are valid: true, expires at: 1772698397947
[debug] [2026-03-05T07:13:32.259Z] Checked if tokens are valid: true, expires at: 1772698397947
[debug] [2026-03-05T07:13:32.259Z] >>> [apiv2][query] PATCH https://firebasehosting.googleapis.com/v1beta1/projects/-/sites/actualbackend-3b454/versions/cf484f88441d853b updateMask=status%2Cconfig
[debug] [2026-03-05T07:13:32.259Z] >>> [apiv2][body] PATCH https://firebasehosting.googleapis.com/v1beta1/projects/-/sites/actualbackend-3b454/versions/cf484f88441d853b {"status":"FINALIZED","config":{"rewrites":[{"glob":"/api/corti/**","run":{"serviceId":"actualbackend-api","region":"us-central1"}},{"glob":"/ws/corti/**","run":{"serviceId":"actualbackend-api","region":"us-central1"}},{"glob":"/api/**","run":{"serviceId":"actualbackend-api","region":"us-central1"}},{"glob":"/ws/**","run":{"serviceId":"actualbackend-api","region":"us-central1"}},{"glob":"**","path":"/index.html"}]}}
[debug] [2026-03-05T07:13:34.815Z] <<< [apiv2][status] PATCH https://firebasehosting.googleapis.com/v1beta1/projects/-/sites/actualbackend-3b454/versions/cf484f88441d853b 200
[debug] [2026-03-05T07:13:34.816Z] <<< [apiv2][body] PATCH https://firebasehosting.googleapis.com/v1beta1/projects/-/sites/actualbackend-3b454/versions/cf484f88441d853b {"name":"projects/491793307002/sites/actualbackend-3b454/versions/cf484f88441d853b","status":"FINALIZED","config":{"rewrites":[{"glob":"/api/corti/**","run":{"serviceId":"actualbackend-api","region":"us-central1"}},{"glob":"/ws/corti/**","run":{"serviceId":"actualbackend-api","region":"us-central1"}},{"glob":"/api/**","run":{"serviceId":"actualbackend-api","region":"us-central1"}},{"glob":"/ws/**","run":{"serviceId":"actualbackend-api","region":"us-central1"}},{"glob":"**","path":"/index.html"}]},"labels":{"deployment-tool":"cli-firebase"},"createTime":"2026-03-05T07:13:21.469234Z","createUser":{"email":"jona223j@gmail.com"},"finalizeTime":"2026-03-05T07:13:34.621331Z","finalizeUser":{"email":"jona223j@gmail.com"}}
[debug] [2026-03-05T07:13:34.816Z] [hosting] finalized version for actualbackend-3b454:[object Object]
[info] ✔  hosting[actualbackend-3b454]: version finalized 
[info] i  hosting[actualbackend-3b454]: releasing new version... 
[debug] [2026-03-05T07:13:34.816Z] Checked if tokens are valid: true, expires at: 1772698397947
[debug] [2026-03-05T07:13:34.816Z] Checked if tokens are valid: true, expires at: 1772698397947
[debug] [2026-03-05T07:13:34.816Z] >>> [apiv2][query] POST https://firebasehosting.googleapis.com/v1beta1/projects/-/sites/actualbackend-3b454/channels/live/releases versionName=projects%2F491793307002%2Fsites%2Factualbackend-3b454%2Fversions%2Fcf484f88441d853b
[debug] [2026-03-05T07:13:34.817Z] >>> [apiv2][body] POST https://firebasehosting.googleapis.com/v1beta1/projects/-/sites/actualbackend-3b454/channels/live/releases {}
[debug] [2026-03-05T07:13:37.340Z] <<< [apiv2][status] POST https://firebasehosting.googleapis.com/v1beta1/projects/-/sites/actualbackend-3b454/channels/live/releases 200
[debug] [2026-03-05T07:13:37.341Z] <<< [apiv2][body] POST https://firebasehosting.googleapis.com/v1beta1/projects/-/sites/actualbackend-3b454/channels/live/releases {"name":"projects/491793307002/sites/actualbackend-3b454/channels/live/releases/1772694815839000","version":{"name":"projects/491793307002/sites/actualbackend-3b454/versions/cf484f88441d853b","status":"FINALIZED","config":{"rewrites":[{"glob":"/api/corti/**","run":{"serviceId":"actualbackend-api","region":"us-central1"}},{"glob":"/ws/corti/**","run":{"serviceId":"actualbackend-api","region":"us-central1"}},{"glob":"/api/**","run":{"serviceId":"actualbackend-api","region":"us-central1"}},{"glob":"/ws/**","run":{"serviceId":"actualbackend-api","region":"us-central1"}},{"glob":"**","path":"/index.html"}]},"labels":{"deployment-tool":"cli-firebase"},"createTime":"2026-03-05T07:13:21.469234Z","createUser":{"email":"jona223j@gmail.com","imageUrl":"https://lh3.googleusercontent.com/a/ACg8ocLXu-GSlMQGsLeSp7YZi3J9YcWy-U4_QU-Cn-bxsJhFS6GQ=mo"},"finalizeTime":"2026-03-05T07:13:34.621331Z","finalizeUser":{"email":"jona223j@gmail.com","imageUrl":"https://lh3.googleusercontent.com/a/ACg8ocLXu-GSlMQGsLeSp7YZi3J9YcWy-U4_QU-Cn-bxsJhFS6GQ=mo"}},"type":"DEPLOY","releaseTime":"2026-03-05T07:13:35.839Z","releaseUser":{"email":"jona223j@gmail.com","imageUrl":"https://lh3.googleusercontent.com/a/ACg8ocLXu-GSlMQGsLeSp7YZi3J9YcWy-U4_QU-Cn-bxsJhFS6GQ=mo"}}
[debug] [2026-03-05T07:13:37.341Z] [hosting] release: {"name":"projects/491793307002/sites/actualbackend-3b454/channels/live/releases/1772694815839000","version":{"name":"projects/491793307002/sites/actualbackend-3b454/versions/cf484f88441d853b","status":"FINALIZED","config":{"rewrites":[{"glob":"/api/corti/**","run":{"serviceId":"actualbackend-api","region":"us-central1"}},{"glob":"/ws/corti/**","run":{"serviceId":"actualbackend-api","region":"us-central1"}},{"glob":"/api/**","run":{"serviceId":"actualbackend-api","region":"us-central1"}},{"glob":"/ws/**","run":{"serviceId":"actualbackend-api","region":"us-central1"}},{"glob":"**","path":"/index.html"}]},"labels":{"deployment-tool":"cli-firebase"},"createTime":"2026-03-05T07:13:21.469234Z","createUser":{"email":"jona223j@gmail.com","imageUrl":"https://lh3.googleusercontent.com/a/ACg8ocLXu-GSlMQGsLeSp7YZi3J9YcWy-U4_QU-Cn-bxsJhFS6GQ=mo"},"finalizeTime":"2026-03-05T07:13:34.621331Z","finalizeUser":{"email":"jona223j@gmail.com","imageUrl":"https://lh3.googleusercontent.com/a/ACg8ocLXu-GSlMQGsLeSp7YZi3J9YcWy-U4_QU-Cn-bxsJhFS6GQ=mo"}},"type":"DEPLOY","releaseTime":"2026-03-05T07:13:35.839Z","releaseUser":{"email":"jona223j@gmail.com","imageUrl":"https://lh3.googleusercontent.com/a/ACg8ocLXu-GSlMQGsLeSp7YZi3J9YcWy-U4_QU-Cn-bxsJhFS6GQ=mo"}}
[info] ✔  hosting[actualbackend-3b454]: release complete 
[info] 
[info] ✔  Deploy complete! 
[info] 
[info] Project Console: https://console.firebase.google.com/project/actualbackend-3b454/overview
[info] Hosting URL: https://actualbackend-3b454.web.app
[debug] [2026-03-05T07:58:20.664Z] ----------------------------------------------------------------------
[debug] [2026-03-05T07:58:20.666Z] Command:       /opt/homebrew/Cellar/node/25.6.0/bin/node /Users/jonasyaich/.npm/_npx/ba4f1959e38407b5/node_modules/.bin/firebase deploy --only hosting
[debug] [2026-03-05T07:58:20.666Z] CLI Version:   15.8.0
[debug] [2026-03-05T07:58:20.666Z] Platform:      darwin
[debug] [2026-03-05T07:58:20.666Z] Node Version:  v25.6.0
[debug] [2026-03-05T07:58:20.666Z] Time:          Thu Mar 05 2026 08:58:20 GMT+0100 (Central European Standard Time)
[debug] [2026-03-05T07:58:20.666Z] ----------------------------------------------------------------------
[debug] 
[debug] [2026-03-05T07:58:21.684Z] > command requires scopes: ["email","openid","https://www.googleapis.com/auth/cloudplatformprojects.readonly","https://www.googleapis.com/auth/firebase","https://www.googleapis.com/auth/cloud-platform"]
[debug] [2026-03-05T07:58:21.685Z] > authorizing via signed-in user (jona223j@gmail.com)
[debug] [2026-03-05T07:58:21.685Z] [iam] checking project actualbackend-3b454 for permissions ["firebase.projects.get","firebasehosting.sites.update"]
[debug] [2026-03-05T07:58:21.686Z] Checked if tokens are valid: false, expires at: 1772698397947
[debug] [2026-03-05T07:58:21.686Z] Checked if tokens are valid: false, expires at: 1772698397947
[debug] [2026-03-05T07:58:21.686Z] > refreshing access token with scopes: []
[debug] [2026-03-05T07:58:21.687Z] >>> [apiv2][query] POST https://www.googleapis.com/oauth2/v3/token [none]
[debug] [2026-03-05T07:58:21.687Z] >>> [apiv2][body] POST https://www.googleapis.com/oauth2/v3/token [omitted]
[debug] [2026-03-05T07:58:21.937Z] <<< [apiv2][status] POST https://www.googleapis.com/oauth2/v3/token 200
[debug] [2026-03-05T07:58:21.937Z] <<< [apiv2][body] POST https://www.googleapis.com/oauth2/v3/token [omitted]
[debug] [2026-03-05T07:58:21.951Z] >>> [apiv2][query] POST https://cloudresourcemanager.googleapis.com/v1/projects/actualbackend-3b454:testIamPermissions [none]
[debug] [2026-03-05T07:58:21.951Z] >>> [apiv2][(partial)header] POST https://cloudresourcemanager.googleapis.com/v1/projects/actualbackend-3b454:testIamPermissions  x-goog-user-project=actualbackend-3b454
[debug] [2026-03-05T07:58:21.951Z] >>> [apiv2][body] POST https://cloudresourcemanager.googleapis.com/v1/projects/actualbackend-3b454:testIamPermissions {"permissions":["firebase.projects.get","firebasehosting.sites.update"]}
[debug] [2026-03-05T07:58:22.827Z] <<< [apiv2][status] POST https://cloudresourcemanager.googleapis.com/v1/projects/actualbackend-3b454:testIamPermissions 200
[debug] [2026-03-05T07:58:22.827Z] <<< [apiv2][body] POST https://cloudresourcemanager.googleapis.com/v1/projects/actualbackend-3b454:testIamPermissions {"permissions":["firebase.projects.get","firebasehosting.sites.update"]}
[debug] [2026-03-05T07:58:22.829Z] Checked if tokens are valid: true, expires at: 1772701100938
[debug] [2026-03-05T07:58:22.829Z] Checked if tokens are valid: true, expires at: 1772701100938
[debug] [2026-03-05T07:58:22.830Z] >>> [apiv2][query] GET https://firebase.googleapis.com/v1beta1/projects/actualbackend-3b454 [none]
[debug] [2026-03-05T07:58:23.388Z] <<< [apiv2][status] GET https://firebase.googleapis.com/v1beta1/projects/actualbackend-3b454 200
[debug] [2026-03-05T07:58:23.388Z] <<< [apiv2][body] GET https://firebase.googleapis.com/v1beta1/projects/actualbackend-3b454 {"projectId":"actualbackend-3b454","projectNumber":"491793307002","displayName":"actualbackend","name":"projects/actualbackend-3b454","resources":{"hostingSite":"actualbackend-3b454","realtimeDatabaseInstance":"actualbackend-3b454-default-rtdb"},"state":"ACTIVE","etag":"1_63b84acb-4b65-4cb2-9484-4807c31e764b"}
[info] 
[info] === Deploying to 'actualbackend-3b454'...
[info] 
[info] i  deploying hosting 
[debug] [2026-03-05T07:58:23.395Z] Checked if tokens are valid: true, expires at: 1772701100938
[debug] [2026-03-05T07:58:23.395Z] Checked if tokens are valid: true, expires at: 1772701100938
[debug] [2026-03-05T07:58:23.395Z] >>> [apiv2][query] POST https://firebasehosting.googleapis.com/v1beta1/projects/-/sites/actualbackend-3b454/versions [none]
[debug] [2026-03-05T07:58:23.395Z] >>> [apiv2][body] POST https://firebasehosting.googleapis.com/v1beta1/projects/-/sites/actualbackend-3b454/versions {"status":"CREATED","labels":{"deployment-tool":"cli-firebase"}}
[debug] [2026-03-05T07:58:25.854Z] <<< [apiv2][status] POST https://firebasehosting.googleapis.com/v1beta1/projects/-/sites/actualbackend-3b454/versions 200
[debug] [2026-03-05T07:58:25.854Z] <<< [apiv2][body] POST https://firebasehosting.googleapis.com/v1beta1/projects/-/sites/actualbackend-3b454/versions {"name":"projects/491793307002/sites/actualbackend-3b454/versions/0a82942d7a6512bc","status":"CREATED","config":{},"labels":{"deployment-tool":"cli-firebase"}}
[info] i  hosting[actualbackend-3b454]: beginning deploy... 
[info] i  hosting[actualbackend-3b454]: found 160 files in build 
[debug] [2026-03-05T07:58:25.882Z] [hosting] uploading with 200 concurrency
[debug] [2026-03-05T07:58:26.365Z] Checked if tokens are valid: true, expires at: 1772701100938
[debug] [2026-03-05T07:58:26.366Z] Checked if tokens are valid: true, expires at: 1772701100938
[debug] [2026-03-05T07:58:26.367Z] [hosting] hash cache [YnVpbGQ] stored for 160 files
[debug] [2026-03-05T07:58:26.367Z] [hosting][hash queue][FINAL] {"max":479,"min":17,"avg":39.437500000000014,"active":0,"complete":160,"success":160,"errored":0,"retried":0,"total":160,"elapsed":482}
[debug] [2026-03-05T07:58:26.367Z] >>> [apiv2][query] POST https://firebasehosting.googleapis.com/v1beta1/projects/491793307002/sites/actualbackend-3b454/versions/0a82942d7a6512bc:populateFiles [none]
[debug] [2026-03-05T07:58:26.367Z] >>> [apiv2][body] POST https://firebasehosting.googleapis.com/v1beta1/projects/491793307002/sites/actualbackend-3b454/versions/0a82942d7a6512bc:populateFiles {"files":{"/manifest.json":"af4c60dfde4694552dbdd63592ddc540a3be2c5b5c4fca387ae80d45c3ce530e","/index.html":"b99f5431ac7850f575df5ec3013918aaf39867d99fb548cc07e5a953741b6db1","/asset-manifest.json":"1a6567aaa8414b2d06a395b6dce9c895c3ec6b5182a568bd505982530d149995","/robots.txt":"391d14b3c2f8c9143a27a28c7399585142228d4d1bdbe2c87ac946de411fa9a2","/static/js/main.8ddb1863.js.LICENSE.txt":"1b4d627902473c9cc92dbcdb7c9e9e6747b03e557e7252c7443694cac34beadc","/static/js/996.0fea2cb8.chunk.js.LICENSE.txt":"15e2d48aa7cb934f45a93392e9882770f25beb22f98ac210b1eb942ff30a4917","/static/js/996.0fea2cb8.chunk.js.map":"c2cad5dcd24d7d36bdc6a9ca06e562a218f0558d91e821e72e44c7199b2102d3","/static/js/996.0fea2cb8.chunk.js":"f3e78d74b2f56483298885de02b135ef4d8a0bc63177a053efb7e5748529840c","/static/js/99.0341e4d8.chunk.js.LICENSE.txt":"26f01abe96e2f2c8007d52aa1a5d66293132cc4ff5196720586e069a1659c52f","/static/js/98.c1c7134a.chunk.js.map":"d1427166b09e7379107d669bbc4fa7a4f13a3e42ae792ddd00e0d732e363a653","/static/js/98.c1c7134a.chunk.js.LICENSE.txt":"15e2d48aa7cb934f45a93392e9882770f25beb22f98ac210b1eb942ff30a4917","/static/js/98.c1c7134a.chunk.js":"9391aa02f6f40d45ae2b78447cb4e104be0b678abc20e0dae25af055318bc5ec","/static/js/943.1590b78c.chunk.js.LICENSE.txt":"15e2d48aa7cb934f45a93392e9882770f25beb22f98ac210b1eb942ff30a4917","/static/js/943.1590b78c.chunk.js":"211536a4673704797c0c6403656541f6e061cd61945859fe33cd945b8493f0fa","/static/js/943.1590b78c.chunk.js.map":"7fe8cd18fecd5655ed1403517cf8832f6655ac18f89373250d662dc06731f241","/static/js/907.27deefa2.chunk.js":"b133f1d37b7f9d1ba0e2abecebafbde1dc70d73673b3ab5e47289814103c0754","/static/js/890.2ada8c02.chunk.js.LICENSE.txt":"00ef89c487faa38ca54c1241c5e06e148a24c3b4b3549007273a145957ad125e","/static/js/847.66d4552a.chunk.js.LICENSE.txt":"15e2d48aa7cb934f45a93392e9882770f25beb22f98ac210b1eb942ff30a4917","/static/js/807.0e598e3d.chunk.js.map":"6284f146eeaf00ee0bf4228dc6fba338011ea2a6b38dd9b1e7f088cd975dd3c4","/static/js/807.0e598e3d.chunk.js":"614bd86bb940c98edab4aeeaa3e68d8e6f498d4902e5cd0a50f6a17227da69f9","/static/js/787.82a750a2.chunk.js.LICENSE.txt":"15e2d48aa7cb934f45a93392e9882770f25beb22f98ac210b1eb942ff30a4917","/static/js/787.82a750a2.chunk.js":"a4804bf00766fef9b8cf08494b1797a9f1c5347ead4d0e464ebaeb4629c47592","/static/js/787.82a750a2.chunk.js.map":"8d55470f539f4cb3a729fc57a74e9b9829644f373815a51d2ff72b646e31fa57","/static/js/726.63e0b181.chunk.js":"aebc4e2fd6a9b07fb63ff97cce14e2beea06412612a4fffb4c3553e07fd4463e","/static/js/726.63e0b181.chunk.js.map":"e77e883dd09c29424c2a5f20c45c648bb309b1b3ba149d6fa8d996e66874b2b9","/static/js/736.ba530f14.chunk.js":"f60edb9db2ade838ad2f202628fd6e2190091866268c2cc403070af289c2614c","/static/js/688.454f7f32.chunk.js":"e9382c633dd02d401be1f16d2c4208aba4123d6faed3a1caa3e1a5f6508c5240","/static/js/688.454f7f32.chunk.js.map":"4e2178812c7d47a04d9359016c254ff1281c6895da880565c95bde11b05db010","/static/js/678.78a4a591.chunk.js":"43c2a87a21d367d01ccb70147fe09f51a974fcb478aad9a5ae81065960a981d6","/static/js/678.78a4a591.chunk.js.map":"16e64cc35b7ba59b15531be1cbae0460a5b4bd61a65a1a6fe8c8266357ca2aea","/static/js/685.7d930c59.chunk.js":"4cdc2a0233e956b43037f67257aeb0d9181314be51cd6294a9763bf2b30c1f0d","/static/js/642.4fd34104.chunk.js":"f1df37648885794e787a645944e1ca34652459fadad64fa33289132ed7a6fe57","/static/js/590.203f49d1.chunk.js.LICENSE.txt":"15e2d48aa7cb934f45a93392e9882770f25beb22f98ac210b1eb942ff30a4917","/static/js/590.203f49d1.chunk.js":"282767ce7ba25f0d8512440e2f41f3a103b720e6999e923dbd5527ce8c8ece78","/logo512.png":"64aabb146fe7b27bc6f1501e9770db37a3e76e15ae9714cc37953f6c41efc80a","/logo192.png":"4395bc4a7245fe22bfcbd5e44ed7fbb2b7e43d923da872b731c7411533a5f4d8","/favicon.ico":"81b6fdb9e284828c8c0a50f0b6832dcbad8fbbeff9957e6821ad0ebb3c378bfe","/static/js/907.27deefa2.chunk.js.map":"65fa72bdf01997b3d6ab44b53472750741a8a721586ce0c2d1004d8ce15ab6bf","/static/js/685.7d930c59.chunk.js.map":"fa6d17948044922d9e0869219ea46bc99e7c1d7187b000de6e50f67a0b978da9","/static/js/736.ba530f14.chunk.js.map":"29e035c401849c8504ccc3b1dc8a4e143dc8730023ead8475c6af777d9ff7082","/static/js/642.4fd34104.chunk.js.map":"b4907b4f8ea00239daaba0ef6b796b56dde179ca7d8d517b432362e19ed89517","/static/js/890.2ada8c02.chunk.js":"4e3c3f2bb1d0a65922fd75a63e0d56be590bfedb697b690aebf62a1f1f6bf8e4","/static/js/590.203f49d1.chunk.js.map":"ab10734e49a190d4bbc5467203ab5877d72a6a73b489371dc7e658a44197b4fd","/static/js/847.66d4552a.chunk.js":"cacf29adf018a64c087324b13aa2ebeccd4490c2c5adf9f32e5f51804d1b0556","/static/js/564.b0c6fb88.chunk.js":"b141e4aa22c0e0b74ea78ff2a34f766db7265770fe6f2d20218847ae3f5e5f39","/static/js/553.4c9df158.chunk.js.LICENSE.txt":"15e2d48aa7cb934f45a93392e9882770f25beb22f98ac210b1eb942ff30a4917","/static/js/564.b0c6fb88.chunk.js.map":"1cf7c88c9f9f7280b64b786bfd4e0b20d399231d3c07cf4bdb5236850eecc380","/static/js/549.7be43e80.chunk.js":"af6a8d1d51ef8d859c006197d56ead4d557baf93d5d78a1e802cb9d2a72d0890","/static/js/495.2bc730e6.chunk.js.LICENSE.txt":"15e2d48aa7cb934f45a93392e9882770f25beb22f98ac210b1eb942ff30a4917","/static/js/495.2bc730e6.chunk.js":"252a8773a706c6fbce4016af2866202e72da1c317829405f71988ac45b0128ab","/static/js/492.bf36c957.chunk.js.LICENSE.txt":"15e2d48aa7cb934f45a93392e9882770f25beb22f98ac210b1eb942ff30a4917","/static/js/492.bf36c957.chunk.js":"6b668e5541fdc5711b72a44303c1402a3cd26a170bbd7762b33a2e69b53c303f","/static/js/495.2bc730e6.chunk.js.map":"dccddfe3de893110225091213e766315bcf6e7bbf72a92486e3a6b0b098d4139","/static/js/464.3c7fec9e.chunk.js.LICENSE.txt":"15e2d48aa7cb934f45a93392e9882770f25beb22f98ac210b1eb942ff30a4917","/static/js/464.3c7fec9e.chunk.js.map":"68716785616e25228a1f753fcfedfdf1648b673b18ac93cac1c62d50fda6a9f6","/static/js/464.3c7fec9e.chunk.js":"0065d2b96a419d0229c7be7093cbaa3f0ed1a19ce0c28253a565dcf45f01339a","/static/js/492.bf36c957.chunk.js.map":"e059e30f998e634b4cff62f3938da4ade26bf1ee76991eb3f63a394fe6cb9b8a","/static/js/453.d2cde605.chunk.js.map":"25be544347546da4eb7fce5171d3bd11e9b11bb39224d62ccd8a1213e412ada0","/static/js/453.d2cde605.chunk.js":"22998aacf99aaf14ad3e2bdb3fbb71f731aa7190c603cee85bc34b5892592175","/static/js/363.2218568f.chunk.js":"ffde8cd5003fc97da3eb9ba4a67c9e8b47927d4a7da1d846184865279325fdc4","/static/js/338.4dffaff2.chunk.js.LICENSE.txt":"15e2d48aa7cb934f45a93392e9882770f25beb22f98ac210b1eb942ff30a4917","/static/js/338.4dffaff2.chunk.js":"370c9ef4471cd982e3839afe2ee50bdfa8888e04bf59f4ed831af383954f65d6","/static/js/333.3218a2e8.chunk.js.LICENSE.txt":"15e2d48aa7cb934f45a93392e9882770f25beb22f98ac210b1eb942ff30a4917","/static/js/333.3218a2e8.chunk.js":"1526ef2f24d1b39e31ee544f9faa8887dfd9e0060cbed7d45cf53ebad1da1f85","/static/js/303.2b46552b.chunk.js.map":"12d21caa59577b9a9bc6fd78932458e18b4a8f9700d74dee9f6f41047c0f901c","/static/js/303.2b46552b.chunk.js.LICENSE.txt":"15e2d48aa7cb934f45a93392e9882770f25beb22f98ac210b1eb942ff30a4917","/static/js/303.2b46552b.chunk.js":"1aa37ba5a24ad1bf5edcd6b74f0f9180399448b0d2fdc8bf584b5c531d51280a","/static/js/296.37790df1.chunk.js.map":"c89b58e50efb9e4dc106177eed2657dc43f11a253ab9589422a3948d6aaab7bf","/static/js/296.37790df1.chunk.js.LICENSE.txt":"15e2d48aa7cb934f45a93392e9882770f25beb22f98ac210b1eb942ff30a4917","/static/js/296.37790df1.chunk.js":"885aa986c6a48ea4db03a059de9ad1203b5ef70899cec083128a8eb5e01d0ba9","/static/js/288.697f6044.chunk.js.LICENSE.txt":"15e2d48aa7cb934f45a93392e9882770f25beb22f98ac210b1eb942ff30a4917","/static/js/553.4c9df158.chunk.js":"09fcb3f914e89cacc55fed975f4ea509ec1dd00d103fbe013bcbbd76174921b9","/static/js/269.05944dcc.chunk.js":"fd5ca4ec8794ad322c5cf31a7f3863f179197d2709b830542833db799db7c73d","/static/js/549.7be43e80.chunk.js.map":"cb938089b5581cf3a56d33cef95f029d0d1a279dd493c36760ca274e509afe4d","/static/js/265.e09344b3.chunk.js.LICENSE.txt":"15e2d48aa7cb934f45a93392e9882770f25beb22f98ac210b1eb942ff30a4917","/static/js/333.3218a2e8.chunk.js.map":"4a4c699fffded725e7eae4aeb479d57ace2b53113ef979fa27057f1d3f4423f9","/static/js/265.e09344b3.chunk.js.map":"8539842c29ddc40086137b813f3496723ceb75cf9fe546f6bc9e4f1cff605590","/static/js/363.2218568f.chunk.js.map":"7bf2f1c879eeb7fa217f8fa53ec87604d8206f4de49a02323a818b8240e1f395","/static/js/265.e09344b3.chunk.js":"e02a62400d84db75b8f9543b443b90d54e22d715f6dba6a030a9bbe225a7d255","/static/js/99.0341e4d8.chunk.js":"e2c837973c4a214d13e75ba42c4e25df358416277648f0df6a3a37b1db5fd831","/static/js/288.697f6044.chunk.js":"d260ec72e485fa7e207e1e83bbfdc8d3560895923f66fcd893d466c0b38b9bca","/static/js/263.1c93bf92.chunk.js":"3a9809c5f11135edd7a224901191a964fe98bbae51157e32b29796f310e616d8","/static/js/233.1690ba19.chunk.js.map":"6c23ab8d1db1dde7b4c7448180318524c4423e1fe29fed057d95090cec3ae42f","/static/js/338.4dffaff2.chunk.js.map":"b5ee6f86632eca7401f830cb6b068f34da6ed3f59c6f9eb45f0707c72901d256","/static/js/233.1690ba19.chunk.js":"1ffc32abae04ba3a7422ffc5a5d64304681320cf04247910e367e340a5721e76","/static/js/176.921607d5.chunk.js.map":"ad44c747ee695ae4d1a92cc48e45e392e1984108ce5801f024a4942feefac06b","/static/js/176.921607d5.chunk.js":"8ce22af4e5cc1112cc699b064d3afe9831f08301d207707b28b866facd8decd3","/static/js/150.51ee49a7.chunk.js.map":"632aa4d6f2bc7a98ce2c6a2a85f357500f2f4c28c198459562e3685f466064a8","/static/js/150.51ee49a7.chunk.js.LICENSE.txt":"15e2d48aa7cb934f45a93392e9882770f25beb22f98ac210b1eb942ff30a4917","/static/js/269.05944dcc.chunk.js.map":"5c40435c6e89cc65ded04ca2479103207f58db9e62b677c45ac1e46d307c7b62","/static/js/150.51ee49a7.chunk.js":"e1ba92c43a35fb8904db3d78eae1b53c5e02b81718b7a20450d8551056ff98a9","/static/js/125.40b31da6.chunk.js":"f6c5ab37adafcf301adde38845de1cc288d72eb4f349f3ad4ccfa1bc57d801f5","/static/js/111.b2b96088.chunk.js.LICENSE.txt":"15e2d48aa7cb934f45a93392e9882770f25beb22f98ac210b1eb942ff30a4917","/static/js/125.40b31da6.chunk.js.map":"87bd762252347156b7cabc093e502933cce328e30e9d8850e61ef4bb281a3160","/static/css/996.0abfc4c7.chunk.css.map":"7df8ac8b935c3e83222da672129ff3d18187bab04e36fff37d33e23137b20d1d","/static/css/996.0abfc4c7.chunk.css":"61a535217995f6e3058e430b0ec92f12d34bc273144a788ed21f64d061a32f3b","/static/css/943.48d1088b.chunk.css.map":"42df84968151b5655bbab7b7cf2d021be436f3bb6b16f87d9a50c73e10d72860","/static/css/943.48d1088b.chunk.css":"c86341e6a1529bae35e07bc831d79deb97e59716016509920b013c555335fa8d","/static/css/807.b41774b7.chunk.css":"aa6eb10312eb8d448e90970c9847948665dba57822c888ade78f04a858eef280","/static/css/807.b41774b7.chunk.css.map":"c7bbdbef98a2e4a994c9ea5ad07a32b0f6680f6f4c833cb670a6f695a48b8e8a","/static/css/736.28ba2c84.chunk.css":"23f616354b50d20babf3647be146ad4c2ee92a0a4082b95addbe7a09ccd779aa","/static/css/688.30ef763c.chunk.css.map":"d42cc03fe01d12f302ca3329a7e8b9ed6f60d33fe1cf99bc5cedd3c442369af5","/static/css/688.30ef763c.chunk.css":"cb05c1668fb6ff27b5ab7ac4a4791c19a5a74bd2b6cd6640bc461ad2d8350f87","/static/css/736.28ba2c84.chunk.css.map":"76fb679ee114d45f023dfc5f0f2361429ba23b741b3d0d67f61fca7c1ae3ba7d","/static/css/590.56fce157.chunk.css":"7676083a483b4a8b7c0d9ed55b52daec5c2bbe897b6c908a538706891176caa0","/static/css/590.56fce157.chunk.css.map":"1e6b6f93df1c03c289117833cc86283f8109478eda37e0269e90ed8ce573e621","/static/css/685.2e672648.chunk.css":"b3d841ee1c7fc4411398566dff84901bf43ace942b86046157d562ff7a269415","/static/css/564.cb854582.chunk.css.map":"60ded699ec67863b8b6b8c0fed2b4fd86ecf39599e42fd68bbb7c9a581e58c86","/static/css/564.cb854582.chunk.css":"d0316b2939f987291fa08c8f8193e0751809595fecf879be43de86953d144027","/static/css/338.44779294.chunk.css.map":"40e7ce3af3686e49edcba9624eeb3efdfb871a36380b536f5916d04c280eb0a8","/static/css/685.2e672648.chunk.css.map":"e0e3934d644ff120649c4a93efcaa64792f257f9620a109ccdfb96c55ac87635","/static/css/338.44779294.chunk.css":"571552f44d0b1d5044e56175cb439f180d1863aea719697f8cee114ac775ad60","/static/js/263.1c93bf92.chunk.js.map":"7b9b0eb9fd2b9dbf7293ce33bf533c283247da7a70744bd145c302d7901917d2","/static/css/main.45ab513d.css.map":"fb147f747af8b2fb188ee99d7328293043b0a2e795a8ac0d69a7f6536878e0a3","/static/css/333.8acaa905.chunk.css":"0df91d8cf13fdb6c79be5c0e8f8f9dfe7badccfdad72600c0ae33d7f8a9d34d5","/static/css/333.8acaa905.chunk.css.map":"d9166296d53c86e125a4087695589b268d13ca2a6f86a3310e1f1a07d36e054b","/static/css/296.28eb687f.chunk.css.map":"916309e9b2d757092eeb271ae9177740c8b8b15395b98c8c4b1b0e301f47543b","/static/js/111.b2b96088.chunk.js":"9b194a3112ba58bd0fbd2ee43945a5e5d67b3fc36873b5af3a9dff5d9dbe87b0","/static/css/296.28eb687f.chunk.css":"ca8acb34c71be13f0fffa9c46917c393d013241e7930e545b449f826d463bf91","/static/css/288.6f2d9f40.chunk.css":"db51a1d5246cc0bef62483781db0be1dcb489d50556288e2e0bedd4aeb0a90a0","/static/css/269.76bad261.chunk.css.map":"b921982c9a5d599d58ff63d68e5223206251a71fe046258c3acf09913a120567","/static/css/288.6f2d9f40.chunk.css.map":"541b9d46f94bb36d00691395e1a344712b013ddfff12b0d696cff4a0c08d5715","/static/css/269.76bad261.chunk.css":"4dc4f158aeb3538928157e8edd6a7dcf21222eac7670a002088f439da691298a","/static/css/main.45ab513d.css":"1299e8d374ca5b4834ddbde8a39351b20854d7457bc291e0a7c7dc6651cb9eaf","/static/css/265.e8b3f508.chunk.css.map":"68194589a678163c42cbf597f86e18754502489a3196b94a25b3d40a5426be40","/static/css/265.e8b3f508.chunk.css":"38309be7a909d0a52993dcf275c9cd8c9f3c4e6c57885414b2f1fe15b2a25f0d","/static/css/130.392a2e2d.chunk.css":"59fa56e1e977bf04953b60ee51dca942e3d4daa4f52ada88ad7964f465677df0","/static/css/130.392a2e2d.chunk.css.map":"badac6b25807f9889883c3ec90dedd3544634f6deb6b9c2866a19677c12929e4","/static/css/127.5025c5e8.chunk.css":"c18485914c2d084292d8ce20f091dbcde78c37398030b9dfd2fa46f8daceb0b4","/static/css/125.ffd2608f.chunk.css.map":"80350cbe09289026feffd177f1c2a6e8151efeaa6d494afdcc927975fc78328d","/static/css/125.ffd2608f.chunk.css":"5d5a8145595e927dd9f40a11e9893f7e4d7fa9891e47954c5a4f9c8f3abfc1d7","/hero-5/unnamed.jpg":"d0d5f07f3c7d421eb939d435e0d69c82352541204b0d7fc6fb9718404767fccd","/hero-5/apple-pay-logo-coopbank.webp":"2307d345345dcd54aef47e5eb63a1296f3c913d842bdbc663601546be8cc6428","/hero-5/Visa_Grey.avif":"c08fef8c80a87eca21fef3b2260d835ed8085303e2ab5132f64090ead128b8d7","/hero-5/Mastercard_2019_logo.svg":"383ef9f8a933f72f1a5fc35b7ab4a2f18ae974156d78794038b32fb6afdbebd4","/static/css/127.5025c5e8.chunk.css.map":"ffeb2055675c65ae614ea7075a1ad8f5255902e7436ef949b453e50c1f0804eb","/static/js/288.697f6044.chunk.js.map":"2c21db30dd4809c301b2d18279bba286dfeedc0e9a1ee24598db20dc239d27a6","/static/js/553.4c9df158.chunk.js.map":"c83fdb95faae53ebef419914ee9e2040dd46379fec872adef14c7c37a563c260","/hero-5/unnamed.webp":"053d2c1e8ff29c8f5f3c630136e4e1776a8c2231334a4b79912c25168e65031e","/hero-5/selma-logo-final.jpg":"1b9989229fde27bce3f5dcfabfeb08f0f15657b56812e1c8d7ea2ef3fb5639b3","/hero-5/physio-picture.jpg":"2d1249adc33d7929226cca9173fe87ac56487edc734806e3f51a246a37be8220","/static/js/847.66d4552a.chunk.js.map":"d96d39b1e79240c775efd8ef00d0164650afae5e8553710946e3ff0fd637f97e","/static/js/111.b2b96088.chunk.js.map":"0f03848bd602093e6f5b87ba03c2c7588cab6fb8e25c8b38596e629871113571","/hero-5/MobilePay-1200x627.jpg":"e6dd51a6112a09aa33e67a27d1a3b6fbac19bdd3c2eeba7113497e80bcc04075","/hero-5/booking-hjemmeside.jpg":"a4de6fcd8b833421127bffe75ef3972653659c8e380a275156ce32e27d90fb26","/static/js/890.2ada8c02.chunk.js.map":"dba798692a7038d67fc69576b2cd5c4e5a870de72c325a074f144b16872e7467","/hero-5/insta-profil.jpg":"b4883fc86225c184d1c7936dc16f46dfd55784845a34862e9f1e97ed896964c9","/static/js/99.0341e4d8.chunk.js.map":"1dea4cf2a5b7d167bb3b8e140be7cbca67d61342e8fa00999c74ece546473efc","/hero-4/clinic-overview.png":"fc15885d0428a8a30ba6d317056de0869d40b2b5668dac7a938cef266556d5b0","/static/js/main.8ddb1863.js":"f9bead6fb7ae1273cf028a080ef87bfd9ed913d4cbbd4016e7c628a5e317a06f","/hero-6/screen-3.png":"9a0551e4dd92e4a95ba99826a333237b3c3bb22e9247900418cc4f6e1127e2d0","/hero-4/calendar-week.png":"0343644df56057efa8951e2aae430cc7ae969cf41e7343495f942765ee07cef7","/hero-6/screen-6.png":"781f334972758d31c6e6302874f1b7bb05a19af54fb42a304c75dfabb2ab51e6","/hero-6/screen-1.png":"676f001bddfd837bcb4c29adc8a802ddce3a583c0efd0e2a66db6d8e7a50315f","/hero-6/screen-5.png":"84514542bc84a327691323d2dc95cafe3187ff8ee6e56e5bae94a09877878b6d","/hero-6/screen-4.png":"b0b0ddba66f251afc1a5e9873fb7dffcaf62766838da676d14ed764740ebeb70","/hero-6/screen-2.png":"6608d3035ed5f3ebe891a5822e31ed21d6d24ae9281914e371fed782e746d111","/assets/selmalogo.png":"a9d6a9f8fcb32340c9e0cc23f9a76b0010fe85cdd7ddd81d732aa11e5e66c15d","/hero-2/pexels-yankrukov-5793904.jpg":"ee985c25810015e60c1924102c304a7fc965152bd96cbe18883e3d84eb6d37f3","/static/js/main.8ddb1863.js.map":"caad29d3b97e255c484ec92874aa6bc59ad9c4e63599a8036090444cf35f8806"}}
[info] i  hosting: adding files to version [0/160] (0%) 
[debug] [2026-03-05T07:58:27.967Z] <<< [apiv2][status] POST https://firebasehosting.googleapis.com/v1beta1/projects/491793307002/sites/actualbackend-3b454/versions/0a82942d7a6512bc:populateFiles 200
[debug] [2026-03-05T07:58:27.967Z] <<< [apiv2][body] POST https://firebasehosting.googleapis.com/v1beta1/projects/491793307002/sites/actualbackend-3b454/versions/0a82942d7a6512bc:populateFiles {"uploadRequiredHashes":["cacf29adf018a64c087324b13aa2ebeccd4490c2c5adf9f32e5f51804d1b0556","f9bead6fb7ae1273cf028a080ef87bfd9ed913d4cbbd4016e7c628a5e317a06f","d96d39b1e79240c775efd8ef00d0164650afae5e8553710946e3ff0fd637f97e","b99f5431ac7850f575df5ec3013918aaf39867d99fb548cc07e5a953741b6db1","caad29d3b97e255c484ec92874aa6bc59ad9c4e63599a8036090444cf35f8806","1a6567aaa8414b2d06a395b6dce9c895c3ec6b5182a568bd505982530d149995"],"uploadUrl":"https://upload-firebasehosting.googleapis.com/upload/sites/actualbackend-3b454/versions/0a82942d7a6512bc/files"}
[debug] [2026-03-05T07:58:27.968Z] Checked if tokens are valid: true, expires at: 1772701100938
[debug] [2026-03-05T07:58:27.968Z] Checked if tokens are valid: true, expires at: 1772701100938
[debug] [2026-03-05T07:58:27.968Z] Checked if tokens are valid: true, expires at: 1772701100938
[debug] [2026-03-05T07:58:27.969Z] Checked if tokens are valid: true, expires at: 1772701100938
[debug] [2026-03-05T07:58:27.969Z] Checked if tokens are valid: true, expires at: 1772701100938
[debug] [2026-03-05T07:58:27.969Z] Checked if tokens are valid: true, expires at: 1772701100938
[debug] [2026-03-05T07:58:27.969Z] Checked if tokens are valid: true, expires at: 1772701100938
[debug] [2026-03-05T07:58:27.969Z] Checked if tokens are valid: true, expires at: 1772701100938
[debug] [2026-03-05T07:58:27.970Z] Checked if tokens are valid: true, expires at: 1772701100938
[debug] [2026-03-05T07:58:27.970Z] Checked if tokens are valid: true, expires at: 1772701100938
[debug] [2026-03-05T07:58:27.970Z] Checked if tokens are valid: true, expires at: 1772701100938
[debug] [2026-03-05T07:58:27.970Z] Checked if tokens are valid: true, expires at: 1772701100938
[debug] [2026-03-05T07:58:27.970Z] >>> [apiv2][query] POST https://upload-firebasehosting.googleapis.com/upload/sites/actualbackend-3b454/versions/0a82942d7a6512bc/files/cacf29adf018a64c087324b13aa2ebeccd4490c2c5adf9f32e5f51804d1b0556 [none]
[debug] [2026-03-05T07:58:27.970Z] >>> [apiv2][body] POST https://upload-firebasehosting.googleapis.com/upload/sites/actualbackend-3b454/versions/0a82942d7a6512bc/files/cacf29adf018a64c087324b13aa2ebeccd4490c2c5adf9f32e5f51804d1b0556 [stream]
[debug] [2026-03-05T07:58:27.972Z] >>> [apiv2][query] POST https://upload-firebasehosting.googleapis.com/upload/sites/actualbackend-3b454/versions/0a82942d7a6512bc/files/f9bead6fb7ae1273cf028a080ef87bfd9ed913d4cbbd4016e7c628a5e317a06f [none]
[debug] [2026-03-05T07:58:27.972Z] >>> [apiv2][body] POST https://upload-firebasehosting.googleapis.com/upload/sites/actualbackend-3b454/versions/0a82942d7a6512bc/files/f9bead6fb7ae1273cf028a080ef87bfd9ed913d4cbbd4016e7c628a5e317a06f [stream]
[debug] [2026-03-05T07:58:27.974Z] >>> [apiv2][query] POST https://upload-firebasehosting.googleapis.com/upload/sites/actualbackend-3b454/versions/0a82942d7a6512bc/files/d96d39b1e79240c775efd8ef00d0164650afae5e8553710946e3ff0fd637f97e [none]
[debug] [2026-03-05T07:58:27.974Z] >>> [apiv2][body] POST https://upload-firebasehosting.googleapis.com/upload/sites/actualbackend-3b454/versions/0a82942d7a6512bc/files/d96d39b1e79240c775efd8ef00d0164650afae5e8553710946e3ff0fd637f97e [stream]
[debug] [2026-03-05T07:58:27.975Z] >>> [apiv2][query] POST https://upload-firebasehosting.googleapis.com/upload/sites/actualbackend-3b454/versions/0a82942d7a6512bc/files/b99f5431ac7850f575df5ec3013918aaf39867d99fb548cc07e5a953741b6db1 [none]
[debug] [2026-03-05T07:58:27.975Z] >>> [apiv2][body] POST https://upload-firebasehosting.googleapis.com/upload/sites/actualbackend-3b454/versions/0a82942d7a6512bc/files/b99f5431ac7850f575df5ec3013918aaf39867d99fb548cc07e5a953741b6db1 [stream]
[debug] [2026-03-05T07:58:27.976Z] >>> [apiv2][query] POST https://upload-firebasehosting.googleapis.com/upload/sites/actualbackend-3b454/versions/0a82942d7a6512bc/files/caad29d3b97e255c484ec92874aa6bc59ad9c4e63599a8036090444cf35f8806 [none]
[debug] [2026-03-05T07:58:27.976Z] >>> [apiv2][body] POST https://upload-firebasehosting.googleapis.com/upload/sites/actualbackend-3b454/versions/0a82942d7a6512bc/files/caad29d3b97e255c484ec92874aa6bc59ad9c4e63599a8036090444cf35f8806 [stream]
[debug] [2026-03-05T07:58:27.977Z] >>> [apiv2][query] POST https://upload-firebasehosting.googleapis.com/upload/sites/actualbackend-3b454/versions/0a82942d7a6512bc/files/1a6567aaa8414b2d06a395b6dce9c895c3ec6b5182a568bd505982530d149995 [none]
[debug] [2026-03-05T07:58:27.977Z] >>> [apiv2][body] POST https://upload-firebasehosting.googleapis.com/upload/sites/actualbackend-3b454/versions/0a82942d7a6512bc/files/1a6567aaa8414b2d06a395b6dce9c895c3ec6b5182a568bd505982530d149995 [stream]
[debug] [2026-03-05T07:58:27.978Z] [hosting][populate queue][FINAL] {"max":1605,"min":1605,"avg":1605,"active":0,"complete":1,"success":1,"errored":0,"retried":0,"total":1,"elapsed":1613}
[debug] [2026-03-05T07:58:27.978Z] [hosting] uploads queued: 6
[debug] [2026-03-05T07:58:29.222Z] <<< [apiv2][status] POST https://upload-firebasehosting.googleapis.com/upload/sites/actualbackend-3b454/versions/0a82942d7a6512bc/files/d96d39b1e79240c775efd8ef00d0164650afae5e8553710946e3ff0fd637f97e 200
[debug] [2026-03-05T07:58:29.222Z] <<< [apiv2][body] POST https://upload-firebasehosting.googleapis.com/upload/sites/actualbackend-3b454/versions/0a82942d7a6512bc/files/d96d39b1e79240c775efd8ef00d0164650afae5e8553710946e3ff0fd637f97e [stream]
[debug] [2026-03-05T07:58:29.245Z] <<< [apiv2][status] POST https://upload-firebasehosting.googleapis.com/upload/sites/actualbackend-3b454/versions/0a82942d7a6512bc/files/b99f5431ac7850f575df5ec3013918aaf39867d99fb548cc07e5a953741b6db1 200
[debug] [2026-03-05T07:58:29.246Z] <<< [apiv2][body] POST https://upload-firebasehosting.googleapis.com/upload/sites/actualbackend-3b454/versions/0a82942d7a6512bc/files/b99f5431ac7850f575df5ec3013918aaf39867d99fb548cc07e5a953741b6db1 [stream]
[debug] [2026-03-05T07:58:29.265Z] <<< [apiv2][status] POST https://upload-firebasehosting.googleapis.com/upload/sites/actualbackend-3b454/versions/0a82942d7a6512bc/files/1a6567aaa8414b2d06a395b6dce9c895c3ec6b5182a568bd505982530d149995 200
[debug] [2026-03-05T07:58:29.265Z] <<< [apiv2][body] POST https://upload-firebasehosting.googleapis.com/upload/sites/actualbackend-3b454/versions/0a82942d7a6512bc/files/1a6567aaa8414b2d06a395b6dce9c895c3ec6b5182a568bd505982530d149995 [stream]
[debug] [2026-03-05T07:58:29.267Z] <<< [apiv2][status] POST https://upload-firebasehosting.googleapis.com/upload/sites/actualbackend-3b454/versions/0a82942d7a6512bc/files/f9bead6fb7ae1273cf028a080ef87bfd9ed913d4cbbd4016e7c628a5e317a06f 200
[debug] [2026-03-05T07:58:29.267Z] <<< [apiv2][body] POST https://upload-firebasehosting.googleapis.com/upload/sites/actualbackend-3b454/versions/0a82942d7a6512bc/files/f9bead6fb7ae1273cf028a080ef87bfd9ed913d4cbbd4016e7c628a5e317a06f [stream]
[debug] [2026-03-05T07:58:29.273Z] <<< [apiv2][status] POST https://upload-firebasehosting.googleapis.com/upload/sites/actualbackend-3b454/versions/0a82942d7a6512bc/files/cacf29adf018a64c087324b13aa2ebeccd4490c2c5adf9f32e5f51804d1b0556 200
[debug] [2026-03-05T07:58:29.273Z] <<< [apiv2][body] POST https://upload-firebasehosting.googleapis.com/upload/sites/actualbackend-3b454/versions/0a82942d7a6512bc/files/cacf29adf018a64c087324b13aa2ebeccd4490c2c5adf9f32e5f51804d1b0556 [stream]
[info] i  hosting: uploading new files [5/6] (83%) 
[debug] [2026-03-05T07:58:30.276Z] <<< [apiv2][status] POST https://upload-firebasehosting.googleapis.com/upload/sites/actualbackend-3b454/versions/0a82942d7a6512bc/files/caad29d3b97e255c484ec92874aa6bc59ad9c4e63599a8036090444cf35f8806 200
[debug] [2026-03-05T07:58:30.277Z] <<< [apiv2][body] POST https://upload-firebasehosting.googleapis.com/upload/sites/actualbackend-3b454/versions/0a82942d7a6512bc/files/caad29d3b97e255c484ec92874aa6bc59ad9c4e63599a8036090444cf35f8806 [stream]
[debug] [2026-03-05T07:58:30.277Z] [hosting][upload queue][FINAL] {"max":2307,"min":1253,"avg":1456.1666666666667,"active":0,"complete":6,"success":6,"errored":0,"retried":0,"total":6,"elapsed":2310}
[info] i  hosting: upload complete 
[info] ✔  hosting[actualbackend-3b454]: file upload complete 
[debug] [2026-03-05T07:58:30.278Z] [hosting] deploy completed after 4419ms
[debug] [2026-03-05T07:58:30.279Z] [
  {
    "config": {
      "public": "build",
      "ignore": [
        "firebase.json",
        "**/.*",
        "**/node_modules/**"
      ],
      "rewrites": [
        {
          "source": "/api/corti/**",
          "run": {
            "serviceId": "actualbackend-api",
            "region": "us-central1"
          }
        },
        {
          "source": "/ws/corti/**",
          "run": {
            "serviceId": "actualbackend-api",
            "region": "us-central1"
          }
        },
        {
          "source": "/api/**",
          "run": {
            "serviceId": "actualbackend-api",
            "region": "us-central1"
          }
        },
        {
          "source": "/ws/**",
          "run": {
            "serviceId": "actualbackend-api",
            "region": "us-central1"
          }
        },
        {
          "source": "**",
          "destination": "/index.html"
        }
      ],
      "site": "actualbackend-3b454"
    },
    "version": "projects/491793307002/sites/actualbackend-3b454/versions/0a82942d7a6512bc"
  }
]
[info] i  hosting[actualbackend-3b454]: finalizing version... 
[debug] [2026-03-05T07:58:30.281Z] Checked if tokens are valid: true, expires at: 1772701100938
[debug] [2026-03-05T07:58:30.281Z] Checked if tokens are valid: true, expires at: 1772701100938
[debug] [2026-03-05T07:58:30.281Z] >>> [apiv2][query] GET https://cloudfunctions.googleapis.com/v1/projects/actualbackend-3b454/locations/-/functions [none]
[debug] [2026-03-05T07:58:31.151Z] <<< [apiv2][status] GET https://cloudfunctions.googleapis.com/v1/projects/actualbackend-3b454/locations/-/functions 200
[debug] [2026-03-05T07:58:31.151Z] <<< [apiv2][body] GET https://cloudfunctions.googleapis.com/v1/projects/actualbackend-3b454/locations/-/functions {}
[debug] [2026-03-05T07:58:31.152Z] Checked if tokens are valid: true, expires at: 1772701100938
[debug] [2026-03-05T07:58:31.152Z] Checked if tokens are valid: true, expires at: 1772701100938
[debug] [2026-03-05T07:58:31.155Z] >>> [apiv2][query] GET https://cloudfunctions.googleapis.com/v2/projects/actualbackend-3b454/locations/-/functions filter=environment%3D%22GEN_2%22
[debug] [2026-03-05T07:58:32.420Z] <<< [apiv2][status] GET https://cloudfunctions.googleapis.com/v2/projects/actualbackend-3b454/locations/-/functions 200
[debug] [2026-03-05T07:58:32.421Z] <<< [apiv2][body] GET https://cloudfunctions.googleapis.com/v2/projects/actualbackend-3b454/locations/-/functions {"functions":[{"name":"projects/actualbackend-3b454/locations/us-central1/functions/openai_completion","buildConfig":{"build":"projects/491793307002/locations/us-central1/builds/e52ddbfc-d142-4246-a18a-8c2cc49764cb","runtime":"python312","entryPoint":"openai_completion","source":{"storageSource":{"bucket":"gcf-v2-sources-491793307002-us-central1","object":"openai_completion/function-source.zip","generation":"1772537952441232"}},"environmentVariables":{"GOOGLE_NODE_RUN_SCRIPTS":""},"dockerRepository":"projects/actualbackend-3b454/locations/us-central1/repositories/gcf-artifacts","sourceProvenance":{"resolvedStorageSource":{"bucket":"gcf-v2-sources-491793307002-us-central1","object":"openai_completion/function-source.zip","generation":"1772537952441232"}},"dockerRegistry":"ARTIFACT_REGISTRY","serviceAccount":"projects/actualbackend-3b454/serviceAccounts/491793307002-compute@developer.gserviceaccount.com","automaticUpdatePolicy":{}},"serviceConfig":{"service":"projects/actualbackend-3b454/locations/us-central1/services/openai-completion","timeoutSeconds":60,"environmentVariables":{"BOOKING_CONFIRMATION_EMAIL_ENABLED":"true","BOOKING_CONFIRMATION_FROM_EMAIL":"Selma+ <booking@booking.selmaplus.tech>","BOOKING_CONFIRMATION_REPLY_TO_EMAIL":"","RESEND_API_KEY":"re_DE2YQdzb_NaRV2dczsNZmRCkDc4GYCNMJ","RESEND_API_BASE":"https://api.resend.com","FIREBASE_CONFIG":"{\"projectId\":\"actualbackend-3b454\",\"databaseURL\":\"https://actualbackend-3b454-default-rtdb.europe-west1.firebasedatabase.app\",\"storageBucket\":\"actualbackend-3b454.firebasestorage.app\"}","GCLOUD_PROJECT":"actualbackend-3b454","EVENTARC_CLOUD_EVENT_SOURCE":"projects/actualbackend-3b454/locations/us-central1/services/openai_completion","FUNCTION_TARGET":"openai_completion","LOG_EXECUTION_ID":"true","FUNCTION_SIGNATURE_TYPE":"http"},"maxInstanceCount":10,"ingressSettings":"ALLOW_ALL","uri":"https://openai-completion-cqj5vybxha-uc.a.run.app","serviceAccountEmail":"491793307002-compute@developer.gserviceaccount.com","availableMemory":"256Mi","allTrafficOnLatestRevision":true,"revision":"openai-completion-00013-yac","maxInstanceRequestConcurrency":1,"availableCpu":"0.1666"},"state":"ACTIVE","updateTime":"2026-03-03T11:39:31.929844115Z","labels":{"firebase-functions-hash":"e5b42d5f304284a3d66d45887f56a36e9470ed68","deployment-tool":"cli-firebase","firebase-functions-codebase":"python_functions"},"environment":"GEN_2","url":"https://us-central1-actualbackend-3b454.cloudfunctions.net/openai_completion","createTime":"2025-11-19T16:57:04.241899766Z","satisfiesPzi":true},{"name":"projects/actualbackend-3b454/locations/us-central1/functions/publicGetAvailability","buildConfig":{"build":"projects/491793307002/locations/us-central1/builds/e52ddbfc-d142-4246-a18a-8c2cc49764cb","runtime":"python312","entryPoint":"publicGetAvailability","source":{"storageSource":{"bucket":"gcf-v2-sources-491793307002-us-central1","object":"publicGetAvailability/function-source.zip","generation":"1772537952471214"}},"environmentVariables":{"GOOGLE_NODE_RUN_SCRIPTS":""},"dockerRepository":"projects/actualbackend-3b454/locations/us-central1/repositories/gcf-artifacts","sourceProvenance":{"resolvedStorageSource":{"bucket":"gcf-v2-sources-491793307002-us-central1","object":"publicGetAvailability/function-source.zip","generation":"1772537952471214"}},"dockerRegistry":"ARTIFACT_REGISTRY","serviceAccount":"projects/actualbackend-3b454/serviceAccounts/491793307002-compute@developer.gserviceaccount.com","automaticUpdatePolicy":{}},"serviceConfig":{"service":"projects/actualbackend-3b454/locations/us-central1/services/publicgetavailability","timeoutSeconds":60,"environmentVariables":{"BOOKING_CONFIRMATION_EMAIL_ENABLED":"true","BOOKING_CONFIRMATION_FROM_EMAIL":"Selma+ <booking@booking.selmaplus.tech>","BOOKING_CONFIRMATION_REPLY_TO_EMAIL":"","RESEND_API_KEY":"re_DE2YQdzb_NaRV2dczsNZmRCkDc4GYCNMJ","RESEND_API_BASE":"https://api.resend.com","FIREBASE_CONFIG":"{\"projectId\":\"actualbackend-3b454\",\"databaseURL\":\"https://actualbackend-3b454-default-rtdb.europe-west1.firebasedatabase.app\",\"storageBucket\":\"actualbackend-3b454.firebasestorage.app\"}","GCLOUD_PROJECT":"actualbackend-3b454","EVENTARC_CLOUD_EVENT_SOURCE":"projects/actualbackend-3b454/locations/us-central1/services/publicGetAvailability","FUNCTION_TARGET":"publicGetAvailability","LOG_EXECUTION_ID":"true","FUNCTION_SIGNATURE_TYPE":"http"},"maxInstanceCount":10,"ingressSettings":"ALLOW_ALL","uri":"https://publicgetavailability-cqj5vybxha-uc.a.run.app","serviceAccountEmail":"491793307002-compute@developer.gserviceaccount.com","availableMemory":"256Mi","allTrafficOnLatestRevision":true,"revision":"publicgetavailability-00014-roj","maxInstanceRequestConcurrency":1,"availableCpu":"0.1666"},"state":"ACTIVE","updateTime":"2026-03-03T11:39:31.704411340Z","labels":{"deployment-tool":"cli-firebase","firebase-functions-codebase":"python_functions","firebase-functions-hash":"e5b42d5f304284a3d66d45887f56a36e9470ed68"},"environment":"GEN_2","url":"https://us-central1-actualbackend-3b454.cloudfunctions.net/publicGetAvailability","createTime":"2025-12-28T14:58:27.013272596Z","satisfiesPzi":true},{"name":"projects/actualbackend-3b454/locations/us-central1/functions/getClinicStaffPublic","buildConfig":{"build":"projects/491793307002/locations/us-central1/builds/e52ddbfc-d142-4246-a18a-8c2cc49764cb","runtime":"python312","entryPoint":"getClinicStaffPublic","source":{"storageSource":{"bucket":"gcf-v2-sources-491793307002-us-central1","object":"getClinicStaffPublic/function-source.zip","generation":"1772537952439468"}},"environmentVariables":{"GOOGLE_NODE_RUN_SCRIPTS":""},"dockerRepository":"projects/actualbackend-3b454/locations/us-central1/repositories/gcf-artifacts","sourceProvenance":{"resolvedStorageSource":{"bucket":"gcf-v2-sources-491793307002-us-central1","object":"getClinicStaffPublic/function-source.zip","generation":"1772537952439468"}},"dockerRegistry":"ARTIFACT_REGISTRY","serviceAccount":"projects/actualbackend-3b454/serviceAccounts/491793307002-compute@developer.gserviceaccount.com","automaticUpdatePolicy":{}},"serviceConfig":{"service":"projects/actualbackend-3b454/locations/us-central1/services/getclinicstaffpublic","timeoutSeconds":60,"environmentVariables":{"BOOKING_CONFIRMATION_EMAIL_ENABLED":"true","BOOKING_CONFIRMATION_FROM_EMAIL":"Selma+ <booking@booking.selmaplus.tech>","BOOKING_CONFIRMATION_REPLY_TO_EMAIL":"","RESEND_API_KEY":"re_DE2YQdzb_NaRV2dczsNZmRCkDc4GYCNMJ","RESEND_API_BASE":"https://api.resend.com","FIREBASE_CONFIG":"{\"projectId\":\"actualbackend-3b454\",\"databaseURL\":\"https://actualbackend-3b454-default-rtdb.europe-west1.firebasedatabase.app\",\"storageBucket\":\"actualbackend-3b454.firebasestorage.app\"}","GCLOUD_PROJECT":"actualbackend-3b454","EVENTARC_CLOUD_EVENT_SOURCE":"projects/actualbackend-3b454/locations/us-central1/services/getClinicStaffPublic","FUNCTION_TARGET":"getClinicStaffPublic","LOG_EXECUTION_ID":"true","FUNCTION_SIGNATURE_TYPE":"http"},"maxInstanceCount":10,"ingressSettings":"ALLOW_ALL","uri":"https://getclinicstaffpublic-cqj5vybxha-uc.a.run.app","serviceAccountEmail":"491793307002-compute@developer.gserviceaccount.com","availableMemory":"256Mi","allTrafficOnLatestRevision":true,"revision":"getclinicstaffpublic-00013-cat","maxInstanceRequestConcurrency":1,"availableCpu":"0.1666"},"state":"ACTIVE","updateTime":"2026-03-03T11:39:31.554537600Z","labels":{"deployment-tool":"cli-firebase","firebase-functions-codebase":"python_functions","firebase-functions-hash":"e5b42d5f304284a3d66d45887f56a36e9470ed68"},"environment":"GEN_2","url":"https://us-central1-actualbackend-3b454.cloudfunctions.net/getClinicStaffPublic","createTime":"2025-12-28T14:58:26.872122923Z","satisfiesPzi":true},{"name":"projects/actualbackend-3b454/locations/us-central1/functions/transcribe_audio","buildConfig":{"build":"projects/491793307002/locations/us-central1/builds/e52ddbfc-d142-4246-a18a-8c2cc49764cb","runtime":"python312","entryPoint":"transcribe_audio","source":{"storageSource":{"bucket":"gcf-v2-sources-491793307002-us-central1","object":"transcribe_audio/function-source.zip","generation":"1772537952479068"}},"environmentVariables":{"GOOGLE_NODE_RUN_SCRIPTS":""},"dockerRepository":"projects/actualbackend-3b454/locations/us-central1/repositories/gcf-artifacts","sourceProvenance":{"resolvedStorageSource":{"bucket":"gcf-v2-sources-491793307002-us-central1","object":"transcribe_audio/function-source.zip","generation":"1772537952479068"}},"dockerRegistry":"ARTIFACT_REGISTRY","serviceAccount":"projects/actualbackend-3b454/serviceAccounts/491793307002-compute@developer.gserviceaccount.com","automaticUpdatePolicy":{}},"serviceConfig":{"service":"projects/actualbackend-3b454/locations/us-central1/services/transcribe-audio","timeoutSeconds":60,"environmentVariables":{"BOOKING_CONFIRMATION_EMAIL_ENABLED":"true","BOOKING_CONFIRMATION_FROM_EMAIL":"Selma+ <booking@booking.selmaplus.tech>","BOOKING_CONFIRMATION_REPLY_TO_EMAIL":"","RESEND_API_KEY":"re_DE2YQdzb_NaRV2dczsNZmRCkDc4GYCNMJ","RESEND_API_BASE":"https://api.resend.com","FIREBASE_CONFIG":"{\"projectId\":\"actualbackend-3b454\",\"databaseURL\":\"https://actualbackend-3b454-default-rtdb.europe-west1.firebasedatabase.app\",\"storageBucket\":\"actualbackend-3b454.firebasestorage.app\"}","GCLOUD_PROJECT":"actualbackend-3b454","EVENTARC_CLOUD_EVENT_SOURCE":"projects/actualbackend-3b454/locations/us-central1/services/transcribe_audio","FUNCTION_TARGET":"transcribe_audio","LOG_EXECUTION_ID":"true","FUNCTION_SIGNATURE_TYPE":"http"},"maxInstanceCount":10,"ingressSettings":"ALLOW_ALL","uri":"https://transcribe-audio-cqj5vybxha-uc.a.run.app","serviceAccountEmail":"491793307002-compute@developer.gserviceaccount.com","availableMemory":"256Mi","allTrafficOnLatestRevision":true,"revision":"transcribe-audio-00017-guz","maxInstanceRequestConcurrency":1,"availableCpu":"0.1666"},"state":"ACTIVE","updateTime":"2026-03-03T11:39:31.726544919Z","labels":{"firebase-functions-codebase":"python_functions","firebase-functions-hash":"e5b42d5f304284a3d66d45887f56a36e9470ed68","deployment-tool":"cli-firebase"},"environment":"GEN_2","url":"https://us-central1-actualbackend-3b454.cloudfunctions.net/transcribe_audio","createTime":"2025-11-16T22:33:27.153150969Z","satisfiesPzi":true},{"name":"projects/actualbackend-3b454/locations/us-central1/functions/suggest_next_appointment","buildConfig":{"build":"projects/491793307002/locations/us-central1/builds/e52ddbfc-d142-4246-a18a-8c2cc49764cb","runtime":"python312","entryPoint":"suggest_next_appointment","source":{"storageSource":{"bucket":"gcf-v2-sources-491793307002-us-central1","object":"suggest_next_appointment/function-source.zip","generation":"1772537952476419"}},"environmentVariables":{"GOOGLE_NODE_RUN_SCRIPTS":""},"dockerRepository":"projects/actualbackend-3b454/locations/us-central1/repositories/gcf-artifacts","sourceProvenance":{"resolvedStorageSource":{"bucket":"gcf-v2-sources-491793307002-us-central1","object":"suggest_next_appointment/function-source.zip","generation":"1772537952476419"}},"dockerRegistry":"ARTIFACT_REGISTRY","serviceAccount":"projects/actualbackend-3b454/serviceAccounts/491793307002-compute@developer.gserviceaccount.com","automaticUpdatePolicy":{}},"serviceConfig":{"service":"projects/actualbackend-3b454/locations/us-central1/services/suggest-next-appointment","timeoutSeconds":60,"environmentVariables":{"BOOKING_CONFIRMATION_EMAIL_ENABLED":"true","BOOKING_CONFIRMATION_FROM_EMAIL":"Selma+ <booking@booking.selmaplus.tech>","BOOKING_CONFIRMATION_REPLY_TO_EMAIL":"","RESEND_API_KEY":"re_DE2YQdzb_NaRV2dczsNZmRCkDc4GYCNMJ","RESEND_API_BASE":"https://api.resend.com","FIREBASE_CONFIG":"{\"projectId\":\"actualbackend-3b454\",\"databaseURL\":\"https://actualbackend-3b454-default-rtdb.europe-west1.firebasedatabase.app\",\"storageBucket\":\"actualbackend-3b454.firebasestorage.app\"}","GCLOUD_PROJECT":"actualbackend-3b454","EVENTARC_CLOUD_EVENT_SOURCE":"projects/actualbackend-3b454/locations/us-central1/services/suggest_next_appointment","FUNCTION_TARGET":"suggest_next_appointment","LOG_EXECUTION_ID":"true","FUNCTION_SIGNATURE_TYPE":"http"},"maxInstanceCount":10,"ingressSettings":"ALLOW_ALL","uri":"https://suggest-next-appointment-cqj5vybxha-uc.a.run.app","serviceAccountEmail":"491793307002-compute@developer.gserviceaccount.com","availableMemory":"256Mi","allTrafficOnLatestRevision":true,"revision":"suggest-next-appointment-00011-red","maxInstanceRequestConcurrency":1,"availableCpu":"0.1666"},"state":"ACTIVE","updateTime":"2026-03-03T11:39:31.918942285Z","labels":{"firebase-functions-hash":"e5b42d5f304284a3d66d45887f56a36e9470ed68","deployment-tool":"cli-firebase","firebase-functions-codebase":"python_functions"},"environment":"GEN_2","url":"https://us-central1-actualbackend-3b454.cloudfunctions.net/suggest_next_appointment","createTime":"2025-12-18T07:32:31.268175864Z","satisfiesPzi":true},{"name":"projects/actualbackend-3b454/locations/us-central1/functions/summarize_journal","buildConfig":{"build":"projects/491793307002/locations/us-central1/builds/e52ddbfc-d142-4246-a18a-8c2cc49764cb","runtime":"python312","entryPoint":"summarize_journal","source":{"storageSource":{"bucket":"gcf-v2-sources-491793307002-us-central1","object":"summarize_journal/function-source.zip","generation":"1772537952477383"}},"environmentVariables":{"GOOGLE_NODE_RUN_SCRIPTS":""},"dockerRepository":"projects/actualbackend-3b454/locations/us-central1/repositories/gcf-artifacts","sourceProvenance":{"resolvedStorageSource":{"bucket":"gcf-v2-sources-491793307002-us-central1","object":"summarize_journal/function-source.zip","generation":"1772537952477383"}},"dockerRegistry":"ARTIFACT_REGISTRY","serviceAccount":"projects/actualbackend-3b454/serviceAccounts/491793307002-compute@developer.gserviceaccount.com","automaticUpdatePolicy":{}},"serviceConfig":{"service":"projects/actualbackend-3b454/locations/us-central1/services/summarize-journal","timeoutSeconds":60,"environmentVariables":{"BOOKING_CONFIRMATION_EMAIL_ENABLED":"true","BOOKING_CONFIRMATION_FROM_EMAIL":"Selma+ <booking@booking.selmaplus.tech>","BOOKING_CONFIRMATION_REPLY_TO_EMAIL":"","RESEND_API_KEY":"re_DE2YQdzb_NaRV2dczsNZmRCkDc4GYCNMJ","RESEND_API_BASE":"https://api.resend.com","FIREBASE_CONFIG":"{\"projectId\":\"actualbackend-3b454\",\"databaseURL\":\"https://actualbackend-3b454-default-rtdb.europe-west1.firebasedatabase.app\",\"storageBucket\":\"actualbackend-3b454.firebasestorage.app\"}","GCLOUD_PROJECT":"actualbackend-3b454","EVENTARC_CLOUD_EVENT_SOURCE":"projects/actualbackend-3b454/locations/us-central1/services/summarize_journal","FUNCTION_TARGET":"summarize_journal","LOG_EXECUTION_ID":"true","FUNCTION_SIGNATURE_TYPE":"http"},"maxInstanceCount":10,"ingressSettings":"ALLOW_ALL","uri":"https://summarize-journal-cqj5vybxha-uc.a.run.app","serviceAccountEmail":"491793307002-compute@developer.gserviceaccount.com","availableMemory":"256Mi","allTrafficOnLatestRevision":true,"revision":"summarize-journal-00016-voj","maxInstanceRequestConcurrency":1,"availableCpu":"0.1666"},"state":"ACTIVE","updateTime":"2026-03-03T11:39:31.259876133Z","labels":{"firebase-functions-hash":"e5b42d5f304284a3d66d45887f56a36e9470ed68","deployment-tool":"cli-firebase","firebase-functions-codebase":"python_functions"},"environment":"GEN_2","url":"https://us-central1-actualbackend-3b454.cloudfunctions.net/summarize_journal","createTime":"2025-12-17T22:34:56.291579944Z","satisfiesPzi":true},{"name":"projects/actualbackend-3b454/locations/us-central1/functions/createClientFromBooking","buildConfig":{"build":"projects/491793307002/locations/us-central1/builds/e52ddbfc-d142-4246-a18a-8c2cc49764cb","runtime":"python312","entryPoint":"createClientFromBooking","source":{"storageSource":{"bucket":"gcf-v2-sources-491793307002-us-central1","object":"createClientFromBooking/function-source.zip","generation":"1772537952507856"}},"environmentVariables":{"GOOGLE_NODE_RUN_SCRIPTS":""},"dockerRepository":"projects/actualbackend-3b454/locations/us-central1/repositories/gcf-artifacts","sourceProvenance":{"resolvedStorageSource":{"bucket":"gcf-v2-sources-491793307002-us-central1","object":"createClientFromBooking/function-source.zip","generation":"1772537952507856"}},"dockerRegistry":"ARTIFACT_REGISTRY","serviceAccount":"projects/actualbackend-3b454/serviceAccounts/491793307002-compute@developer.gserviceaccount.com","automaticUpdatePolicy":{}},"serviceConfig":{"service":"projects/actualbackend-3b454/locations/us-central1/services/createclientfrombooking","timeoutSeconds":60,"environmentVariables":{"BOOKING_CONFIRMATION_EMAIL_ENABLED":"true","BOOKING_CONFIRMATION_FROM_EMAIL":"Selma+ <booking@booking.selmaplus.tech>","BOOKING_CONFIRMATION_REPLY_TO_EMAIL":"","RESEND_API_KEY":"re_DE2YQdzb_NaRV2dczsNZmRCkDc4GYCNMJ","RESEND_API_BASE":"https://api.resend.com","FIREBASE_CONFIG":"{\"projectId\":\"actualbackend-3b454\",\"databaseURL\":\"https://actualbackend-3b454-default-rtdb.europe-west1.firebasedatabase.app\",\"storageBucket\":\"actualbackend-3b454.firebasestorage.app\"}","GCLOUD_PROJECT":"actualbackend-3b454","EVENTARC_CLOUD_EVENT_SOURCE":"projects/actualbackend-3b454/locations/us-central1/services/createClientFromBooking","FUNCTION_TARGET":"createClientFromBooking","LOG_EXECUTION_ID":"true","FUNCTION_SIGNATURE_TYPE":"http"},"maxInstanceCount":10,"ingressSettings":"ALLOW_ALL","uri":"https://createclientfrombooking-cqj5vybxha-uc.a.run.app","serviceAccountEmail":"491793307002-compute@developer.gserviceaccount.com","availableMemory":"256Mi","allTrafficOnLatestRevision":true,"revision":"createclientfrombooking-00006-hep","maxInstanceRequestConcurrency":1,"availableCpu":"0.1666"},"state":"ACTIVE","updateTime":"2026-03-03T11:39:31.735155292Z","labels":{"firebase-functions-hash":"e5b42d5f304284a3d66d45887f56a36e9470ed68","deployment-tool":"cli-firebase","firebase-functions-codebase":"python_functions"},"environment":"GEN_2","url":"https://us-central1-actualbackend-3b454.cloudfunctions.net/createClientFromBooking","createTime":"2026-02-02T20:10:09.269992739Z","satisfiesPzi":true},{"name":"projects/actualbackend-3b454/locations/us-central1/functions/publicGetServices","buildConfig":{"build":"projects/491793307002/locations/us-central1/builds/e52ddbfc-d142-4246-a18a-8c2cc49764cb","runtime":"python312","entryPoint":"publicGetServices","source":{"storageSource":{"bucket":"gcf-v2-sources-491793307002-us-central1","object":"publicGetServices/function-source.zip","generation":"1772537952467118"}},"environmentVariables":{"GOOGLE_NODE_RUN_SCRIPTS":""},"dockerRepository":"projects/actualbackend-3b454/locations/us-central1/repositories/gcf-artifacts","sourceProvenance":{"resolvedStorageSource":{"bucket":"gcf-v2-sources-491793307002-us-central1","object":"publicGetServices/function-source.zip","generation":"1772537952467118"}},"dockerRegistry":"ARTIFACT_REGISTRY","serviceAccount":"projects/actualbackend-3b454/serviceAccounts/491793307002-compute@developer.gserviceaccount.com","automaticUpdatePolicy":{}},"serviceConfig":{"service":"projects/actualbackend-3b454/locations/us-central1/services/publicgetservices","timeoutSeconds":60,"environmentVariables":{"BOOKING_CONFIRMATION_EMAIL_ENABLED":"true","BOOKING_CONFIRMATION_FROM_EMAIL":"Selma+ <booking@booking.selmaplus.tech>","BOOKING_CONFIRMATION_REPLY_TO_EMAIL":"","RESEND_API_KEY":"re_DE2YQdzb_NaRV2dczsNZmRCkDc4GYCNMJ","RESEND_API_BASE":"https://api.resend.com","FIREBASE_CONFIG":"{\"projectId\":\"actualbackend-3b454\",\"databaseURL\":\"https://actualbackend-3b454-default-rtdb.europe-west1.firebasedatabase.app\",\"storageBucket\":\"actualbackend-3b454.firebasestorage.app\"}","GCLOUD_PROJECT":"actualbackend-3b454","EVENTARC_CLOUD_EVENT_SOURCE":"projects/actualbackend-3b454/locations/us-central1/services/publicGetServices","FUNCTION_TARGET":"publicGetServices","LOG_EXECUTION_ID":"true","FUNCTION_SIGNATURE_TYPE":"http"},"maxInstanceCount":10,"ingressSettings":"ALLOW_ALL","uri":"https://publicgetservices-cqj5vybxha-uc.a.run.app","serviceAccountEmail":"491793307002-compute@developer.gserviceaccount.com","availableMemory":"256Mi","allTrafficOnLatestRevision":true,"revision":"publicgetservices-00007-fad","maxInstanceRequestConcurrency":1,"availableCpu":"0.1666"},"state":"ACTIVE","updateTime":"2026-03-03T11:39:32.465471584Z","labels":{"firebase-functions-codebase":"python_functions","firebase-functions-hash":"e5b42d5f304284a3d66d45887f56a36e9470ed68","deployment-tool":"cli-firebase"},"environment":"GEN_2","url":"https://us-central1-actualbackend-3b454.cloudfunctions.net/publicGetServices","createTime":"2026-01-06T10:42:29.624371763Z","satisfiesPzi":true},{"name":"projects/actualbackend-3b454/locations/us-central1/functions/getClinicServicesPublic","buildConfig":{"build":"projects/491793307002/locations/us-central1/builds/e52ddbfc-d142-4246-a18a-8c2cc49764cb","runtime":"python312","entryPoint":"getClinicServicesPublic","source":{"storageSource":{"bucket":"gcf-v2-sources-491793307002-us-central1","object":"getClinicServicesPublic/function-source.zip","generation":"1772537952441649"}},"environmentVariables":{"GOOGLE_NODE_RUN_SCRIPTS":""},"dockerRepository":"projects/actualbackend-3b454/locations/us-central1/repositories/gcf-artifacts","sourceProvenance":{"resolvedStorageSource":{"bucket":"gcf-v2-sources-491793307002-us-central1","object":"getClinicServicesPublic/function-source.zip","generation":"1772537952441649"}},"dockerRegistry":"ARTIFACT_REGISTRY","serviceAccount":"projects/actualbackend-3b454/serviceAccounts/491793307002-compute@developer.gserviceaccount.com","automaticUpdatePolicy":{}},"serviceConfig":{"service":"projects/actualbackend-3b454/locations/us-central1/services/getclinicservicespublic","timeoutSeconds":60,"environmentVariables":{"BOOKING_CONFIRMATION_EMAIL_ENABLED":"true","BOOKING_CONFIRMATION_FROM_EMAIL":"Selma+ <booking@booking.selmaplus.tech>","BOOKING_CONFIRMATION_REPLY_TO_EMAIL":"","RESEND_API_KEY":"re_DE2YQdzb_NaRV2dczsNZmRCkDc4GYCNMJ","RESEND_API_BASE":"https://api.resend.com","FIREBASE_CONFIG":"{\"projectId\":\"actualbackend-3b454\",\"databaseURL\":\"https://actualbackend-3b454-default-rtdb.europe-west1.firebasedatabase.app\",\"storageBucket\":\"actualbackend-3b454.firebasestorage.app\"}","GCLOUD_PROJECT":"actualbackend-3b454","EVENTARC_CLOUD_EVENT_SOURCE":"projects/actualbackend-3b454/locations/us-central1/services/getClinicServicesPublic","FUNCTION_TARGET":"getClinicServicesPublic","LOG_EXECUTION_ID":"true","FUNCTION_SIGNATURE_TYPE":"http"},"maxInstanceCount":10,"ingressSettings":"ALLOW_ALL","uri":"https://getclinicservicespublic-cqj5vybxha-uc.a.run.app","serviceAccountEmail":"491793307002-compute@developer.gserviceaccount.com","availableMemory":"256Mi","allTrafficOnLatestRevision":true,"revision":"getclinicservicespublic-00007-hoc","maxInstanceRequestConcurrency":1,"availableCpu":"0.1666"},"state":"ACTIVE","updateTime":"2026-03-03T11:39:32.016307282Z","labels":{"deployment-tool":"cli-firebase","firebase-functions-codebase":"python_functions","firebase-functions-hash":"e5b42d5f304284a3d66d45887f56a36e9470ed68"},"environment":"GEN_2","url":"https://us-central1-actualbackend-3b454.cloudfunctions.net/getClinicServicesPublic","createTime":"2026-01-06T10:18:45.404135689Z","satisfiesPzi":true},{"name":"projects/actualbackend-3b454/locations/us-central1/functions/api","buildConfig":{"build":"projects/491793307002/locations/us-central1/builds/e52ddbfc-d142-4246-a18a-8c2cc49764cb","runtime":"python312","entryPoint":"api","source":{"storageSource":{"bucket":"gcf-v2-sources-491793307002-us-central1","object":"api/function-source.zip","generation":"1772537952468489"}},"environmentVariables":{"GOOGLE_NODE_RUN_SCRIPTS":""},"dockerRepository":"projects/actualbackend-3b454/locations/us-central1/repositories/gcf-artifacts","sourceProvenance":{"resolvedStorageSource":{"bucket":"gcf-v2-sources-491793307002-us-central1","object":"api/function-source.zip","generation":"1772537952468489"}},"dockerRegistry":"ARTIFACT_REGISTRY","serviceAccount":"projects/actualbackend-3b454/serviceAccounts/491793307002-compute@developer.gserviceaccount.com","automaticUpdatePolicy":{}},"serviceConfig":{"service":"projects/actualbackend-3b454/locations/us-central1/services/api","timeoutSeconds":60,"environmentVariables":{"BOOKING_CONFIRMATION_EMAIL_ENABLED":"true","BOOKING_CONFIRMATION_FROM_EMAIL":"Selma+ <booking@booking.selmaplus.tech>","BOOKING_CONFIRMATION_REPLY_TO_EMAIL":"","RESEND_API_KEY":"re_DE2YQdzb_NaRV2dczsNZmRCkDc4GYCNMJ","RESEND_API_BASE":"https://api.resend.com","FIREBASE_CONFIG":"{\"projectId\":\"actualbackend-3b454\",\"databaseURL\":\"https://actualbackend-3b454-default-rtdb.europe-west1.firebasedatabase.app\",\"storageBucket\":\"actualbackend-3b454.firebasestorage.app\"}","GCLOUD_PROJECT":"actualbackend-3b454","EVENTARC_CLOUD_EVENT_SOURCE":"projects/actualbackend-3b454/locations/us-central1/services/api","FUNCTION_TARGET":"api","LOG_EXECUTION_ID":"true","FUNCTION_SIGNATURE_TYPE":"http"},"maxInstanceCount":10,"ingressSettings":"ALLOW_ALL","uri":"https://api-cqj5vybxha-uc.a.run.app","serviceAccountEmail":"491793307002-compute@developer.gserviceaccount.com","availableMemory":"256Mi","allTrafficOnLatestRevision":true,"revision":"api-00005-dih","maxInstanceRequestConcurrency":1,"availableCpu":"0.1666"},"state":"ACTIVE","updateTime":"2026-03-03T11:39:31.322990278Z","labels":{"firebase-functions-hash":"e5b42d5f304284a3d66d45887f56a36e9470ed68","deployment-tool":"cli-firebase","firebase-functions-codebase":"python_functions"},"environment":"GEN_2","url":"https://us-central1-actualbackend-3b454.cloudfunctions.net/api","createTime":"2026-02-03T14:15:58.726484825Z","satisfiesPzi":true},{"name":"projects/actualbackend-3b454/locations/us-central1/functions/publicBookAppointment","buildConfig":{"build":"projects/491793307002/locations/us-central1/builds/e52ddbfc-d142-4246-a18a-8c2cc49764cb","runtime":"python312","entryPoint":"publicBookAppointment","source":{"storageSource":{"bucket":"gcf-v2-sources-491793307002-us-central1","object":"publicBookAppointment/function-source.zip","generation":"1772537952467639"}},"environmentVariables":{"GOOGLE_NODE_RUN_SCRIPTS":""},"dockerRepository":"projects/actualbackend-3b454/locations/us-central1/repositories/gcf-artifacts","sourceProvenance":{"resolvedStorageSource":{"bucket":"gcf-v2-sources-491793307002-us-central1","object":"publicBookAppointment/function-source.zip","generation":"1772537952467639"}},"dockerRegistry":"ARTIFACT_REGISTRY","serviceAccount":"projects/actualbackend-3b454/serviceAccounts/491793307002-compute@developer.gserviceaccount.com","automaticUpdatePolicy":{}},"serviceConfig":{"service":"projects/actualbackend-3b454/locations/us-central1/services/publicbookappointment","timeoutSeconds":60,"environmentVariables":{"BOOKING_CONFIRMATION_EMAIL_ENABLED":"true","BOOKING_CONFIRMATION_FROM_EMAIL":"Selma+ <booking@booking.selmaplus.tech>","BOOKING_CONFIRMATION_REPLY_TO_EMAIL":"","RESEND_API_KEY":"re_DE2YQdzb_NaRV2dczsNZmRCkDc4GYCNMJ","RESEND_API_BASE":"https://api.resend.com","FIREBASE_CONFIG":"{\"projectId\":\"actualbackend-3b454\",\"databaseURL\":\"https://actualbackend-3b454-default-rtdb.europe-west1.firebasedatabase.app\",\"storageBucket\":\"actualbackend-3b454.firebasestorage.app\"}","GCLOUD_PROJECT":"actualbackend-3b454","EVENTARC_CLOUD_EVENT_SOURCE":"projects/actualbackend-3b454/locations/us-central1/services/publicBookAppointment","FUNCTION_TARGET":"publicBookAppointment","LOG_EXECUTION_ID":"true","FUNCTION_SIGNATURE_TYPE":"http"},"maxInstanceCount":10,"ingressSettings":"ALLOW_ALL","uri":"https://publicbookappointment-cqj5vybxha-uc.a.run.app","serviceAccountEmail":"491793307002-compute@developer.gserviceaccount.com","availableMemory":"256Mi","allTrafficOnLatestRevision":true,"revision":"publicbookappointment-00015-ham","maxInstanceRequestConcurrency":1,"availableCpu":"0.1666"},"state":"ACTIVE","updateTime":"2026-03-03T11:39:32.248223231Z","labels":{"deployment-tool":"cli-firebase","firebase-functions-codebase":"python_functions","firebase-functions-hash":"e5b42d5f304284a3d66d45887f56a36e9470ed68"},"environment":"GEN_2","url":"https://us-central1-actualbackend-3b454.cloudfunctions.net/publicBookAppointment","createTime":"2025-12-28T14:58:26.888347279Z","satisfiesPzi":true},{"name":"projects/actualbackend-3b454/locations/us-central1/functions/agent_chat","buildConfig":{"build":"projects/491793307002/locations/us-central1/builds/e52ddbfc-d142-4246-a18a-8c2cc49764cb","runtime":"python312","entryPoint":"agent_chat","source":{"storageSource":{"bucket":"gcf-v2-sources-491793307002-us-central1","object":"agent_chat/function-source.zip","generation":"1772537875207042"}},"environmentVariables":{"GOOGLE_NODE_RUN_SCRIPTS":""},"dockerRepository":"projects/actualbackend-3b454/locations/us-central1/repositories/gcf-artifacts","sourceProvenance":{"resolvedStorageSource":{"bucket":"gcf-v2-sources-491793307002-us-central1","object":"agent_chat/function-source.zip","generation":"1772537875207042"}},"dockerRegistry":"ARTIFACT_REGISTRY","serviceAccount":"projects/actualbackend-3b454/serviceAccounts/491793307002-compute@developer.gserviceaccount.com","automaticUpdatePolicy":{}},"serviceConfig":{"service":"projects/actualbackend-3b454/locations/us-central1/services/agent-chat","timeoutSeconds":60,"environmentVariables":{"BOOKING_CONFIRMATION_EMAIL_ENABLED":"true","BOOKING_CONFIRMATION_FROM_EMAIL":"Selma+ <booking@booking.selmaplus.tech>","BOOKING_CONFIRMATION_REPLY_TO_EMAIL":"","RESEND_API_KEY":"re_DE2YQdzb_NaRV2dczsNZmRCkDc4GYCNMJ","RESEND_API_BASE":"https://api.resend.com","FIREBASE_CONFIG":"{\"projectId\":\"actualbackend-3b454\",\"databaseURL\":\"https://actualbackend-3b454-default-rtdb.europe-west1.firebasedatabase.app\",\"storageBucket\":\"actualbackend-3b454.firebasestorage.app\"}","GCLOUD_PROJECT":"actualbackend-3b454","EVENTARC_CLOUD_EVENT_SOURCE":"projects/actualbackend-3b454/locations/us-central1/services/agent_chat","FUNCTION_TARGET":"agent_chat","LOG_EXECUTION_ID":"true"},"maxInstanceCount":10,"ingressSettings":"ALLOW_ALL","uri":"https://agent-chat-cqj5vybxha-uc.a.run.app","serviceAccountEmail":"491793307002-compute@developer.gserviceaccount.com","availableMemory":"256Mi","allTrafficOnLatestRevision":true,"revision":"agent-chat-00012-don","maxInstanceRequestConcurrency":1,"availableCpu":"0.1666"},"state":"ACTIVE","updateTime":"2026-03-03T11:39:10.390821679Z","labels":{"deployment-tool":"cli-firebase","firebase-functions-codebase":"python_functions","firebase-functions-hash":"e5b42d5f304284a3d66d45887f56a36e9470ed68"},"environment":"GEN_2","url":"https://us-central1-actualbackend-3b454.cloudfunctions.net/agent_chat","createTime":"2025-12-18T10:07:58.450241518Z","satisfiesPzi":true}]}
[debug] [2026-03-05T07:58:32.425Z] Checked if tokens are valid: true, expires at: 1772701100938
[debug] [2026-03-05T07:58:32.425Z] Checked if tokens are valid: true, expires at: 1772701100938
[debug] [2026-03-05T07:58:32.425Z] >>> [apiv2][query] PATCH https://firebasehosting.googleapis.com/v1beta1/projects/-/sites/actualbackend-3b454/versions/0a82942d7a6512bc updateMask=status%2Cconfig
[debug] [2026-03-05T07:58:32.425Z] >>> [apiv2][body] PATCH https://firebasehosting.googleapis.com/v1beta1/projects/-/sites/actualbackend-3b454/versions/0a82942d7a6512bc {"status":"FINALIZED","config":{"rewrites":[{"glob":"/api/corti/**","run":{"serviceId":"actualbackend-api","region":"us-central1"}},{"glob":"/ws/corti/**","run":{"serviceId":"actualbackend-api","region":"us-central1"}},{"glob":"/api/**","run":{"serviceId":"actualbackend-api","region":"us-central1"}},{"glob":"/ws/**","run":{"serviceId":"actualbackend-api","region":"us-central1"}},{"glob":"**","path":"/index.html"}]}}
[debug] [2026-03-05T07:58:34.805Z] <<< [apiv2][status] PATCH https://firebasehosting.googleapis.com/v1beta1/projects/-/sites/actualbackend-3b454/versions/0a82942d7a6512bc 200
[debug] [2026-03-05T07:58:34.805Z] <<< [apiv2][body] PATCH https://firebasehosting.googleapis.com/v1beta1/projects/-/sites/actualbackend-3b454/versions/0a82942d7a6512bc {"name":"projects/491793307002/sites/actualbackend-3b454/versions/0a82942d7a6512bc","status":"FINALIZED","config":{"rewrites":[{"glob":"/api/corti/**","run":{"serviceId":"actualbackend-api","region":"us-central1"}},{"glob":"/ws/corti/**","run":{"serviceId":"actualbackend-api","region":"us-central1"}},{"glob":"/api/**","run":{"serviceId":"actualbackend-api","region":"us-central1"}},{"glob":"/ws/**","run":{"serviceId":"actualbackend-api","region":"us-central1"}},{"glob":"**","path":"/index.html"}]},"labels":{"deployment-tool":"cli-firebase"},"createTime":"2026-03-05T07:58:24.428878Z","createUser":{"email":"jona223j@gmail.com"},"finalizeTime":"2026-03-05T07:58:34.629354Z","finalizeUser":{"email":"jona223j@gmail.com"}}
[debug] [2026-03-05T07:58:34.805Z] [hosting] finalized version for actualbackend-3b454:[object Object]
[info] ✔  hosting[actualbackend-3b454]: version finalized 
[info] i  hosting[actualbackend-3b454]: releasing new version... 
[debug] [2026-03-05T07:58:34.806Z] Checked if tokens are valid: true, expires at: 1772701100938
[debug] [2026-03-05T07:58:34.806Z] Checked if tokens are valid: true, expires at: 1772701100938
[debug] [2026-03-05T07:58:34.806Z] >>> [apiv2][query] POST https://firebasehosting.googleapis.com/v1beta1/projects/-/sites/actualbackend-3b454/channels/live/releases versionName=projects%2F491793307002%2Fsites%2Factualbackend-3b454%2Fversions%2F0a82942d7a6512bc
[debug] [2026-03-05T07:58:34.807Z] >>> [apiv2][body] POST https://firebasehosting.googleapis.com/v1beta1/projects/-/sites/actualbackend-3b454/channels/live/releases {}
[debug] [2026-03-05T07:58:37.573Z] <<< [apiv2][status] POST https://firebasehosting.googleapis.com/v1beta1/projects/-/sites/actualbackend-3b454/channels/live/releases 200
[debug] [2026-03-05T07:58:37.573Z] <<< [apiv2][body] POST https://firebasehosting.googleapis.com/v1beta1/projects/-/sites/actualbackend-3b454/channels/live/releases {"name":"projects/491793307002/sites/actualbackend-3b454/channels/live/releases/1772697516451000","version":{"name":"projects/491793307002/sites/actualbackend-3b454/versions/0a82942d7a6512bc","status":"FINALIZED","config":{"rewrites":[{"glob":"/api/corti/**","run":{"serviceId":"actualbackend-api","region":"us-central1"}},{"glob":"/ws/corti/**","run":{"serviceId":"actualbackend-api","region":"us-central1"}},{"glob":"/api/**","run":{"serviceId":"actualbackend-api","region":"us-central1"}},{"glob":"/ws/**","run":{"serviceId":"actualbackend-api","region":"us-central1"}},{"glob":"**","path":"/index.html"}]},"labels":{"deployment-tool":"cli-firebase"},"createTime":"2026-03-05T07:58:24.428878Z","createUser":{"email":"jona223j@gmail.com","imageUrl":"https://lh3.googleusercontent.com/a/ACg8ocLXu-GSlMQGsLeSp7YZi3J9YcWy-U4_QU-Cn-bxsJhFS6GQ=mo"},"finalizeTime":"2026-03-05T07:58:34.629354Z","finalizeUser":{"email":"jona223j@gmail.com","imageUrl":"https://lh3.googleusercontent.com/a/ACg8ocLXu-GSlMQGsLeSp7YZi3J9YcWy-U4_QU-Cn-bxsJhFS6GQ=mo"}},"type":"DEPLOY","releaseTime":"2026-03-05T07:58:36.451Z","releaseUser":{"email":"jona223j@gmail.com","imageUrl":"https://lh3.googleusercontent.com/a/ACg8ocLXu-GSlMQGsLeSp7YZi3J9YcWy-U4_QU-Cn-bxsJhFS6GQ=mo"}}
[debug] [2026-03-05T07:58:37.574Z] [hosting] release: {"name":"projects/491793307002/sites/actualbackend-3b454/channels/live/releases/1772697516451000","version":{"name":"projects/491793307002/sites/actualbackend-3b454/versions/0a82942d7a6512bc","status":"FINALIZED","config":{"rewrites":[{"glob":"/api/corti/**","run":{"serviceId":"actualbackend-api","region":"us-central1"}},{"glob":"/ws/corti/**","run":{"serviceId":"actualbackend-api","region":"us-central1"}},{"glob":"/api/**","run":{"serviceId":"actualbackend-api","region":"us-central1"}},{"glob":"/ws/**","run":{"serviceId":"actualbackend-api","region":"us-central1"}},{"glob":"**","path":"/index.html"}]},"labels":{"deployment-tool":"cli-firebase"},"createTime":"2026-03-05T07:58:24.428878Z","createUser":{"email":"jona223j@gmail.com","imageUrl":"https://lh3.googleusercontent.com/a/ACg8ocLXu-GSlMQGsLeSp7YZi3J9YcWy-U4_QU-Cn-bxsJhFS6GQ=mo"},"finalizeTime":"2026-03-05T07:58:34.629354Z","finalizeUser":{"email":"jona223j@gmail.com","imageUrl":"https://lh3.googleusercontent.com/a/ACg8ocLXu-GSlMQGsLeSp7YZi3J9YcWy-U4_QU-Cn-bxsJhFS6GQ=mo"}},"type":"DEPLOY","releaseTime":"2026-03-05T07:58:36.451Z","releaseUser":{"email":"jona223j@gmail.com","imageUrl":"https://lh3.googleusercontent.com/a/ACg8ocLXu-GSlMQGsLeSp7YZi3J9YcWy-U4_QU-Cn-bxsJhFS6GQ=mo"}}
[info] ✔  hosting[actualbackend-3b454]: release complete 
[info] 
[info] ✔  Deploy complete! 
[info] 
[info] Project Console: https://console.firebase.google.com/project/actualbackend-3b454/overview
[info] Hosting URL: https://actualbackend-3b454.web.app
